2026-07-28T04:38:40.716384Z  INFO herdr::api::server: api server listening path=/home/btw/.config/herdr/herdr.sock
2026-07-28T04:38:40.723018Z  INFO herdr::app: using pane scrollback configuration pane_scrollback_limit_bytes=10000000
2026-07-28T04:38:40.778572Z  INFO herdr::logging: checking for updates event="update.check.start" subsystem="update" outcome="started"
2026-07-28T04:38:40.799373Z  INFO herdr::logging: spawning pane terminal event="pane.spawn.start" subsystem="pane" outcome="started" pane_id=1 rows=24 cols=80 scrollback_limit_bytes=10000000
2026-07-28T04:38:40.809087Z  INFO herdr::logging: pane child spawned event="pane.spawned" subsystem="pane" outcome="ok" pane_id=1 pid=10753
2026-07-28T04:38:40.811202Z  INFO herdr::logging: workspace created event="workspace.create" subsystem="workspace" outcome="ok" workspace_id="w1" pane_id=1
2026-07-28T04:38:40.811214Z  INFO herdr::logging: workspace focused event="workspace.focus" subsystem="workspace" outcome="ok" workspace_id="w1"
2026-07-28T04:38:40.811642Z  INFO herdr::logging: tab focused event="tab.focus" subsystem="tab" outcome="ok" workspace_id="w1" tab_id="w1:t1"
2026-07-28T04:38:40.811653Z  INFO herdr::server::headless: created startup workspace cwd=/home/btw
2026-07-28T04:38:40.812110Z  INFO herdr::server::headless: client protocol socket listening path=/home/btw/.config/herdr/herdr-client.sock
2026-07-28T04:38:40.812139Z  INFO herdr::server::headless: herdr server started api_socket=/home/btw/.config/herdr/herdr.sock client_socket=/home/btw/.config/herdr/herdr-client.sock
2026-07-28T04:38:40.814753Z  INFO herdr::logging: herdr starting event="app.startup" subsystem="server" outcome="started" pid=10733
2026-07-28T04:38:40.874094Z  INFO herdr::server::headless: client connected client_id=2 cols=172 rows=46 cell_width_px=0 cell_height_px=0 render_encoding=SemanticFrame
2026-07-28T04:38:45.826540Z  INFO herdr::logging: session saved event="persist.save" subsystem="persist" outcome="ok" path=/home/btw/.config/herdr/session.json workspaces=1
2026-07-28T04:38:53.149461Z  INFO herdr::logging: tab focused event="tab.focus" subsystem="tab" outcome="ok" workspace_id="w1" tab_id="w1:t1"
2026-07-28T04:38:55.933229Z  INFO herdr::logging: spawning pane terminal event="pane.spawn.start" subsystem="pane" outcome="started" pane_id=2 rows=45 cols=146 scrollback_limit_bytes=10000000
2026-07-28T04:38:55.934465Z  INFO herdr::logging: pane child spawned event="pane.spawned" subsystem="pane" outcome="ok" pane_id=2 pid=11134
2026-07-28T04:38:55.934688Z  INFO herdr::logging: tab focused event="tab.focus" subsystem="tab" outcome="ok" workspace_id="w1" tab_id="w1:t1"
2026-07-28T04:38:59.713203Z  INFO herdr::logging: pane child exited event="pane.exit" subsystem="pane" outcome="completed" pane_id=2 status="ExitStatus { code: 0, signal: None }"
2026-07-28T04:38:59.717781Z  INFO herdr::pane: pane session terminated pane=2 pid=11134 signal=Hangup
2026-07-28T04:38:59.717919Z  WARN herdr::app::actions: PaneDied for unknown pane pane=2
2026-07-28T04:39:04.719471Z  INFO herdr::logging: session saved event="persist.save" subsystem="persist" outcome="ok" path=/home/btw/.config/herdr/session.json workspaces=1
2026-07-28T04:45:15.888773Z  INFO herdr::logging: spawning pane terminal event="pane.spawn.start" subsystem="pane" outcome="started" pane_id=3 rows=45 cols=146 scrollback_limit_bytes=10000000
2026-07-28T04:45:15.890004Z  INFO herdr::logging: pane child spawned event="pane.spawned" subsystem="pane" outcome="ok" pane_id=3 pid=13302
2026-07-28T04:45:15.890261Z  INFO herdr::logging: tab focused event="tab.focus" subsystem="tab" outcome="ok" workspace_id="w1" tab_id="w1:t1"
2026-07-28T04:45:18.918788Z  INFO herdr::logging: tab focused event="tab.focus" subsystem="tab" outcome="ok" workspace_id="w1" tab_id="w1:t1"
2026-07-28T04:45:19.265782Z  INFO herdr::logging: tab focused event="tab.focus" subsystem="tab" outcome="ok" workspace_id="w1" tab_id="w1:t1"
2026-07-28T04:45:19.712797Z  INFO herdr::logging: tab focused event="tab.focus" subsystem="tab" outcome="ok" workspace_id="w1" tab_id="w1:t1"
2026-07-28T04:45:19.824338Z  INFO herdr::logging: tab focused event="tab.focus" subsystem="tab" outcome="ok" workspace_id="w1" tab_id="w1:t1"
2026-07-28T04:45:19.868218Z  INFO herdr::logging: tab focused event="tab.focus" subsystem="tab" outcome="ok" workspace_id="w1" tab_id="w1:t1"
2026-07-28T04:45:19.936191Z  INFO herdr::logging: tab focused event="tab.focus" subsystem="tab" outcome="ok" workspace_id="w1" tab_id="w1:t1"
2026-07-28T04:45:20.014193Z  INFO herdr::logging: tab focused event="tab.focus" subsystem="tab" outcome="ok" workspace_id="w1" tab_id="w1:t1"
2026-07-28T04:45:20.115292Z  INFO herdr::logging: tab focused event="tab.focus" subsystem="tab" outcome="ok" workspace_id="w1" tab_id="w1:t1"
2026-07-28T04:45:20.204259Z  INFO herdr::logging: tab focused event="tab.focus" subsystem="tab" outcome="ok" workspace_id="w1" tab_id="w1:t1"
2026-07-28T04:45:20.529248Z  INFO herdr::logging: tab focused event="tab.focus" subsystem="tab" outcome="ok" workspace_id="w1" tab_id="w1:t1"
2026-07-28T04:45:20.618871Z  INFO herdr::logging: tab focused event="tab.focus" subsystem="tab" outcome="ok" workspace_id="w1" tab_id="w1:t1"
2026-07-28T04:45:20.719339Z  INFO herdr::logging: tab focused event="tab.focus" subsystem="tab" outcome="ok" workspace_id="w1" tab_id="w1:t1"
2026-07-28T04:45:22.094852Z  INFO herdr::logging: spawning pane terminal event="pane.spawn.start" subsystem="pane" outcome="started" pane_id=4 rows=45 cols=73 scrollback_limit_bytes=10000000
2026-07-28T04:45:22.096189Z  INFO herdr::logging: pane child spawned event="pane.spawned" subsystem="pane" outcome="ok" pane_id=4 pid=13371
2026-07-28T04:45:22.096439Z  INFO herdr::logging: tab focused event="tab.focus" subsystem="tab" outcome="ok" workspace_id="w1" tab_id="w1:t1"
2026-07-28T04:45:23.390832Z  INFO herdr::logging: tab focused event="tab.focus" subsystem="tab" outcome="ok" workspace_id="w1" tab_id="w1:t1"
2026-07-28T04:45:23.648737Z  INFO herdr::logging: tab focused event="tab.focus" subsystem="tab" outcome="ok" workspace_id="w1" tab_id="w1:t1"
2026-07-28T04:45:23.782565Z  INFO herdr::logging: tab focused event="tab.focus" subsystem="tab" outcome="ok" workspace_id="w1" tab_id="w1:t1"
2026-07-28T04:45:23.860789Z  INFO herdr::logging: tab focused event="tab.focus" subsystem="tab" outcome="ok" workspace_id="w1" tab_id="w1:t1"
2026-07-28T04:45:23.961203Z  INFO herdr::logging: tab focused event="tab.focus" subsystem="tab" outcome="ok" workspace_id="w1" tab_id="w1:t1"
2026-07-28T04:45:23.994323Z  INFO herdr::logging: tab focused event="tab.focus" subsystem="tab" outcome="ok" workspace_id="w1" tab_id="w1:t1"
2026-07-28T04:45:24.128494Z  INFO herdr::logging: tab focused event="tab.focus" subsystem="tab" outcome="ok" workspace_id="w1" tab_id="w1:t1"
2026-07-28T04:45:24.341772Z  INFO herdr::logging: tab focused event="tab.focus" subsystem="tab" outcome="ok" workspace_id="w1" tab_id="w1:t1"
2026-07-28T04:45:25.246771Z  INFO herdr::logging: tab focused event="tab.focus" subsystem="tab" outcome="ok" workspace_id="w1" tab_id="w1:t1"
2026-07-28T04:45:25.749716Z  INFO herdr::logging: tab focused event="tab.focus" subsystem="tab" outcome="ok" workspace_id="w1" tab_id="w1:t1"
2026-07-28T04:45:25.883347Z  INFO herdr::logging: tab focused event="tab.focus" subsystem="tab" outcome="ok" workspace_id="w1" tab_id="w1:t1"
2026-07-28T04:45:26.039909Z  INFO herdr::logging: tab focused event="tab.focus" subsystem="tab" outcome="ok" workspace_id="w1" tab_id="w1:t1"
2026-07-28T04:45:26.252368Z  INFO herdr::logging: tab focused event="tab.focus" subsystem="tab" outcome="ok" workspace_id="w1" tab_id="w1:t1"
2026-07-28T04:45:26.654591Z  INFO herdr::logging: tab focused event="tab.focus" subsystem="tab" outcome="ok" workspace_id="w1" tab_id="w1:t1"
2026-07-28T04:45:26.934746Z  INFO herdr::logging: tab focused event="tab.focus" subsystem="tab" outcome="ok" workspace_id="w1" tab_id="w1:t1"
2026-07-28T04:45:27.201548Z  INFO herdr::logging: tab focused event="tab.focus" subsystem="tab" outcome="ok" workspace_id="w1" tab_id="w1:t1"
2026-07-28T04:45:27.380715Z  INFO herdr::logging: tab focused event="tab.focus" subsystem="tab" outcome="ok" workspace_id="w1" tab_id="w1:t1"
2026-07-28T04:45:27.682730Z  INFO herdr::logging: tab focused event="tab.focus" subsystem="tab" outcome="ok" workspace_id="w1" tab_id="w1:t1"
2026-07-28T04:45:27.872700Z  INFO herdr::logging: tab focused event="tab.focus" subsystem="tab" outcome="ok" workspace_id="w1" tab_id="w1:t1"
2026-07-28T04:45:27.984246Z  INFO herdr::logging: tab focused event="tab.focus" subsystem="tab" outcome="ok" workspace_id="w1" tab_id="w1:t1"
2026-07-28T04:45:28.095197Z  INFO herdr::logging: tab focused event="tab.focus" subsystem="tab" outcome="ok" workspace_id="w1" tab_id="w1:t1"
2026-07-28T04:45:28.185199Z  INFO herdr::logging: tab focused event="tab.focus" subsystem="tab" outcome="ok" workspace_id="w1" tab_id="w1:t1"
2026-07-28T04:45:28.297285Z  INFO herdr::logging: tab focused event="tab.focus" subsystem="tab" outcome="ok" workspace_id="w1" tab_id="w1:t1"
2026-07-28T04:45:28.364709Z  INFO herdr::logging: tab focused event="tab.focus" subsystem="tab" outcome="ok" workspace_id="w1" tab_id="w1:t1"
2026-07-28T04:45:28.442118Z  INFO herdr::logging: tab focused event="tab.focus" subsystem="tab" outcome="ok" workspace_id="w1" tab_id="w1:t1"
2026-07-28T04:45:28.520497Z  INFO herdr::logging: tab focused event="tab.focus" subsystem="tab" outcome="ok" workspace_id="w1" tab_id="w1:t1"
2026-07-28T04:45:28.688229Z  INFO herdr::logging: tab focused event="tab.focus" subsystem="tab" outcome="ok" workspace_id="w1" tab_id="w1:t1"
2026-07-28T04:45:28.911200Z  INFO herdr::logging: tab focused event="tab.focus" subsystem="tab" outcome="ok" workspace_id="w1" tab_id="w1:t1"
2026-07-28T04:45:29.135305Z  INFO herdr::logging: tab focused event="tab.focus" subsystem="tab" outcome="ok" workspace_id="w1" tab_id="w1:t1"
2026-07-28T04:45:29.314536Z  INFO herdr::logging: tab focused event="tab.focus" subsystem="tab" outcome="ok" workspace_id="w1" tab_id="w1:t1"
2026-07-28T04:45:29.448303Z  INFO herdr::logging: tab focused event="tab.focus" subsystem="tab" outcome="ok" workspace_id="w1" tab_id="w1:t1"
2026-07-28T04:45:29.649739Z  INFO herdr::logging: tab focused event="tab.focus" subsystem="tab" outcome="ok" workspace_id="w1" tab_id="w1:t1"
2026-07-28T04:45:29.894891Z  INFO herdr::logging: tab focused event="tab.focus" subsystem="tab" outcome="ok" workspace_id="w1" tab_id="w1:t1"
2026-07-28T04:45:30.095706Z  INFO herdr::logging: tab focused event="tab.focus" subsystem="tab" outcome="ok" workspace_id="w1" tab_id="w1:t1"
2026-07-28T04:45:30.252681Z  INFO herdr::logging: tab focused event="tab.focus" subsystem="tab" outcome="ok" workspace_id="w1" tab_id="w1:t1"
2026-07-28T04:45:30.676450Z  INFO herdr::logging: tab focused event="tab.focus" subsystem="tab" outcome="ok" workspace_id="w1" tab_id="w1:t1"
2026-07-28T04:45:30.822696Z  INFO herdr::logging: tab focused event="tab.focus" subsystem="tab" outcome="ok" workspace_id="w1" tab_id="w1:t1"
2026-07-28T04:45:31.000530Z  INFO herdr::logging: tab focused event="tab.focus" subsystem="tab" outcome="ok" workspace_id="w1" tab_id="w1:t1"
2026-07-28T04:45:31.157789Z  INFO herdr::logging: tab focused event="tab.focus" subsystem="tab" outcome="ok" workspace_id="w1" tab_id="w1:t1"
2026-07-28T04:45:32.263939Z  INFO herdr::logging: tab focused event="tab.focus" subsystem="tab" outcome="ok" workspace_id="w1" tab_id="w1:t1"
2026-07-28T04:45:34.690631Z  INFO herdr::logging: pane child exited event="pane.exit" subsystem="pane" outcome="completed" pane_id=4 status="ExitStatus { code: 0, signal: None }"
2026-07-28T04:45:34.695088Z  INFO herdr::pane: pane session terminated pane=4 pid=13371 signal=Hangup
2026-07-28T04:45:34.695238Z  WARN herdr::app::actions: PaneDied for unknown pane pane=4
2026-07-28T04:45:35.796424Z  INFO herdr::logging: pane child exited event="pane.exit" subsystem="pane" outcome="completed" pane_id=3 status="ExitStatus { code: 0, signal: None }"
2026-07-28T04:45:35.800469Z  INFO herdr::pane: pane session terminated pane=3 pid=13302 signal=Hangup
2026-07-28T04:45:35.800658Z  WARN herdr::app::actions: PaneDied for unknown pane pane=3
2026-07-28T04:45:40.802550Z  INFO herdr::logging: session saved event="persist.save" subsystem="persist" outcome="ok" path=/home/btw/.config/herdr/session.json workspaces=1
2026-07-28T04:46:09.058488Z  INFO herdr::logging: spawning pane terminal event="pane.spawn.start" subsystem="pane" outcome="started" pane_id=5 rows=45 cols=146 scrollback_limit_bytes=10000000
2026-07-28T04:46:09.059767Z  INFO herdr::logging: pane child spawned event="pane.spawned" subsystem="pane" outcome="ok" pane_id=5 pid=13633
2026-07-28T04:46:09.060041Z  INFO herdr::logging: tab focused event="tab.focus" subsystem="tab" outcome="ok" workspace_id="w1" tab_id="w1:t2"
2026-07-28T04:46:10.031316Z  INFO herdr::logging: tab focused event="tab.focus" subsystem="tab" outcome="ok" workspace_id="w1" tab_id="w1:t1"
2026-07-28T04:46:10.813470Z  INFO herdr::logging: tab focused event="tab.focus" subsystem="tab" outcome="ok" workspace_id="w1" tab_id="w1:t2"
2026-07-28T04:46:14.535225Z  INFO herdr::logging: tab focused event="tab.focus" subsystem="tab" outcome="ok" workspace_id="w1" tab_id="w1:t1"
2026-07-28T04:46:15.239142Z  INFO herdr::logging: tab focused event="tab.focus" subsystem="tab" outcome="ok" workspace_id="w1" tab_id="w1:t2"
2026-07-28T04:46:15.943364Z  INFO herdr::logging: tab focused event="tab.focus" subsystem="tab" outcome="ok" workspace_id="w1" tab_id="w1:t1"
2026-07-28T04:46:16.837383Z  INFO herdr::logging: tab focused event="tab.focus" subsystem="tab" outcome="ok" workspace_id="w1" tab_id="w1:t2"
2026-07-28T04:46:19.195424Z  INFO herdr::logging: tab focused event="tab.focus" subsystem="tab" outcome="ok" workspace_id="w1" tab_id="w1:t1"
2026-07-28T04:46:19.956385Z  INFO herdr::logging: tab focused event="tab.focus" subsystem="tab" outcome="ok" workspace_id="w1" tab_id="w1:t2"
2026-07-28T04:46:20.592187Z  INFO herdr::logging: tab focused event="tab.focus" subsystem="tab" outcome="ok" workspace_id="w1" tab_id="w1:t1"
2026-07-28T04:46:21.576262Z  INFO herdr::logging: tab focused event="tab.focus" subsystem="tab" outcome="ok" workspace_id="w1" tab_id="w1:t2"
2026-07-28T04:46:22.235356Z  INFO herdr::logging: tab focused event="tab.focus" subsystem="tab" outcome="ok" workspace_id="w1" tab_id="w1:t1"
2026-07-28T04:46:23.979378Z  INFO herdr::logging: tab focused event="tab.focus" subsystem="tab" outcome="ok" workspace_id="w1" tab_id="w1:t2"
2026-07-28T04:46:24.341282Z  INFO herdr::logging: tab focused event="tab.focus" subsystem="tab" outcome="ok" workspace_id="w1" tab_id="w1:t1"
2026-07-28T04:46:26.638491Z  INFO herdr::logging: tab focused event="tab.focus" subsystem="tab" outcome="ok" workspace_id="w1" tab_id="w1:t2"
2026-07-28T04:46:27.264300Z  INFO herdr::logging: pane child exited event="pane.exit" subsystem="pane" outcome="completed" pane_id=5 status="ExitStatus { code: 0, signal: None }"
2026-07-28T04:46:27.268192Z  INFO herdr::pane: pane session terminated pane=5 pid=13633 signal=Hangup
2026-07-28T04:46:27.268360Z  WARN herdr::app::actions: PaneDied for unknown pane pane=5
2026-07-28T04:46:32.269439Z  INFO herdr::logging: session saved event="persist.save" subsystem="persist" outcome="ok" path=/home/btw/.config/herdr/session.json workspaces=1
2026-07-28T04:46:50.574257Z  INFO herdr::logging: tab focused event="tab.focus" subsystem="tab" outcome="ok" workspace_id="w1" tab_id="w1:t1"
2026-07-28T04:46:51.301303Z  INFO herdr::logging: tab focused event="tab.focus" subsystem="tab" outcome="ok" workspace_id="w1" tab_id="w1:t1"
2026-07-28T04:46:56.305445Z  INFO herdr::logging: session saved event="persist.save" subsystem="persist" outcome="ok" path=/home/btw/.config/herdr/session.json workspaces=1
2026-07-28T04:55:28.056071Z  INFO herdr::logging: api request completed event="api.request.complete" subsystem="api" outcome="error" request_id="cli:plugin" method="plugin.link"
2026-07-28T04:55:59.862049Z  INFO herdr::logging: tab focused event="tab.focus" subsystem="tab" outcome="ok" workspace_id="w1" tab_id="w1:t1"
2026-07-28T04:56:01.349050Z  INFO herdr::logging: tab focused event="tab.focus" subsystem="tab" outcome="ok" workspace_id="w1" tab_id="w1:t1"
2026-07-28T04:56:03.025950Z  INFO herdr::logging: tab focused event="tab.focus" subsystem="tab" outcome="ok" workspace_id="w1" tab_id="w1:t1"
2026-07-28T04:56:05.250727Z  INFO herdr::logging: tab focused event="tab.focus" subsystem="tab" outcome="ok" workspace_id="w1" tab_id="w1:t1"
2026-07-28T04:56:10.252012Z  INFO herdr::logging: session saved event="persist.save" subsystem="persist" outcome="ok" path=/home/btw/.config/herdr/session.json workspaces=1
2026-07-28T04:56:25.542829Z  INFO herdr::logging: tab focused event="tab.focus" subsystem="tab" outcome="ok" workspace_id="w1" tab_id="w1:t1"
2026-07-28T04:56:26.113671Z  INFO herdr::logging: tab focused event="tab.focus" subsystem="tab" outcome="ok" workspace_id="w1" tab_id="w1:t1"
2026-07-28T04:56:26.616279Z  INFO herdr::logging: tab focused event="tab.focus" subsystem="tab" outcome="ok" workspace_id="w1" tab_id="w1:t1"
2026-07-28T04:56:26.862908Z  INFO herdr::logging: tab focused event="tab.focus" subsystem="tab" outcome="ok" workspace_id="w1" tab_id="w1:t1"
2026-07-28T04:56:27.075415Z  INFO herdr::logging: tab focused event="tab.focus" subsystem="tab" outcome="ok" workspace_id="w1" tab_id="w1:t1"
2026-07-28T04:56:27.298409Z  INFO herdr::logging: tab focused event="tab.focus" subsystem="tab" outcome="ok" workspace_id="w1" tab_id="w1:t1"
2026-07-28T04:56:27.545371Z  INFO herdr::logging: tab focused event="tab.focus" subsystem="tab" outcome="ok" workspace_id="w1" tab_id="w1:t1"
2026-07-28T04:56:28.417562Z  INFO herdr::logging: tab focused event="tab.focus" subsystem="tab" outcome="ok" workspace_id="w1" tab_id="w1:t1"
2026-07-28T04:56:30.285837Z  INFO herdr::logging: spawning pane terminal event="pane.spawn.start" subsystem="pane" outcome="started" pane_id=6 rows=45 cols=146 scrollback_limit_bytes=10000000
2026-07-28T04:56:30.287319Z  INFO herdr::logging: pane child spawned event="pane.spawned" subsystem="pane" outcome="ok" pane_id=6 pid=16649
2026-07-28T04:56:30.287505Z  INFO herdr::logging: workspace created event="workspace.create" subsystem="workspace" outcome="ok" workspace_id="w2" pane_id=6
2026-07-28T04:56:30.287509Z  INFO herdr::logging: workspace focused event="workspace.focus" subsystem="workspace" outcome="ok" workspace_id="w2"
2026-07-28T04:56:30.287618Z  INFO herdr::logging: tab focused event="tab.focus" subsystem="tab" outcome="ok" workspace_id="w2" tab_id="w2:t1"
2026-07-28T04:56:35.291126Z  INFO herdr::logging: session saved event="persist.save" subsystem="persist" outcome="ok" path=/home/btw/.config/herdr/session.json workspaces=2
2026-07-28T04:56:42.227518Z  INFO herdr::logging: tab focused event="tab.focus" subsystem="tab" outcome="ok" workspace_id="w2" tab_id="w2:t1"
2026-07-28T04:56:43.189265Z  INFO herdr::logging: tab focused event="tab.focus" subsystem="tab" outcome="ok" workspace_id="w2" tab_id="w2:t1"
2026-07-28T04:56:43.446753Z  INFO herdr::logging: tab focused event="tab.focus" subsystem="tab" outcome="ok" workspace_id="w2" tab_id="w2:t1"
2026-07-28T04:56:43.692251Z  INFO herdr::logging: tab focused event="tab.focus" subsystem="tab" outcome="ok" workspace_id="w2" tab_id="w2:t1"
2026-07-28T04:56:43.916733Z  INFO herdr::logging: tab focused event="tab.focus" subsystem="tab" outcome="ok" workspace_id="w2" tab_id="w2:t1"
2026-07-28T04:56:46.588568Z  INFO herdr::logging: workspace focused event="workspace.focus" subsystem="workspace" outcome="ok" workspace_id="w2"
2026-07-28T04:56:46.588716Z  INFO herdr::logging: tab focused event="tab.focus" subsystem="tab" outcome="ok" workspace_id="w2" tab_id="w2:t1"
2026-07-28T04:56:51.590189Z  INFO herdr::logging: session saved event="persist.save" subsystem="persist" outcome="ok" path=/home/btw/.config/herdr/session.json workspaces=2
2026-07-28T04:57:06.770437Z  INFO herdr::logging: workspace focused event="workspace.focus" subsystem="workspace" outcome="ok" workspace_id="w2"
2026-07-28T04:57:06.770570Z  INFO herdr::logging: tab focused event="tab.focus" subsystem="tab" outcome="ok" workspace_id="w2" tab_id="w2:t1"
2026-07-28T04:57:11.772143Z  INFO herdr::logging: session saved event="persist.save" subsystem="persist" outcome="ok" path=/home/btw/.config/herdr/session.json workspaces=2
2026-07-28T04:57:12.965531Z  INFO herdr::logging: workspace focused event="workspace.focus" subsystem="workspace" outcome="ok" workspace_id="w1"
2026-07-28T04:57:12.965650Z  INFO herdr::logging: tab focused event="tab.focus" subsystem="tab" outcome="ok" workspace_id="w1" tab_id="w1:t1"
2026-07-28T04:57:17.967996Z  INFO herdr::logging: session saved event="persist.save" subsystem="persist" outcome="ok" path=/home/btw/.config/herdr/session.json workspaces=2
2026-07-28T04:57:19.518439Z  INFO herdr::logging: workspace focused event="workspace.focus" subsystem="workspace" outcome="ok" workspace_id="w2"
2026-07-28T04:57:19.518570Z  INFO herdr::logging: tab focused event="tab.focus" subsystem="tab" outcome="ok" workspace_id="w2" tab_id="w2:t1"
2026-07-28T04:57:24.520835Z  INFO herdr::logging: session saved event="persist.save" subsystem="persist" outcome="ok" path=/home/btw/.config/herdr/session.json workspaces=2
2026-07-28T04:57:32.742300Z  INFO herdr::logging: workspace focused event="workspace.focus" subsystem="workspace" outcome="ok" workspace_id="w1"
2026-07-28T04:57:32.742437Z  INFO herdr::logging: tab focused event="tab.focus" subsystem="tab" outcome="ok" workspace_id="w1" tab_id="w1:t1"
2026-07-28T04:57:37.744262Z  INFO herdr::logging: session saved event="persist.save" subsystem="persist" outcome="ok" path=/home/btw/.config/herdr/session.json workspaces=2
2026-07-28T04:58:44.734060Z  INFO herdr::server::headless: client disconnected client_id=2
2026-07-28T04:59:08.856443Z  INFO herdr::server::headless: client connected client_id=4 cols=172 rows=46 cell_width_px=0 cell_height_px=0 render_encoding=SemanticFrame
2026-07-28T04:59:13.468651Z  INFO herdr::server::headless: client disconnected client_id=4
2026-07-28T04:59:15.728990Z  INFO herdr::server::headless: client connected client_id=6 cols=172 rows=46 cell_width_px=0 cell_height_px=0 render_encoding=SemanticFrame
2026-07-28T04:59:39.712821Z  INFO herdr::server::headless: client disconnected client_id=6
2026-07-28T04:59:47.755712Z  INFO herdr::server::headless: client connected client_id=8 cols=172 rows=46 cell_width_px=0 cell_height_px=0 render_encoding=SemanticFrame
2026-07-28T05:00:51.929848Z  INFO herdr::logging: spawning pane terminal event="pane.spawn.start" subsystem="pane" outcome="started" pane_id=7 rows=45 cols=146 scrollback_limit_bytes=10000000
2026-07-28T05:00:51.931109Z  INFO herdr::logging: pane child spawned event="pane.spawned" subsystem="pane" outcome="ok" pane_id=7 pid=19154
2026-07-28T05:00:51.931423Z  INFO herdr::logging: tab focused event="tab.focus" subsystem="tab" outcome="ok" workspace_id="w1" tab_id="w1:t3"
2026-07-28T05:00:56.934589Z  INFO herdr::logging: session saved event="persist.save" subsystem="persist" outcome="ok" path=/home/btw/.config/herdr/session.json workspaces=2
2026-07-28T05:01:24.430982Z  INFO herdr::logging: tab focused event="tab.focus" subsystem="tab" outcome="ok" workspace_id="w1" tab_id="w1:t1"
2026-07-28T05:01:29.433326Z  INFO herdr::logging: session saved event="persist.save" subsystem="persist" outcome="ok" path=/home/btw/.config/herdr/session.json workspaces=2
2026-07-28T05:02:08.899694Z  INFO herdr::logging: tab focused event="tab.focus" subsystem="tab" outcome="ok" workspace_id="w1" tab_id="w1:t3"
2026-07-28T05:02:11.996964Z  INFO herdr::logging: pane child exited event="pane.exit" subsystem="pane" outcome="completed" pane_id=7 status="ExitStatus { code: 0, signal: None }"
2026-07-28T05:02:12.001000Z  INFO herdr::pane: pane session terminated pane=7 pid=19154 signal=Hangup
2026-07-28T05:02:12.001374Z  WARN herdr::app::actions: PaneDied for unknown pane pane=7
2026-07-28T05:02:12.727272Z  INFO herdr::server::headless: client disconnected client_id=8
2026-07-28T05:02:17.002769Z  INFO herdr::logging: session saved event="persist.save" subsystem="persist" outcome="ok" path=/home/btw/.config/herdr/session.json workspaces=2
2026-07-28T05:02:41.619432Z  INFO herdr::server::headless: client connected client_id=10 cols=172 rows=46 cell_width_px=0 cell_height_px=0 render_encoding=SemanticFrame
2026-07-28T05:02:43.283333Z  INFO herdr::server::headless: client disconnected client_id=10
2026-07-28T05:02:43.785931Z  INFO herdr::server::headless: client connected client_id=12 cols=172 rows=46 cell_width_px=0 cell_height_px=0 render_encoding=SemanticFrame
2026-07-28T05:03:05.854046Z  INFO herdr::logging: workspace focused event="workspace.focus" subsystem="workspace" outcome="ok" workspace_id="w2"
2026-07-28T05:03:05.854256Z  INFO herdr::logging: tab focused event="tab.focus" subsystem="tab" outcome="ok" workspace_id="w2" tab_id="w2:t1"
2026-07-28T05:03:10.856190Z  INFO herdr::logging: session saved event="persist.save" subsystem="persist" outcome="ok" path=/home/btw/.config/herdr/session.json workspaces=2
2026-07-28T05:04:03.783457Z  INFO herdr::logging: workspace focused event="workspace.focus" subsystem="workspace" outcome="ok" workspace_id="w2"
2026-07-28T05:04:03.783625Z  INFO herdr::logging: tab focused event="tab.focus" subsystem="tab" outcome="ok" workspace_id="w2" tab_id="w2:t1"
2026-07-28T05:04:08.785779Z  INFO herdr::logging: session saved event="persist.save" subsystem="persist" outcome="ok" path=/home/btw/.config/herdr/session.json workspaces=2
2026-07-28T05:04:35.544462Z  INFO herdr::logging: workspace focused event="workspace.focus" subsystem="workspace" outcome="ok" workspace_id="w1"
2026-07-28T05:04:35.544620Z  INFO herdr::logging: tab focused event="tab.focus" subsystem="tab" outcome="ok" workspace_id="w1" tab_id="w1:t1"
2026-07-28T05:04:40.546029Z  INFO herdr::logging: session saved event="persist.save" subsystem="persist" outcome="ok" path=/home/btw/.config/herdr/session.json workspaces=2
2026-07-28T05:05:00.573711Z  WARN herdr::config::keybinds: config diagnostic reserved keybinding: keys.command[0].key = "prefix+ctrl+s" uses keys.prefix as the prefix-mode key; pressing the prefix twice sends a literal prefix key, so this binding is disabled
2026-07-28T05:05:00.573914Z  WARN herdr::config::keybinds: config diagnostic reserved keybinding: keys.command[0].key = "prefix+ctrl+s" uses keys.prefix as the prefix-mode key; pressing the prefix twice sends a literal prefix key, so this binding is disabled
2026-07-28T05:06:02.984471Z  INFO herdr::logging: api request received event="api.request.start" subsystem="api" outcome="started" request_id="cli:plugin" method="plugin.action.invoke" changes_ui=true
2026-07-28T05:06:02.985138Z  INFO herdr::logging: api request completed event="api.request.complete" subsystem="api" outcome="ok" request_id="cli:plugin" method="plugin.action.invoke"
2026-07-28T05:06:06.461749Z  INFO herdr::logging: api request received event="api.request.start" subsystem="api" outcome="started" request_id="cli:plugin" method="plugin.action.invoke" changes_ui=true
2026-07-28T05:06:06.462250Z  INFO herdr::logging: api request completed event="api.request.complete" subsystem="api" outcome="ok" request_id="cli:plugin" method="plugin.action.invoke"
2026-07-28T05:06:22.403922Z  WARN herdr::config::keybinds: config diagnostic reserved keybinding: keys.command[0].key = "prefix+ctrl+s" uses keys.prefix as the prefix-mode key; pressing the prefix twice sends a literal prefix key, so this binding is disabled
2026-07-28T05:06:22.404112Z  WARN herdr::config::keybinds: config diagnostic reserved keybinding: keys.command[0].key = "prefix+ctrl+s" uses keys.prefix as the prefix-mode key; pressing the prefix twice sends a literal prefix key, so this binding is disabled
2026-07-28T05:07:06.178537Z  WARN herdr::config::keybinds: config diagnostic reserved keybinding: keys.command[0].key = "prefix+ctrl+s" uses keys.prefix as the prefix-mode key; pressing the prefix twice sends a literal prefix key, so this binding is disabled
2026-07-28T05:07:06.178734Z  WARN herdr::config::keybinds: config diagnostic reserved keybinding: keys.command[0].key = "prefix+ctrl+s" uses keys.prefix as the prefix-mode key; pressing the prefix twice sends a literal prefix key, so this binding is disabled
2026-07-28T05:08:40.780314Z  INFO herdr::logging: checking for updates event="update.check.start" subsystem="update" outcome="started"
2026-07-28T05:11:13.026927Z  WARN herdr::config::keybinds: config diagnostic reserved keybinding: keys.command[0].key = "prefix+ctrl+s" uses keys.prefix as the prefix-mode key; pressing the prefix twice sends a literal prefix key, so this binding is disabled
2026-07-28T05:11:13.027142Z  WARN herdr::config::keybinds: config diagnostic reserved keybinding: keys.command[0].key = "prefix+ctrl+s" uses keys.prefix as the prefix-mode key; pressing the prefix twice sends a literal prefix key, so this binding is disabled
2026-07-28T05:11:53.522527Z  WARN herdr::config::keybinds: config diagnostic reserved keybinding: keys.command[1].key = "prefix+ctrl+s" uses keys.prefix as the prefix-mode key; pressing the prefix twice sends a literal prefix key, so this binding is disabled
2026-07-28T05:11:53.522741Z  WARN herdr::config::keybinds: config diagnostic reserved keybinding: keys.command[1].key = "prefix+ctrl+s" uses keys.prefix as the prefix-mode key; pressing the prefix twice sends a literal prefix key, so this binding is disabled
2026-07-28T05:13:01.394109Z  INFO herdr::server::headless: server shutdown initiated
2026-07-28T05:13:01.444194Z  INFO herdr::server::headless: completing server shutdown
2026-07-28T05:13:01.494736Z  INFO herdr::logging: session saved event="persist.save" subsystem="persist" outcome="ok" path=/home/btw/.config/herdr/session.json workspaces=2
2026-07-28T05:13:01.494753Z  INFO herdr::server::headless: headless server exiting
2026-07-28T05:13:01.495859Z  INFO herdr::logging: pane child exited event="pane.exit" subsystem="pane" outcome="completed" pane_id=6 status="ExitStatus { code: 0, signal: None }"
2026-07-28T05:13:01.499825Z  INFO herdr::pane: pane session terminated pane=6 pid=16649 signal=Hangup
2026-07-28T05:13:01.501589Z  INFO herdr::logging: pane child exited event="pane.exit" subsystem="pane" outcome="completed" pane_id=1 status="ExitStatus { code: 0, signal: None }"
2026-07-28T05:13:01.504366Z  INFO herdr::pane: pane session terminated pane=1 pid=10753 signal=Hangup
2026-07-28T05:13:01.504980Z  INFO herdr::logging: herdr exiting event="app.shutdown" subsystem="server" outcome="completed" pid=10733
2026-07-28T05:13:03.343410Z  WARN herdr::config::keybinds: config diagnostic reserved keybinding: keys.command[1].key = "prefix+ctrl+s" uses keys.prefix as the prefix-mode key; pressing the prefix twice sends a literal prefix key, so this binding is disabled
2026-07-28T05:13:03.343590Z  INFO herdr::api::server: api server listening path=/home/btw/.config/herdr/herdr.sock
2026-07-28T05:13:03.344228Z  WARN herdr::config::keybinds: config diagnostic reserved keybinding: keys.command[1].key = "prefix+ctrl+s" uses keys.prefix as the prefix-mode key; pressing the prefix twice sends a literal prefix key, so this binding is disabled
2026-07-28T05:13:03.344702Z  INFO herdr::logging: spawning pane terminal event="pane.spawn.start" subsystem="pane" outcome="started" pane_id=1 rows=24 cols=80 scrollback_limit_bytes=10000000
2026-07-28T05:13:03.345437Z  INFO herdr::logging: pane child spawned event="pane.spawned" subsystem="pane" outcome="ok" pane_id=1 pid=24731
2026-07-28T05:13:03.345648Z  INFO herdr::logging: spawning pane terminal event="pane.spawn.start" subsystem="pane" outcome="started" pane_id=2 rows=24 cols=80 scrollback_limit_bytes=10000000
2026-07-28T05:13:03.346320Z  INFO herdr::logging: pane child spawned event="pane.spawned" subsystem="pane" outcome="ok" pane_id=2 pid=24734
2026-07-28T05:13:03.346531Z  INFO herdr::logging: session restore evaluated event="persist.restore" subsystem="persist" outcome="ok" workspaces=2
2026-07-28T05:13:03.346546Z  INFO herdr::app: using pane scrollback configuration pane_scrollback_limit_bytes=10000000
2026-07-28T05:13:03.410855Z  WARN herdr::config::keybinds: config diagnostic reserved keybinding: keys.command[1].key = "prefix+ctrl+s" uses keys.prefix as the prefix-mode key; pressing the prefix twice sends a literal prefix key, so this binding is disabled
2026-07-28T05:13:03.411622Z  INFO herdr::logging: checking for updates event="update.check.start" subsystem="update" outcome="started"
2026-07-28T05:13:03.411800Z  WARN herdr::config::keybinds: config diagnostic reserved keybinding: keys.command[1].key = "prefix+ctrl+s" uses keys.prefix as the prefix-mode key; pressing the prefix twice sends a literal prefix key, so this binding is disabled
2026-07-28T05:13:03.412008Z  WARN herdr::config::keybinds: config diagnostic reserved keybinding: keys.command[1].key = "prefix+ctrl+s" uses keys.prefix as the prefix-mode key; pressing the prefix twice sends a literal prefix key, so this binding is disabled
2026-07-28T05:13:03.414037Z  INFO herdr::server::headless: restored session already has workspaces; ignoring startup cwd cwd=/home/btw
2026-07-28T05:13:03.414122Z  INFO herdr::server::headless: client protocol socket listening path=/home/btw/.config/herdr/herdr-client.sock
2026-07-28T05:13:03.414144Z  INFO herdr::server::headless: herdr server started api_socket=/home/btw/.config/herdr/herdr.sock client_socket=/home/btw/.config/herdr/herdr-client.sock
2026-07-28T05:13:03.414368Z  INFO herdr::logging: herdr starting event="app.startup" subsystem="server" outcome="started" pid=24717
2026-07-28T05:13:03.686473Z  INFO herdr::server::headless: client connected client_id=2 cols=172 rows=46 cell_width_px=0 cell_height_px=0 render_encoding=SemanticFrame
2026-07-28T05:13:32.624867Z  WARN herdr::config::keybinds: config diagnostic prefix+ctrl+r: kept keys.command[0].key, disabled keys.command[1].key
2026-07-28T05:13:32.625048Z  WARN herdr::config::keybinds: config diagnostic prefix+ctrl+r: kept keys.command[0].key, disabled keys.command[1].key
2026-07-28T05:13:49.046541Z  WARN herdr::config::keybinds: config diagnostic reserved keybinding: keys.command[1].key = "prefix+ctrl+s" uses keys.prefix as the prefix-mode key; pressing the prefix twice sends a literal prefix key, so this binding is disabled
2026-07-28T05:13:49.046732Z  WARN herdr::config::keybinds: config diagnostic reserved keybinding: keys.command[1].key = "prefix+ctrl+s" uses keys.prefix as the prefix-mode key; pressing the prefix twice sends a literal prefix key, so this binding is disabled
2026-07-28T05:13:55.421669Z  WARN herdr::config::keybinds: config diagnostic reserved keybinding: keys.command[1].key = "prefix+ctrl+s" uses keys.prefix as the prefix-mode key; pressing the prefix twice sends a literal prefix key, so this binding is disabled
2026-07-28T05:13:55.421866Z  WARN herdr::config::keybinds: config diagnostic reserved keybinding: keys.command[1].key = "prefix+ctrl+s" uses keys.prefix as the prefix-mode key; pressing the prefix twice sends a literal prefix key, so this binding is disabled
2026-07-28T05:14:00.074464Z  WARN herdr::config::keybinds: config diagnostic reserved keybinding: keys.command[1].key = "prefix+ctrl+s" uses keys.prefix as the prefix-mode key; pressing the prefix twice sends a literal prefix key, so this binding is disabled
2026-07-28T05:14:00.074654Z  WARN herdr::config::keybinds: config diagnostic reserved keybinding: keys.command[1].key = "prefix+ctrl+s" uses keys.prefix as the prefix-mode key; pressing the prefix twice sends a literal prefix key, so this binding is disabled
2026-07-28T05:14:35.358219Z  INFO herdr::server::headless: client detach requested via keybind client_id=2
2026-07-28T05:14:35.360357Z  INFO herdr::server::headless: client disconnected client_id=2
2026-07-28T05:14:41.907715Z  INFO herdr::server::headless: client connected client_id=4 cols=85 rows=46 cell_width_px=0 cell_height_px=0 render_encoding=SemanticFrame
2026-07-28T05:14:43.010017Z  INFO herdr::server::headless: client resize client_id=4 cols=172 rows=46 cell_width_px=0 cell_height_px=0
2026-07-28T05:16:00.823283Z  INFO herdr::logging: workspace focused event="workspace.focus" subsystem="workspace" outcome="ok" workspace_id="w2"
2026-07-28T05:16:00.823375Z  INFO herdr::logging: tab focused event="tab.focus" subsystem="tab" outcome="ok" workspace_id="w2" tab_id="w2:t1"
2026-07-28T05:16:05.826106Z  INFO herdr::logging: session saved event="persist.save" subsystem="persist" outcome="ok" path=/home/btw/.config/herdr/session.json workspaces=2
2026-07-28T05:16:07.134365Z  INFO herdr::logging: api request received event="api.request.start" subsystem="api" outcome="started" request_id="cli:workspace:focus" method="workspace.focus" changes_ui=true
2026-07-28T05:16:07.134411Z  INFO herdr::logging: workspace focused event="workspace.focus" subsystem="workspace" outcome="ok" workspace_id="w1"
2026-07-28T05:16:07.134492Z  INFO herdr::logging: tab focused event="tab.focus" subsystem="tab" outcome="ok" workspace_id="w1" tab_id="w1:t1"
2026-07-28T05:16:07.134532Z  INFO herdr::logging: api request completed event="api.request.complete" subsystem="api" outcome="ok" request_id="cli:workspace:focus" method="workspace.focus"
2026-07-28T05:16:12.137118Z  INFO herdr::logging: session saved event="persist.save" subsystem="persist" outcome="ok" path=/home/btw/.config/herdr/session.json workspaces=2
2026-07-28T05:16:12.476520Z  INFO herdr::logging: workspace focused event="workspace.focus" subsystem="workspace" outcome="ok" workspace_id="w2"
2026-07-28T05:16:12.476632Z  INFO herdr::logging: tab focused event="tab.focus" subsystem="tab" outcome="ok" workspace_id="w2" tab_id="w2:t1"
2026-07-28T05:16:17.478635Z  INFO herdr::logging: session saved event="persist.save" subsystem="persist" outcome="ok" path=/home/btw/.config/herdr/session.json workspaces=2
2026-07-28T05:16:22.995340Z  INFO herdr::pane: agent changed pane=2 previous_agent=None agent=Some(OpenCode) process=opencode pgid=Some(26257)
2026-07-28T05:16:25.561985Z  INFO herdr::logging: api request received event="api.request.start" subsystem="api" outcome="started" request_id="cli:workspace:focus" method="workspace.focus" changes_ui=true
2026-07-28T05:16:25.562029Z  INFO herdr::logging: workspace focused event="workspace.focus" subsystem="workspace" outcome="ok" workspace_id="w1"
2026-07-28T05:16:25.562131Z  INFO herdr::logging: tab focused event="tab.focus" subsystem="tab" outcome="ok" workspace_id="w1" tab_id="w1:t1"
2026-07-28T05:16:25.562173Z  INFO herdr::logging: api request completed event="api.request.complete" subsystem="api" outcome="ok" request_id="cli:workspace:focus" method="workspace.focus"
2026-07-28T05:16:30.565109Z  INFO herdr::logging: session saved event="persist.save" subsystem="persist" outcome="ok" path=/home/btw/.config/herdr/session.json workspaces=2
2026-07-28T05:16:36.834269Z  INFO herdr::logging: workspace focused event="workspace.focus" subsystem="workspace" outcome="ok" workspace_id="w2"
2026-07-28T05:16:36.834378Z  INFO herdr::logging: tab focused event="tab.focus" subsystem="tab" outcome="ok" workspace_id="w2" tab_id="w2:t1"
2026-07-28T05:16:41.836562Z  INFO herdr::logging: session saved event="persist.save" subsystem="persist" outcome="ok" path=/home/btw/.config/herdr/session.json workspaces=2
2026-07-28T05:23:19.820006Z  INFO herdr::logging: workspace focused event="workspace.focus" subsystem="workspace" outcome="ok" workspace_id="w2"
2026-07-28T05:23:19.820105Z  INFO herdr::logging: tab focused event="tab.focus" subsystem="tab" outcome="ok" workspace_id="w2" tab_id="w2:t1"
2026-07-28T05:23:21.999936Z  INFO herdr::logging: workspace focused event="workspace.focus" subsystem="workspace" outcome="ok" workspace_id="w2"
2026-07-28T05:23:22.000042Z  INFO herdr::logging: tab focused event="tab.focus" subsystem="tab" outcome="ok" workspace_id="w2" tab_id="w2:t1"
2026-07-28T05:23:27.002052Z  INFO herdr::logging: session saved event="persist.save" subsystem="persist" outcome="ok" path=/home/btw/.config/herdr/session.json workspaces=2
2026-07-28T05:25:09.626200Z  INFO herdr::logging: spawning pane terminal event="pane.spawn.start" subsystem="pane" outcome="started" pane_id=3 rows=45 cols=146 scrollback_limit_bytes=10000000
2026-07-28T05:25:09.627462Z  INFO herdr::logging: pane child spawned event="pane.spawned" subsystem="pane" outcome="ok" pane_id=3 pid=28339
2026-07-28T05:25:09.627780Z  INFO herdr::logging: tab focused event="tab.focus" subsystem="tab" outcome="ok" workspace_id="w2" tab_id="w2:t2"
2026-07-28T05:25:14.632553Z  INFO herdr::logging: session saved event="persist.save" subsystem="persist" outcome="ok" path=/home/btw/.config/herdr/session.json workspaces=2
2026-07-28T05:25:24.980715Z  INFO herdr::logging: tab focused event="tab.focus" subsystem="tab" outcome="ok" workspace_id="w2" tab_id="w2:t1"
2026-07-28T05:25:25.422382Z  INFO herdr::logging: tab focused event="tab.focus" subsystem="tab" outcome="ok" workspace_id="w2" tab_id="w2:t2"
2026-07-28T05:25:27.226964Z  INFO herdr::logging: tab focused event="tab.focus" subsystem="tab" outcome="ok" workspace_id="w2" tab_id="w2:t1"
2026-07-28T05:25:27.698502Z  INFO herdr::logging: tab focused event="tab.focus" subsystem="tab" outcome="ok" workspace_id="w2" tab_id="w2:t2"
2026-07-28T05:25:28.150486Z  INFO herdr::logging: tab focused event="tab.focus" subsystem="tab" outcome="ok" workspace_id="w2" tab_id="w2:t1"
2026-07-28T05:25:29.462646Z  INFO herdr::logging: tab focused event="tab.focus" subsystem="tab" outcome="ok" workspace_id="w2" tab_id="w2:t2"
2026-07-28T05:25:31.154652Z  INFO herdr::logging: tab focused event="tab.focus" subsystem="tab" outcome="ok" workspace_id="w2" tab_id="w2:t1"
2026-07-28T05:25:36.157054Z  INFO herdr::logging: session saved event="persist.save" subsystem="persist" outcome="ok" path=/home/btw/.config/herdr/session.json workspaces=2
2026-07-28T05:29:29.867732Z  INFO herdr::logging: tab focused event="tab.focus" subsystem="tab" outcome="ok" workspace_id="w2" tab_id="w2:t2"
2026-07-28T05:29:30.592349Z  INFO herdr::logging: tab focused event="tab.focus" subsystem="tab" outcome="ok" workspace_id="w2" tab_id="w2:t1"
2026-07-28T05:29:32.282368Z  INFO herdr::logging: tab focused event="tab.focus" subsystem="tab" outcome="ok" workspace_id="w2" tab_id="w2:t2"
2026-07-28T05:29:34.943292Z  INFO herdr::logging: tab focused event="tab.focus" subsystem="tab" outcome="ok" workspace_id="w2" tab_id="w2:t1"
2026-07-28T05:29:39.945345Z  INFO herdr::logging: session saved event="persist.save" subsystem="persist" outcome="ok" path=/home/btw/.config/herdr/session.json workspaces=2
2026-07-28T05:29:50.367527Z  INFO herdr::logging: tab focused event="tab.focus" subsystem="tab" outcome="ok" workspace_id="w2" tab_id="w2:t2"
2026-07-28T05:29:55.369675Z  INFO herdr::logging: session saved event="persist.save" subsystem="persist" outcome="ok" path=/home/btw/.config/herdr/session.json workspaces=2
2026-07-28T05:30:12.262501Z  INFO herdr::logging: spawning pane terminal event="pane.spawn.start" subsystem="pane" outcome="started" pane_id=4 rows=45 cols=168 scrollback_limit_bytes=10000000
2026-07-28T05:30:12.263803Z  INFO herdr::logging: pane child spawned event="pane.spawned" subsystem="pane" outcome="ok" pane_id=4 pid=29997
2026-07-28T05:30:12.264000Z  INFO herdr::logging: tab focused event="tab.focus" subsystem="tab" outcome="ok" workspace_id="w2" tab_id="w2:t2"
2026-07-28T05:30:17.267150Z  INFO herdr::logging: session saved event="persist.save" subsystem="persist" outcome="ok" path=/home/btw/.config/herdr/session.json workspaces=2
2026-07-28T05:33:57.215884Z  INFO herdr::logging: tab focused event="tab.focus" subsystem="tab" outcome="ok" workspace_id="w2" tab_id="w2:t2"
2026-07-28T05:34:02.219293Z  INFO herdr::logging: session saved event="persist.save" subsystem="persist" outcome="ok" path=/home/btw/.config/herdr/session.json workspaces=2
2026-07-28T05:34:07.733411Z  INFO herdr::logging: tab focused event="tab.focus" subsystem="tab" outcome="ok" workspace_id="w2" tab_id="w2:t1"
2026-07-28T05:34:10.437343Z  INFO herdr::logging: tab focused event="tab.focus" subsystem="tab" outcome="ok" workspace_id="w2" tab_id="w2:t2"
2026-07-28T05:34:13.690574Z  INFO herdr::logging: tab focused event="tab.focus" subsystem="tab" outcome="ok" workspace_id="w2" tab_id="w2:t1"
2026-07-28T05:34:18.693046Z  INFO herdr::logging: session saved event="persist.save" subsystem="persist" outcome="ok" path=/home/btw/.config/herdr/session.json workspaces=2
2026-07-28T05:34:34.552317Z  INFO herdr::logging: tab focused event="tab.focus" subsystem="tab" outcome="ok" workspace_id="w2" tab_id="w2:t2"
2026-07-28T05:34:39.259818Z  INFO herdr::server::headless: client resize client_id=4 cols=173 rows=48 cell_width_px=0 cell_height_px=0
2026-07-28T05:34:45.737702Z  INFO herdr::logging: session saved event="persist.save" subsystem="persist" outcome="ok" path=/home/btw/.config/herdr/session.json workspaces=2
2026-07-28T05:34:50.319289Z  INFO herdr::logging: tab focused event="tab.focus" subsystem="tab" outcome="ok" workspace_id="w2" tab_id="w2:t2"
2026-07-28T05:34:50.722032Z  INFO herdr::logging: tab focused event="tab.focus" subsystem="tab" outcome="ok" workspace_id="w2" tab_id="w2:t2"
2026-07-28T05:34:50.822799Z  INFO herdr::logging: tab focused event="tab.focus" subsystem="tab" outcome="ok" workspace_id="w2" tab_id="w2:t2"
2026-07-28T05:34:50.933756Z  INFO herdr::logging: tab focused event="tab.focus" subsystem="tab" outcome="ok" workspace_id="w2" tab_id="w2:t2"
2026-07-28T05:34:51.023761Z  INFO herdr::logging: tab focused event="tab.focus" subsystem="tab" outcome="ok" workspace_id="w2" tab_id="w2:t2"
2026-07-28T05:34:51.091600Z  INFO herdr::logging: tab focused event="tab.focus" subsystem="tab" outcome="ok" workspace_id="w2" tab_id="w2:t2"
2026-07-28T05:34:51.169294Z  INFO herdr::logging: tab focused event="tab.focus" subsystem="tab" outcome="ok" workspace_id="w2" tab_id="w2:t2"
2026-07-28T05:34:51.247870Z  INFO herdr::logging: tab focused event="tab.focus" subsystem="tab" outcome="ok" workspace_id="w2" tab_id="w2:t2"
2026-07-28T05:34:51.293438Z  INFO herdr::logging: tab focused event="tab.focus" subsystem="tab" outcome="ok" workspace_id="w2" tab_id="w2:t2"
2026-07-28T05:34:51.718052Z  INFO herdr::logging: tab focused event="tab.focus" subsystem="tab" outcome="ok" workspace_id="w2" tab_id="w2:t2"
2026-07-28T05:34:51.930300Z  INFO herdr::logging: tab focused event="tab.focus" subsystem="tab" outcome="ok" workspace_id="w2" tab_id="w2:t2"
2026-07-28T05:34:53.093167Z  INFO herdr::logging: tab focused event="tab.focus" subsystem="tab" outcome="ok" workspace_id="w2" tab_id="w2:t2"
2026-07-28T05:34:59.458824Z  INFO herdr::logging: session saved event="persist.save" subsystem="persist" outcome="ok" path=/home/btw/.config/herdr/session.json workspaces=2
2026-07-28T05:42:49.759348Z  INFO herdr::logging: tab focused event="tab.focus" subsystem="tab" outcome="ok" workspace_id="w2" tab_id="w2:t1"
2026-07-28T05:42:54.762316Z  INFO herdr::logging: session saved event="persist.save" subsystem="persist" outcome="ok" path=/home/btw/.config/herdr/session.json workspaces=2
2026-07-28T05:43:03.412812Z  INFO herdr::logging: checking for updates event="update.check.start" subsystem="update" outcome="started"
2026-07-28T05:43:08.591098Z  INFO herdr::logging: tab focused event="tab.focus" subsystem="tab" outcome="ok" workspace_id="w2" tab_id="w2:t2"
2026-07-28T05:43:14.890775Z  INFO herdr::logging: session saved event="persist.save" subsystem="persist" outcome="ok" path=/home/btw/.config/herdr/session.json workspaces=2
2026-07-28T05:44:04.347753Z  INFO herdr::logging: tab focused event="tab.focus" subsystem="tab" outcome="ok" workspace_id="w2" tab_id="w2:t2"
2026-07-28T05:44:04.749850Z  INFO herdr::logging: tab focused event="tab.focus" subsystem="tab" outcome="ok" workspace_id="w2" tab_id="w2:t2"
2026-07-28T05:44:04.950734Z  INFO herdr::logging: tab focused event="tab.focus" subsystem="tab" outcome="ok" workspace_id="w2" tab_id="w2:t2"
2026-07-28T05:44:05.051273Z  INFO herdr::logging: tab focused event="tab.focus" subsystem="tab" outcome="ok" workspace_id="w2" tab_id="w2:t2"
2026-07-28T05:44:05.185555Z  INFO herdr::logging: tab focused event="tab.focus" subsystem="tab" outcome="ok" workspace_id="w2" tab_id="w2:t2"
2026-07-28T05:44:05.230784Z  INFO herdr::logging: tab focused event="tab.focus" subsystem="tab" outcome="ok" workspace_id="w2" tab_id="w2:t2"
2026-07-28T05:44:05.274826Z  INFO herdr::logging: tab focused event="tab.focus" subsystem="tab" outcome="ok" workspace_id="w2" tab_id="w2:t2"
2026-07-28T05:44:05.644767Z  INFO herdr::logging: tab focused event="tab.focus" subsystem="tab" outcome="ok" workspace_id="w2" tab_id="w2:t2"
2026-07-28T05:44:06.907923Z  INFO herdr::logging: tab focused event="tab.focus" subsystem="tab" outcome="ok" workspace_id="w2" tab_id="w2:t1"
2026-07-28T05:44:07.623717Z  INFO herdr::logging: tab focused event="tab.focus" subsystem="tab" outcome="ok" workspace_id="w2" tab_id="w2:t2"
2026-07-28T05:44:08.495556Z  INFO herdr::logging: tab focused event="tab.focus" subsystem="tab" outcome="ok" workspace_id="w2" tab_id="w2:t1"
2026-07-28T05:44:13.497421Z  INFO herdr::logging: session saved event="persist.save" subsystem="persist" outcome="ok" path=/home/btw/.config/herdr/session.json workspaces=2
2026-07-28T05:49:03.177173Z  INFO herdr::logging: tab focused event="tab.focus" subsystem="tab" outcome="ok" workspace_id="w2" tab_id="w2:t2"
2026-07-28T05:49:04.295405Z  INFO herdr::logging: tab focused event="tab.focus" subsystem="tab" outcome="ok" workspace_id="w2" tab_id="w2:t1"
2026-07-28T05:49:09.297686Z  INFO herdr::logging: session saved event="persist.save" subsystem="persist" outcome="ok" path=/home/btw/.config/herdr/session.json workspaces=2
2026-07-28T05:51:58.416855Z  INFO herdr::logging: tab focused event="tab.focus" subsystem="tab" outcome="ok" workspace_id="w2" tab_id="w2:t2"
2026-07-28T05:52:01.938960Z  INFO herdr::logging: tab focused event="tab.focus" subsystem="tab" outcome="ok" workspace_id="w2" tab_id="w2:t2"
2026-07-28T05:52:04.822840Z  INFO herdr::logging: tab focused event="tab.focus" subsystem="tab" outcome="ok" workspace_id="w2" tab_id="w2:t2"
2026-07-28T05:52:09.825515Z  INFO herdr::logging: session saved event="persist.save" subsystem="persist" outcome="ok" path=/home/btw/.config/herdr/session.json workspaces=2
2026-07-28T05:52:33.820617Z  INFO herdr::logging: tab focused event="tab.focus" subsystem="tab" outcome="ok" workspace_id="w2" tab_id="w2:t1"
2026-07-28T05:52:38.822757Z  INFO herdr::logging: session saved event="persist.save" subsystem="persist" outcome="ok" path=/home/btw/.config/herdr/session.json workspaces=2
2026-07-28T05:53:28.032981Z  INFO herdr::logging: tab focused event="tab.focus" subsystem="tab" outcome="ok" workspace_id="w2" tab_id="w2:t2"
2026-07-28T05:53:33.034992Z  INFO herdr::logging: session saved event="persist.save" subsystem="persist" outcome="ok" path=/home/btw/.config/herdr/session.json workspaces=2
2026-07-28T05:54:12.534804Z  INFO herdr::logging: tab focused event="tab.focus" subsystem="tab" outcome="ok" workspace_id="w2" tab_id="w2:t1"
2026-07-28T05:54:17.537450Z  INFO herdr::logging: session saved event="persist.save" subsystem="persist" outcome="ok" path=/home/btw/.config/herdr/session.json workspaces=2
2026-07-28T05:54:31.024643Z  INFO herdr::logging: tab focused event="tab.focus" subsystem="tab" outcome="ok" workspace_id="w2" tab_id="w2:t2"
2026-07-28T05:54:34.682649Z  INFO herdr::logging: tab focused event="tab.focus" subsystem="tab" outcome="ok" workspace_id="w2" tab_id="w2:t1"
2026-07-28T05:54:35.588490Z  INFO herdr::logging: tab focused event="tab.focus" subsystem="tab" outcome="ok" workspace_id="w2" tab_id="w2:t2"
2026-07-28T05:54:36.506602Z  INFO herdr::logging: tab focused event="tab.focus" subsystem="tab" outcome="ok" workspace_id="w2" tab_id="w2:t1"
2026-07-28T05:54:37.099492Z  INFO herdr::logging: tab focused event="tab.focus" subsystem="tab" outcome="ok" workspace_id="w2" tab_id="w2:t2"
2026-07-28T05:54:39.180686Z  INFO herdr::logging: tab focused event="tab.focus" subsystem="tab" outcome="ok" workspace_id="w2" tab_id="w2:t1"
2026-07-28T05:54:44.182775Z  INFO herdr::logging: session saved event="persist.save" subsystem="persist" outcome="ok" path=/home/btw/.config/herdr/session.json workspaces=2
2026-07-28T05:54:46.821504Z  INFO herdr::logging: tab focused event="tab.focus" subsystem="tab" outcome="ok" workspace_id="w2" tab_id="w2:t2"
2026-07-28T05:54:49.529487Z  INFO herdr::logging: workspace focused event="workspace.focus" subsystem="workspace" outcome="ok" workspace_id="w1"
2026-07-28T05:54:49.529510Z  INFO herdr::logging: tab focused event="tab.focus" subsystem="tab" outcome="ok" workspace_id="w1" tab_id="w1:t1"
2026-07-28T05:54:54.531964Z  INFO herdr::logging: session saved event="persist.save" subsystem="persist" outcome="ok" path=/home/btw/.config/herdr/session.json workspaces=2
2026-07-28T05:55:18.928400Z  INFO herdr::logging: workspace focused event="workspace.focus" subsystem="workspace" outcome="ok" workspace_id="w2"
2026-07-28T05:55:18.928429Z  INFO herdr::logging: tab focused event="tab.focus" subsystem="tab" outcome="ok" workspace_id="w2" tab_id="w2:t2"
2026-07-28T05:55:21.781347Z  INFO herdr::logging: tab focused event="tab.focus" subsystem="tab" outcome="ok" workspace_id="w2" tab_id="w2:t2"
2026-07-28T05:55:24.947013Z  INFO herdr::logging: tab focused event="tab.focus" subsystem="tab" outcome="ok" workspace_id="w2" tab_id="w2:t2"
2026-07-28T05:55:29.276244Z  INFO herdr::logging: tab focused event="tab.focus" subsystem="tab" outcome="ok" workspace_id="w2" tab_id="w2:t2"
2026-07-28T05:55:32.060999Z  INFO herdr::logging: tab focused event="tab.focus" subsystem="tab" outcome="ok" workspace_id="w2" tab_id="w2:t1"
2026-07-28T05:55:37.063836Z  INFO herdr::logging: session saved event="persist.save" subsystem="persist" outcome="ok" path=/home/btw/.config/herdr/session.json workspaces=2
2026-07-28T06:08:40.372718Z  INFO herdr::logging: tab focused event="tab.focus" subsystem="tab" outcome="ok" workspace_id="w2" tab_id="w2:t2"
2026-07-28T06:08:45.374933Z  INFO herdr::logging: session saved event="persist.save" subsystem="persist" outcome="ok" path=/home/btw/.config/herdr/session.json workspaces=2
2026-07-28T06:13:03.412974Z  INFO herdr::logging: checking for updates event="update.check.start" subsystem="update" outcome="started"
2026-07-28T06:16:20.748353Z  INFO herdr::logging: tab focused event="tab.focus" subsystem="tab" outcome="ok" workspace_id="w2" tab_id="w2:t1"
2026-07-28T06:16:22.637361Z  INFO herdr::logging: tab focused event="tab.focus" subsystem="tab" outcome="ok" workspace_id="w2" tab_id="w2:t2"
2026-07-28T06:16:24.281394Z  INFO herdr::logging: tab focused event="tab.focus" subsystem="tab" outcome="ok" workspace_id="w2" tab_id="w2:t1"
2026-07-28T06:16:28.183314Z  INFO herdr::logging: tab focused event="tab.focus" subsystem="tab" outcome="ok" workspace_id="w2" tab_id="w2:t2"
2026-07-28T06:16:33.185732Z  INFO herdr::logging: session saved event="persist.save" subsystem="persist" outcome="ok" path=/home/btw/.config/herdr/session.json workspaces=2
2026-07-28T06:16:54.993929Z  INFO herdr::logging: tab focused event="tab.focus" subsystem="tab" outcome="ok" workspace_id="w2" tab_id="w2:t1"
2026-07-28T06:16:59.997133Z  INFO herdr::logging: session saved event="persist.save" subsystem="persist" outcome="ok" path=/home/btw/.config/herdr/session.json workspaces=2
2026-07-28T06:32:29.383470Z  INFO herdr::logging: tab focused event="tab.focus" subsystem="tab" outcome="ok" workspace_id="w2" tab_id="w2:t2"
2026-07-28T06:32:34.385497Z  INFO herdr::logging: session saved event="persist.save" subsystem="persist" outcome="ok" path=/home/btw/.config/herdr/session.json workspaces=2
2026-07-28T06:32:36.718500Z  INFO herdr::logging: tab focused event="tab.focus" subsystem="tab" outcome="ok" workspace_id="w2" tab_id="w2:t1"
2026-07-28T06:32:37.857486Z  INFO herdr::logging: tab focused event="tab.focus" subsystem="tab" outcome="ok" workspace_id="w2" tab_id="w2:t2"
2026-07-28T06:32:38.864402Z  INFO herdr::logging: tab focused event="tab.focus" subsystem="tab" outcome="ok" workspace_id="w2" tab_id="w2:t1"
2026-07-28T06:32:43.867281Z  INFO herdr::logging: session saved event="persist.save" subsystem="persist" outcome="ok" path=/home/btw/.config/herdr/session.json workspaces=2
2026-07-28T06:36:19.303179Z  INFO herdr::logging: tab focused event="tab.focus" subsystem="tab" outcome="ok" workspace_id="w2" tab_id="w2:t2"
2026-07-28T06:36:21.204131Z  INFO herdr::logging: tab focused event="tab.focus" subsystem="tab" outcome="ok" workspace_id="w2" tab_id="w2:t1"
2026-07-28T06:36:26.206896Z  INFO herdr::logging: session saved event="persist.save" subsystem="persist" outcome="ok" path=/home/btw/.config/herdr/session.json workspaces=2
2026-07-28T06:36:33.476877Z  INFO herdr::logging: tab focused event="tab.focus" subsystem="tab" outcome="ok" workspace_id="w2" tab_id="w2:t2"
2026-07-28T06:36:35.444432Z  INFO herdr::logging: tab focused event="tab.focus" subsystem="tab" outcome="ok" workspace_id="w2" tab_id="w2:t1"
2026-07-28T06:36:40.447622Z  INFO herdr::logging: session saved event="persist.save" subsystem="persist" outcome="ok" path=/home/btw/.config/herdr/session.json workspaces=2
2026-07-28T06:40:37.035337Z  INFO herdr::logging: tab focused event="tab.focus" subsystem="tab" outcome="ok" workspace_id="w2" tab_id="w2:t2"
2026-07-28T06:40:42.037713Z  INFO herdr::logging: session saved event="persist.save" subsystem="persist" outcome="ok" path=/home/btw/.config/herdr/session.json workspaces=2
2026-07-28T06:43:03.414528Z  INFO herdr::logging: checking for updates event="update.check.start" subsystem="update" outcome="started"
2026-07-28T06:45:24.390096Z  INFO herdr::logging: session saved event="persist.save" subsystem="persist" outcome="ok" path=/home/btw/.config/herdr/session.json workspaces=2
2026-07-28T06:47:31.006722Z  INFO herdr::logging: tab focused event="tab.focus" subsystem="tab" outcome="ok" workspace_id="w2" tab_id="w2:t1"
2026-07-28T06:47:36.008826Z  INFO herdr::logging: session saved event="persist.save" subsystem="persist" outcome="ok" path=/home/btw/.config/herdr/session.json workspaces=2
2026-07-28T06:50:57.524873Z  INFO herdr::logging: tab focused event="tab.focus" subsystem="tab" outcome="ok" workspace_id="w2" tab_id="w2:t2"
2026-07-28T06:51:02.527962Z  INFO herdr::logging: session saved event="persist.save" subsystem="persist" outcome="ok" path=/home/btw/.config/herdr/session.json workspaces=2
2026-07-28T06:51:20.333324Z  INFO herdr::logging: session saved event="persist.save" subsystem="persist" outcome="ok" path=/home/btw/.config/herdr/session.json workspaces=2
2026-07-28T06:53:00.686496Z  INFO herdr::logging: session saved event="persist.save" subsystem="persist" outcome="ok" path=/home/btw/.config/herdr/session.json workspaces=2
2026-07-28T06:53:14.251393Z  INFO herdr::logging: session saved event="persist.save" subsystem="persist" outcome="ok" path=/home/btw/.config/herdr/session.json workspaces=2
2026-07-28T06:53:30.233883Z  INFO herdr::logging: tab focused event="tab.focus" subsystem="tab" outcome="ok" workspace_id="w2" tab_id="w2:t2"
2026-07-28T06:53:31.061784Z  INFO herdr::logging: tab focused event="tab.focus" subsystem="tab" outcome="ok" workspace_id="w2" tab_id="w2:t1"
2026-07-28T06:53:31.844878Z  INFO herdr::logging: tab focused event="tab.focus" subsystem="tab" outcome="ok" workspace_id="w2" tab_id="w2:t2"
2026-07-28T06:53:36.847933Z  INFO herdr::logging: session saved event="persist.save" subsystem="persist" outcome="ok" path=/home/btw/.config/herdr/session.json workspaces=2
2026-07-28T07:00:03.396851Z  INFO herdr::logging: tab focused event="tab.focus" subsystem="tab" outcome="ok" workspace_id="w2" tab_id="w2:t1"
2026-07-28T07:00:07.666594Z  INFO herdr::logging: tab focused event="tab.focus" subsystem="tab" outcome="ok" workspace_id="w2" tab_id="w2:t2"
2026-07-28T07:00:12.669283Z  INFO herdr::logging: session saved event="persist.save" subsystem="persist" outcome="ok" path=/home/btw/.config/herdr/session.json workspaces=2
2026-07-28T07:00:20.517589Z  INFO herdr::logging: tab focused event="tab.focus" subsystem="tab" outcome="ok" workspace_id="w2" tab_id="w2:t1"
2026-07-28T07:00:25.520475Z  INFO herdr::logging: session saved event="persist.save" subsystem="persist" outcome="ok" path=/home/btw/.config/herdr/session.json workspaces=2
2026-07-28T07:01:11.164863Z  INFO herdr::logging: tab focused event="tab.focus" subsystem="tab" outcome="ok" workspace_id="w2" tab_id="w2:t2"
2026-07-28T07:01:16.167624Z  INFO herdr::logging: session saved event="persist.save" subsystem="persist" outcome="ok" path=/home/btw/.config/herdr/session.json workspaces=2
2026-07-28T07:01:19.303860Z  INFO herdr::logging: tab focused event="tab.focus" subsystem="tab" outcome="ok" workspace_id="w2" tab_id="w2:t1"
2026-07-28T07:01:20.568368Z  INFO herdr::logging: tab focused event="tab.focus" subsystem="tab" outcome="ok" workspace_id="w2" tab_id="w2:t2"
2026-07-28T07:01:25.109388Z  INFO herdr::logging: tab focused event="tab.focus" subsystem="tab" outcome="ok" workspace_id="w2" tab_id="w2:t1"
2026-07-28T07:01:28.796887Z  INFO herdr::logging: tab focused event="tab.focus" subsystem="tab" outcome="ok" workspace_id="w2" tab_id="w2:t2"
2026-07-28T07:01:33.799558Z  INFO herdr::logging: session saved event="persist.save" subsystem="persist" outcome="ok" path=/home/btw/.config/herdr/session.json workspaces=2
2026-07-28T07:02:18.505660Z  INFO herdr::logging: tab focused event="tab.focus" subsystem="tab" outcome="ok" workspace_id="w2" tab_id="w2:t1"
2026-07-28T07:02:20.998718Z  INFO herdr::logging: tab focused event="tab.focus" subsystem="tab" outcome="ok" workspace_id="w2" tab_id="w2:t2"
2026-07-28T07:02:22.115545Z  INFO herdr::logging: tab focused event="tab.focus" subsystem="tab" outcome="ok" workspace_id="w2" tab_id="w2:t1"
2026-07-28T07:02:25.043606Z  INFO herdr::logging: tab focused event="tab.focus" subsystem="tab" outcome="ok" workspace_id="w2" tab_id="w2:t2"
2026-07-28T07:02:30.045992Z  INFO herdr::logging: session saved event="persist.save" subsystem="persist" outcome="ok" path=/home/btw/.config/herdr/session.json workspaces=2
2026-07-28T07:02:30.071593Z  INFO herdr::logging: tab focused event="tab.focus" subsystem="tab" outcome="ok" workspace_id="w2" tab_id="w2:t1"
2026-07-28T07:02:35.073162Z  INFO herdr::logging: session saved event="persist.save" subsystem="persist" outcome="ok" path=/home/btw/.config/herdr/session.json workspaces=2
2026-07-28T07:08:55.361577Z  INFO herdr::logging: tab focused event="tab.focus" subsystem="tab" outcome="ok" workspace_id="w2" tab_id="w2:t2"
2026-07-28T07:08:56.881278Z  INFO herdr::logging: tab focused event="tab.focus" subsystem="tab" outcome="ok" workspace_id="w2" tab_id="w2:t1"
2026-07-28T07:09:01.883851Z  INFO herdr::logging: session saved event="persist.save" subsystem="persist" outcome="ok" path=/home/btw/.config/herdr/session.json workspaces=2
2026-07-28T07:10:57.228662Z  INFO herdr::logging: tab focused event="tab.focus" subsystem="tab" outcome="ok" workspace_id="w2" tab_id="w2:t2"
2026-07-28T07:11:05.270944Z  INFO herdr::logging: session saved event="persist.save" subsystem="persist" outcome="ok" path=/home/btw/.config/herdr/session.json workspaces=2
2026-07-28T07:13:03.415685Z  INFO herdr::logging: checking for updates event="update.check.start" subsystem="update" outcome="started"
2026-07-28T07:14:35.392690Z  INFO herdr::logging: tab focused event="tab.focus" subsystem="tab" outcome="ok" workspace_id="w2" tab_id="w2:t1"
2026-07-28T07:14:36.375824Z  INFO herdr::logging: tab focused event="tab.focus" subsystem="tab" outcome="ok" workspace_id="w2" tab_id="w2:t2"
2026-07-28T07:14:41.378778Z  INFO herdr::logging: session saved event="persist.save" subsystem="persist" outcome="ok" path=/home/btw/.config/herdr/session.json workspaces=2
2026-07-28T07:16:32.009759Z  INFO herdr::logging: tab focused event="tab.focus" subsystem="tab" outcome="ok" workspace_id="w2" tab_id="w2:t2"
2026-07-28T07:16:33.592565Z  INFO herdr::logging: tab focused event="tab.focus" subsystem="tab" outcome="ok" workspace_id="w2" tab_id="w2:t2"
2026-07-28T07:16:38.595097Z  INFO herdr::logging: session saved event="persist.save" subsystem="persist" outcome="ok" path=/home/btw/.config/herdr/session.json workspaces=2
2026-07-28T07:22:13.045323Z  INFO herdr::logging: tab focused event="tab.focus" subsystem="tab" outcome="ok" workspace_id="w2" tab_id="w2:t1"
2026-07-28T07:22:18.048093Z  INFO herdr::logging: session saved event="persist.save" subsystem="persist" outcome="ok" path=/home/btw/.config/herdr/session.json workspaces=2
2026-07-28T07:22:32.277746Z  INFO herdr::logging: tab focused event="tab.focus" subsystem="tab" outcome="ok" workspace_id="w2" tab_id="w2:t2"
2026-07-28T07:22:37.279837Z  INFO herdr::logging: session saved event="persist.save" subsystem="persist" outcome="ok" path=/home/btw/.config/herdr/session.json workspaces=2
2026-07-28T07:22:38.551210Z  INFO herdr::logging: tab focused event="tab.focus" subsystem="tab" outcome="ok" workspace_id="w2" tab_id="w2:t1"
2026-07-28T07:22:43.554226Z  INFO herdr::logging: session saved event="persist.save" subsystem="persist" outcome="ok" path=/home/btw/.config/herdr/session.json workspaces=2
2026-07-28T07:22:48.731515Z  INFO herdr::logging: tab focused event="tab.focus" subsystem="tab" outcome="ok" workspace_id="w2" tab_id="w2:t2"
2026-07-28T07:22:53.733398Z  INFO herdr::logging: session saved event="persist.save" subsystem="persist" outcome="ok" path=/home/btw/.config/herdr/session.json workspaces=2
2026-07-28T07:22:59.212929Z  INFO herdr::logging: tab focused event="tab.focus" subsystem="tab" outcome="ok" workspace_id="w2" tab_id="w2:t1"
2026-07-28T07:23:04.215498Z  INFO herdr::logging: session saved event="persist.save" subsystem="persist" outcome="ok" path=/home/btw/.config/herdr/session.json workspaces=2
2026-07-28T07:23:05.805527Z  INFO herdr::pane: agent changed pane=2 previous_agent=Some(OpenCode) agent=None pgid=Some(24734)
2026-07-28T07:23:07.721734Z  INFO herdr::logging: tab focused event="tab.focus" subsystem="tab" outcome="ok" workspace_id="w2" tab_id="w2:t2"
2026-07-28T07:23:12.723667Z  INFO herdr::logging: session saved event="persist.save" subsystem="persist" outcome="ok" path=/home/btw/.config/herdr/session.json workspaces=2
2026-07-28T07:24:44.022268Z  INFO herdr::logging: tab focused event="tab.focus" subsystem="tab" outcome="ok" workspace_id="w2" tab_id="w2:t2"
2026-07-28T07:24:49.025831Z  INFO herdr::logging: session saved event="persist.save" subsystem="persist" outcome="ok" path=/home/btw/.config/herdr/session.json workspaces=2
2026-07-28T07:24:50.919091Z  INFO herdr::logging: tab focused event="tab.focus" subsystem="tab" outcome="ok" workspace_id="w2" tab_id="w2:t1"
2026-07-28T07:24:53.021124Z  INFO herdr::logging: tab focused event="tab.focus" subsystem="tab" outcome="ok" workspace_id="w2" tab_id="w2:t2"
2026-07-28T07:24:58.023542Z  INFO herdr::logging: session saved event="persist.save" subsystem="persist" outcome="ok" path=/home/btw/.config/herdr/session.json workspaces=2
2026-07-28T07:24:58.063112Z  INFO herdr::server::headless: client detach requested via keybind client_id=4
2026-07-28T07:24:58.065576Z  INFO herdr::server::headless: client disconnected client_id=4
2026-07-28T07:25:09.715494Z  INFO herdr::server::headless: server shutdown initiated
2026-07-28T07:25:09.765766Z  INFO herdr::server::headless: completing server shutdown
2026-07-28T07:25:09.766132Z  INFO herdr::logging: session saved event="persist.save" subsystem="persist" outcome="ok" path=/home/btw/.config/herdr/session.json workspaces=2
2026-07-28T07:25:09.766147Z  INFO herdr::server::headless: headless server exiting
2026-07-28T07:25:09.767593Z  INFO herdr::logging: pane child exited event="pane.exit" subsystem="pane" outcome="completed" pane_id=1 status="ExitStatus { code: 0, signal: None }"
2026-07-28T07:25:09.771496Z  INFO herdr::pane: pane session terminated pane=1 pid=24731 signal=Hangup
2026-07-28T07:25:09.773053Z  INFO herdr::logging: pane child exited event="pane.exit" subsystem="pane" outcome="completed" pane_id=3 status="ExitStatus { code: 0, signal: None }"
2026-07-28T07:25:09.776121Z  INFO herdr::pane: pane session terminated pane=3 pid=28339 signal=Hangup
2026-07-28T07:25:09.777084Z  INFO herdr::logging: pane child exited event="pane.exit" subsystem="pane" outcome="completed" pane_id=2 status="ExitStatus { code: 0, signal: None }"
2026-07-28T07:25:09.780703Z  INFO herdr::pane: pane session terminated pane=2 pid=24734 signal=Hangup
2026-07-28T07:25:09.781752Z  INFO herdr::logging: pane child exited event="pane.exit" subsystem="pane" outcome="completed" pane_id=4 status="ExitStatus { code: 0, signal: None }"
2026-07-28T07:25:09.785163Z  INFO herdr::pane: pane session terminated pane=4 pid=29997 signal=Hangup
2026-07-28T07:25:09.785790Z  INFO herdr::logging: herdr exiting event="app.shutdown" subsystem="server" outcome="completed" pid=24717
2026-07-28T07:25:15.328771Z  INFO herdr::api::server: api server listening path=/home/btw/.config/herdr/herdr.sock
2026-07-28T07:25:15.329648Z  INFO herdr::logging: spawning pane terminal event="pane.spawn.start" subsystem="pane" outcome="started" pane_id=1 rows=24 cols=80 scrollback_limit_bytes=10000000
2026-07-28T07:25:15.330427Z  INFO herdr::logging: pane child spawned event="pane.spawned" subsystem="pane" outcome="ok" pane_id=1 pid=69413
2026-07-28T07:25:15.330660Z  INFO herdr::logging: spawning pane terminal event="pane.spawn.start" subsystem="pane" outcome="started" pane_id=2 rows=24 cols=80 scrollback_limit_bytes=10000000
2026-07-28T07:25:15.331378Z  INFO herdr::logging: pane child spawned event="pane.spawned" subsystem="pane" outcome="ok" pane_id=2 pid=69416
2026-07-28T07:25:15.331545Z  INFO herdr::logging: spawning pane terminal event="pane.spawn.start" subsystem="pane" outcome="started" pane_id=3 rows=24 cols=80 scrollback_limit_bytes=10000000
2026-07-28T07:25:15.332206Z  INFO herdr::logging: pane child spawned event="pane.spawned" subsystem="pane" outcome="ok" pane_id=3 pid=69419
2026-07-28T07:25:15.332397Z  INFO herdr::logging: spawning pane terminal event="pane.spawn.start" subsystem="pane" outcome="started" pane_id=4 rows=24 cols=80 scrollback_limit_bytes=10000000
2026-07-28T07:25:15.333137Z  INFO herdr::logging: pane child spawned event="pane.spawned" subsystem="pane" outcome="ok" pane_id=4 pid=69423
2026-07-28T07:25:15.333347Z  INFO herdr::logging: session restore evaluated event="persist.restore" subsystem="persist" outcome="ok" workspaces=2
2026-07-28T07:25:15.333358Z  INFO herdr::app: using pane scrollback configuration pane_scrollback_limit_bytes=10000000
2026-07-28T07:25:15.402951Z  INFO herdr::logging: checking for updates event="update.check.start" subsystem="update" outcome="started"
2026-07-28T07:25:15.404529Z  INFO herdr::server::headless: restored session already has workspaces; ignoring startup cwd cwd=/home/btw
2026-07-28T07:25:15.404595Z  INFO herdr::server::headless: client protocol socket listening path=/home/btw/.config/herdr/herdr-client.sock
2026-07-28T07:25:15.404612Z  INFO herdr::server::headless: herdr server started api_socket=/home/btw/.config/herdr/herdr.sock client_socket=/home/btw/.config/herdr/herdr-client.sock
2026-07-28T07:25:15.404822Z  INFO herdr::logging: herdr starting event="app.startup" subsystem="server" outcome="started" pid=69399
2026-07-28T07:25:15.674509Z  INFO herdr::server::headless: client connected client_id=2 cols=172 rows=47 cell_width_px=0 cell_height_px=0 render_encoding=SemanticFrame
2026-07-28T07:25:25.103406Z  INFO herdr::logging: api request received event="api.request.start" subsystem="api" outcome="started" request_id="cli:workspace:focus" method="workspace.focus" changes_ui=true
2026-07-28T07:25:25.103476Z  INFO herdr::logging: workspace focused event="workspace.focus" subsystem="workspace" outcome="ok" workspace_id="w2"
2026-07-28T07:25:25.103566Z  INFO herdr::logging: tab focused event="tab.focus" subsystem="tab" outcome="ok" workspace_id="w2" tab_id="w2:t2"
2026-07-28T07:25:25.103605Z  INFO herdr::logging: api request completed event="api.request.complete" subsystem="api" outcome="ok" request_id="cli:workspace:focus" method="workspace.focus"
2026-07-28T07:25:25.416370Z  INFO herdr::pane: agent changed pane=4 previous_agent=None agent=Some(OpenCode) process=opencode pgid=Some(69949)
2026-07-28T07:25:28.004808Z  INFO herdr::logging: api request received event="api.request.start" subsystem="api" outcome="started" request_id="cli:workspace:focus" method="workspace.focus" changes_ui=true
2026-07-28T07:25:28.004868Z  INFO herdr::logging: workspace focused event="workspace.focus" subsystem="workspace" outcome="ok" workspace_id="w2"
2026-07-28T07:25:28.004953Z  INFO herdr::logging: tab focused event="tab.focus" subsystem="tab" outcome="ok" workspace_id="w2" tab_id="w2:t2"
2026-07-28T07:25:28.004991Z  INFO herdr::logging: api request completed event="api.request.complete" subsystem="api" outcome="ok" request_id="cli:workspace:focus" method="workspace.focus"
2026-07-28T07:25:29.689797Z  INFO herdr::logging: tab focused event="tab.focus" subsystem="tab" outcome="ok" workspace_id="w2" tab_id="w2:t2"
2026-07-28T07:25:32.260804Z  INFO herdr::logging: tab focused event="tab.focus" subsystem="tab" outcome="ok" workspace_id="w2" tab_id="w2:t2"
2026-07-28T07:25:35.434820Z  INFO herdr::logging: tab focused event="tab.focus" subsystem="tab" outcome="ok" workspace_id="w2" tab_id="w2:t2"
2026-07-28T07:25:36.128136Z  INFO herdr::logging: tab focused event="tab.focus" subsystem="tab" outcome="ok" workspace_id="w2" tab_id="w2:t2"
2026-07-28T07:25:36.552746Z  INFO herdr::logging: tab focused event="tab.focus" subsystem="tab" outcome="ok" workspace_id="w2" tab_id="w2:t2"
2026-07-28T07:25:39.335789Z  INFO herdr::logging: tab focused event="tab.focus" subsystem="tab" outcome="ok" workspace_id="w2" tab_id="w2:t1"
2026-07-28T07:25:44.337717Z  INFO herdr::logging: session saved event="persist.save" subsystem="persist" outcome="ok" path=/home/btw/.config/herdr/session.json workspaces=2
2026-07-28T07:25:48.012045Z  INFO herdr::pane: agent changed pane=4 previous_agent=Some(OpenCode) agent=None pgid=Some(69423)
2026-07-28T07:25:50.371738Z  INFO herdr::logging: tab focused event="tab.focus" subsystem="tab" outcome="ok" workspace_id="w2" tab_id="w2:t2"
2026-07-28T07:25:52.473556Z  INFO herdr::server::headless: client detach requested via keybind client_id=2
2026-07-28T07:25:52.475429Z  INFO herdr::server::headless: client disconnected client_id=2
2026-07-28T07:25:54.433288Z  INFO herdr::server::headless: server shutdown initiated
2026-07-28T07:25:54.483384Z  INFO herdr::server::headless: completing server shutdown
2026-07-28T07:25:54.483658Z  INFO herdr::logging: session saved event="persist.save" subsystem="persist" outcome="ok" path=/home/btw/.config/herdr/session.json workspaces=2
2026-07-28T07:25:54.483672Z  INFO herdr::server::headless: headless server exiting
2026-07-28T07:25:54.484851Z  INFO herdr::logging: pane child exited event="pane.exit" subsystem="pane" outcome="completed" pane_id=1 status="ExitStatus { code: 0, signal: None }"
2026-07-28T07:25:54.488870Z  INFO herdr::pane: pane session terminated pane=1 pid=69413 signal=Hangup
2026-07-28T07:25:54.489939Z  INFO herdr::logging: pane child exited event="pane.exit" subsystem="pane" outcome="completed" pane_id=3 status="ExitStatus { code: 0, signal: None }"
2026-07-28T07:25:54.493591Z  INFO herdr::pane: pane session terminated pane=3 pid=69419 signal=Hangup
2026-07-28T07:25:54.494636Z  INFO herdr::logging: pane child exited event="pane.exit" subsystem="pane" outcome="completed" pane_id=4 status="ExitStatus { code: 0, signal: None }"
2026-07-28T07:25:54.497995Z  INFO herdr::pane: pane session terminated pane=4 pid=69423 signal=Hangup
2026-07-28T07:25:54.499037Z  INFO herdr::logging: pane child exited event="pane.exit" subsystem="pane" outcome="completed" pane_id=2 status="ExitStatus { code: 0, signal: None }"
2026-07-28T07:25:54.502464Z  INFO herdr::pane: pane session terminated pane=2 pid=69416 signal=Hangup
2026-07-28T07:25:54.503093Z  INFO herdr::logging: herdr exiting event="app.shutdown" subsystem="server" outcome="completed" pid=69399
2026-07-28T07:26:48.934404Z  INFO herdr::api::server: api server listening path=/home/btw/.config/herdr/herdr.sock
2026-07-28T07:26:48.935357Z  INFO herdr::logging: spawning pane terminal event="pane.spawn.start" subsystem="pane" outcome="started" pane_id=1 rows=24 cols=80 scrollback_limit_bytes=10000000
2026-07-28T07:26:48.936099Z  INFO herdr::logging: pane child spawned event="pane.spawned" subsystem="pane" outcome="ok" pane_id=1 pid=70759
2026-07-28T07:26:48.936334Z  INFO herdr::logging: spawning pane terminal event="pane.spawn.start" subsystem="pane" outcome="started" pane_id=2 rows=24 cols=80 scrollback_limit_bytes=10000000
2026-07-28T07:26:48.936997Z  INFO herdr::logging: pane child spawned event="pane.spawned" subsystem="pane" outcome="ok" pane_id=2 pid=70762
2026-07-28T07:26:48.937187Z  INFO herdr::logging: spawning pane terminal event="pane.spawn.start" subsystem="pane" outcome="started" pane_id=3 rows=24 cols=80 scrollback_limit_bytes=10000000
2026-07-28T07:26:48.937885Z  INFO herdr::logging: pane child spawned event="pane.spawned" subsystem="pane" outcome="ok" pane_id=3 pid=70765
2026-07-28T07:26:48.938099Z  INFO herdr::logging: spawning pane terminal event="pane.spawn.start" subsystem="pane" outcome="started" pane_id=4 rows=24 cols=80 scrollback_limit_bytes=10000000
2026-07-28T07:26:48.938775Z  INFO herdr::logging: pane child spawned event="pane.spawned" subsystem="pane" outcome="ok" pane_id=4 pid=70769
2026-07-28T07:26:48.938978Z  INFO herdr::logging: session restore evaluated event="persist.restore" subsystem="persist" outcome="ok" workspaces=2
2026-07-28T07:26:48.938988Z  INFO herdr::app: using pane scrollback configuration pane_scrollback_limit_bytes=10000000
2026-07-28T07:26:49.008394Z  INFO herdr::logging: checking for updates event="update.check.start" subsystem="update" outcome="started"
2026-07-28T07:26:49.008479Z  INFO herdr::server::headless: client protocol socket listening path=/home/btw/.config/herdr/herdr-client.sock
2026-07-28T07:26:49.008499Z  INFO herdr::server::headless: herdr server started api_socket=/home/btw/.config/herdr/herdr.sock client_socket=/home/btw/.config/herdr/herdr-client.sock
2026-07-28T07:26:49.008793Z  INFO herdr::logging: herdr starting event="app.startup" subsystem="server" outcome="started" pid=70745
2026-07-28T07:26:53.840814Z  INFO herdr::server::headless: server shutdown initiated
2026-07-28T07:26:53.890934Z  INFO herdr::server::headless: completing server shutdown
2026-07-28T07:26:53.891250Z  INFO herdr::logging: session saved event="persist.save" subsystem="persist" outcome="ok" path=/home/btw/.config/herdr/session.json workspaces=2
2026-07-28T07:26:53.891263Z  INFO herdr::server::headless: headless server exiting
2026-07-28T07:26:53.892463Z  INFO herdr::logging: pane child exited event="pane.exit" subsystem="pane" outcome="completed" pane_id=4 status="ExitStatus { code: 0, signal: None }"
2026-07-28T07:26:53.896651Z  INFO herdr::pane: pane session terminated pane=4 pid=70769 signal=Hangup
2026-07-28T07:26:53.897654Z  INFO herdr::logging: pane child exited event="pane.exit" subsystem="pane" outcome="completed" pane_id=2 status="ExitStatus { code: 0, signal: None }"
2026-07-28T07:26:53.901117Z  INFO herdr::pane: pane session terminated pane=2 pid=70762 signal=Hangup
2026-07-28T07:26:53.902002Z  INFO herdr::logging: pane child exited event="pane.exit" subsystem="pane" outcome="completed" pane_id=1 status="ExitStatus { code: 0, signal: None }"
2026-07-28T07:26:53.905540Z  INFO herdr::pane: pane session terminated pane=1 pid=70759 signal=Hangup
2026-07-28T07:26:53.906438Z  INFO herdr::logging: pane child exited event="pane.exit" subsystem="pane" outcome="completed" pane_id=3 status="ExitStatus { code: 0, signal: None }"
2026-07-28T07:26:53.909952Z  INFO herdr::pane: pane session terminated pane=3 pid=70765 signal=Hangup
2026-07-28T07:26:53.910490Z  INFO herdr::logging: herdr exiting event="app.shutdown" subsystem="server" outcome="completed" pid=70745
2026-07-28T07:27:16.341431Z  INFO herdr::api::server: api server listening path=/home/btw/.config/herdr/herdr.sock
2026-07-28T07:27:16.342309Z  INFO herdr::logging: spawning pane terminal event="pane.spawn.start" subsystem="pane" outcome="started" pane_id=1 rows=24 cols=80 scrollback_limit_bytes=10000000
2026-07-28T07:27:16.343070Z  INFO herdr::logging: pane child spawned event="pane.spawned" subsystem="pane" outcome="ok" pane_id=1 pid=71368
2026-07-28T07:27:16.343269Z  INFO herdr::logging: spawning pane terminal event="pane.spawn.start" subsystem="pane" outcome="started" pane_id=2 rows=24 cols=80 scrollback_limit_bytes=10000000
2026-07-28T07:27:16.343935Z  INFO herdr::logging: pane child spawned event="pane.spawned" subsystem="pane" outcome="ok" pane_id=2 pid=71371
2026-07-28T07:27:16.344105Z  INFO herdr::logging: spawning pane terminal event="pane.spawn.start" subsystem="pane" outcome="started" pane_id=3 rows=24 cols=80 scrollback_limit_bytes=10000000
2026-07-28T07:27:16.344785Z  INFO herdr::logging: pane child spawned event="pane.spawned" subsystem="pane" outcome="ok" pane_id=3 pid=71374
2026-07-28T07:27:16.344970Z  INFO herdr::logging: spawning pane terminal event="pane.spawn.start" subsystem="pane" outcome="started" pane_id=4 rows=24 cols=80 scrollback_limit_bytes=10000000
2026-07-28T07:27:16.345668Z  INFO herdr::logging: pane child spawned event="pane.spawned" subsystem="pane" outcome="ok" pane_id=4 pid=71378
2026-07-28T07:27:16.345868Z  INFO herdr::logging: session restore evaluated event="persist.restore" subsystem="persist" outcome="ok" workspaces=2
2026-07-28T07:27:16.345878Z  INFO herdr::app: using pane scrollback configuration pane_scrollback_limit_bytes=10000000
2026-07-28T07:27:16.413195Z  INFO herdr::logging: checking for updates event="update.check.start" subsystem="update" outcome="started"
2026-07-28T07:27:16.414735Z  INFO herdr::server::headless: restored session already has workspaces; ignoring startup cwd cwd=/home/btw
2026-07-28T07:27:16.414807Z  INFO herdr::server::headless: client protocol socket listening path=/home/btw/.config/herdr/herdr-client.sock
2026-07-28T07:27:16.414824Z  INFO herdr::server::headless: herdr server started api_socket=/home/btw/.config/herdr/herdr.sock client_socket=/home/btw/.config/herdr/herdr-client.sock
2026-07-28T07:27:16.415034Z  INFO herdr::logging: herdr starting event="app.startup" subsystem="server" outcome="started" pid=71354
2026-07-28T07:27:16.685052Z  INFO herdr::server::headless: client connected client_id=2 cols=172 rows=47 cell_width_px=0 cell_height_px=0 render_encoding=SemanticFrame
2026-07-28T07:27:19.409013Z  INFO herdr::logging: tab focused event="tab.focus" subsystem="tab" outcome="ok" workspace_id="w2" tab_id="w2:t1"
2026-07-28T07:27:23.923690Z  INFO herdr::pane: agent changed pane=4 previous_agent=None agent=Some(OpenCode) process=opencode pgid=Some(71869)
2026-07-28T07:27:24.412105Z  INFO herdr::logging: session saved event="persist.save" subsystem="persist" outcome="ok" path=/home/btw/.config/herdr/session.json workspaces=2
2026-07-28T07:27:26.510816Z  INFO herdr::logging: tab focused event="tab.focus" subsystem="tab" outcome="ok" workspace_id="w2" tab_id="w2:t2"
2026-07-28T07:27:26.513221Z  INFO herdr::logging: api request received event="api.request.start" subsystem="api" outcome="started" request_id="cli:workspace:focus" method="workspace.focus" changes_ui=true
2026-07-28T07:27:26.513288Z  INFO herdr::logging: workspace focused event="workspace.focus" subsystem="workspace" outcome="ok" workspace_id="w2"
2026-07-28T07:27:26.513413Z  INFO herdr::logging: tab focused event="tab.focus" subsystem="tab" outcome="ok" workspace_id="w2" tab_id="w2:t2"
2026-07-28T07:27:26.513460Z  INFO herdr::logging: api request completed event="api.request.complete" subsystem="api" outcome="ok" request_id="cli:workspace:focus" method="workspace.focus"
2026-07-28T07:27:30.624971Z  INFO herdr::logging: tab focused event="tab.focus" subsystem="tab" outcome="ok" workspace_id="w2" tab_id="w2:t1"
2026-07-28T07:27:32.051805Z  INFO herdr::logging: api request received event="api.request.start" subsystem="api" outcome="started" request_id="cli:workspace:focus" method="workspace.focus" changes_ui=true
2026-07-28T07:27:32.051857Z  INFO herdr::logging: workspace focused event="workspace.focus" subsystem="workspace" outcome="ok" workspace_id="w2"
2026-07-28T07:27:32.051974Z  INFO herdr::logging: tab focused event="tab.focus" subsystem="tab" outcome="ok" workspace_id="w2" tab_id="w2:t1"
2026-07-28T07:27:32.052014Z  INFO herdr::logging: api request completed event="api.request.complete" subsystem="api" outcome="ok" request_id="cli:workspace:focus" method="workspace.focus"
2026-07-28T07:27:33.465865Z  INFO herdr::logging: api request received event="api.request.start" subsystem="api" outcome="started" request_id="cli:workspace:focus" method="workspace.focus" changes_ui=true
2026-07-28T07:27:33.465912Z  INFO herdr::logging: workspace focused event="workspace.focus" subsystem="workspace" outcome="ok" workspace_id="w2"
2026-07-28T07:27:33.465995Z  INFO herdr::logging: tab focused event="tab.focus" subsystem="tab" outcome="ok" workspace_id="w2" tab_id="w2:t1"
2026-07-28T07:27:33.466029Z  INFO herdr::logging: api request completed event="api.request.complete" subsystem="api" outcome="ok" request_id="cli:workspace:focus" method="workspace.focus"
2026-07-28T07:27:34.376774Z  INFO herdr::logging: api request received event="api.request.start" subsystem="api" outcome="started" request_id="cli:workspace:focus" method="workspace.focus" changes_ui=true
2026-07-28T07:27:34.376821Z  INFO herdr::logging: workspace focused event="workspace.focus" subsystem="workspace" outcome="ok" workspace_id="w2"
2026-07-28T07:27:34.376900Z  INFO herdr::logging: tab focused event="tab.focus" subsystem="tab" outcome="ok" workspace_id="w2" tab_id="w2:t1"
2026-07-28T07:27:34.376932Z  INFO herdr::logging: api request completed event="api.request.complete" subsystem="api" outcome="ok" request_id="cli:workspace:focus" method="workspace.focus"
2026-07-28T07:27:34.985892Z  INFO herdr::logging: tab focused event="tab.focus" subsystem="tab" outcome="ok" workspace_id="w2" tab_id="w2:t2"
2026-07-28T07:27:38.518914Z  INFO herdr::logging: tab focused event="tab.focus" subsystem="tab" outcome="ok" workspace_id="w2" tab_id="w2:t2"
2026-07-28T07:27:38.932888Z  INFO herdr::logging: tab focused event="tab.focus" subsystem="tab" outcome="ok" workspace_id="w2" tab_id="w2:t2"
2026-07-28T07:27:39.826959Z  INFO herdr::logging: tab focused event="tab.focus" subsystem="tab" outcome="ok" workspace_id="w2" tab_id="w2:t2"
2026-07-28T07:27:41.906961Z  INFO herdr::logging: tab focused event="tab.focus" subsystem="tab" outcome="ok" workspace_id="w2" tab_id="w2:t2"
2026-07-28T07:27:42.074884Z  INFO herdr::logging: tab focused event="tab.focus" subsystem="tab" outcome="ok" workspace_id="w2" tab_id="w2:t2"
2026-07-28T07:27:42.175522Z  INFO herdr::logging: tab focused event="tab.focus" subsystem="tab" outcome="ok" workspace_id="w2" tab_id="w2:t2"
2026-07-28T07:27:42.286540Z  INFO herdr::logging: tab focused event="tab.focus" subsystem="tab" outcome="ok" workspace_id="w2" tab_id="w2:t2"
2026-07-28T07:27:42.678937Z  INFO herdr::logging: tab focused event="tab.focus" subsystem="tab" outcome="ok" workspace_id="w2" tab_id="w2:t2"
2026-07-28T07:27:42.991835Z  INFO herdr::logging: tab focused event="tab.focus" subsystem="tab" outcome="ok" workspace_id="w2" tab_id="w2:t2"
2026-07-28T07:27:43.203848Z  INFO herdr::logging: tab focused event="tab.focus" subsystem="tab" outcome="ok" workspace_id="w2" tab_id="w2:t2"
2026-07-28T07:27:43.404820Z  INFO herdr::logging: tab focused event="tab.focus" subsystem="tab" outcome="ok" workspace_id="w2" tab_id="w2:t2"
2026-07-28T07:27:43.561270Z  INFO herdr::logging: tab focused event="tab.focus" subsystem="tab" outcome="ok" workspace_id="w2" tab_id="w2:t2"
2026-07-28T07:27:43.695889Z  INFO herdr::logging: tab focused event="tab.focus" subsystem="tab" outcome="ok" workspace_id="w2" tab_id="w2:t2"
2026-07-28T07:27:43.796350Z  INFO herdr::logging: tab focused event="tab.focus" subsystem="tab" outcome="ok" workspace_id="w2" tab_id="w2:t2"
2026-07-28T07:27:43.919819Z  INFO herdr::logging: tab focused event="tab.focus" subsystem="tab" outcome="ok" workspace_id="w2" tab_id="w2:t2"
2026-07-28T07:27:44.019915Z  INFO herdr::logging: tab focused event="tab.focus" subsystem="tab" outcome="ok" workspace_id="w2" tab_id="w2:t2"
2026-07-28T07:27:44.142728Z  INFO herdr::logging: tab focused event="tab.focus" subsystem="tab" outcome="ok" workspace_id="w2" tab_id="w2:t2"
2026-07-28T07:27:44.232545Z  INFO herdr::logging: tab focused event="tab.focus" subsystem="tab" outcome="ok" workspace_id="w2" tab_id="w2:t2"
2026-07-28T07:27:44.343439Z  INFO herdr::logging: tab focused event="tab.focus" subsystem="tab" outcome="ok" workspace_id="w2" tab_id="w2:t2"
2026-07-28T07:27:44.600350Z  INFO herdr::logging: tab focused event="tab.focus" subsystem="tab" outcome="ok" workspace_id="w2" tab_id="w2:t2"
2026-07-28T07:27:44.735316Z  INFO herdr::logging: tab focused event="tab.focus" subsystem="tab" outcome="ok" workspace_id="w2" tab_id="w2:t2"
2026-07-28T07:27:44.902905Z  INFO herdr::logging: tab focused event="tab.focus" subsystem="tab" outcome="ok" workspace_id="w2" tab_id="w2:t2"
2026-07-28T07:27:45.327855Z  INFO herdr::logging: tab focused event="tab.focus" subsystem="tab" outcome="ok" workspace_id="w2" tab_id="w2:t2"
2026-07-28T07:27:45.752776Z  INFO herdr::logging: tab focused event="tab.focus" subsystem="tab" outcome="ok" workspace_id="w2" tab_id="w2:t2"
2026-07-28T07:27:49.989569Z  INFO herdr::logging: tab focused event="tab.focus" subsystem="tab" outcome="ok" workspace_id="w2" tab_id="w2:t1"
2026-07-28T07:27:51.039378Z  INFO herdr::pane: agent changed pane=4 previous_agent=Some(OpenCode) agent=None pgid=Some(71378)
2026-07-28T07:27:51.990671Z  INFO herdr::logging: tab focused event="tab.focus" subsystem="tab" outcome="ok" workspace_id="w2" tab_id="w2:t2"
2026-07-28T07:27:53.773419Z  INFO herdr::server::headless: client disconnected client_id=2
2026-07-28T07:27:56.992481Z  INFO herdr::logging: session saved event="persist.save" subsystem="persist" outcome="ok" path=/home/btw/.config/herdr/session.json workspaces=2
2026-07-28T07:36:41.250534Z  INFO herdr::server::headless: client connected client_id=4 cols=172 rows=47 cell_width_px=0 cell_height_px=0 render_encoding=SemanticFrame
2026-07-28T07:36:43.943661Z  INFO herdr::server::headless: client disconnected client_id=4
2026-07-28T07:36:44.950472Z  INFO herdr::server::headless: client connected client_id=6 cols=172 rows=47 cell_width_px=0 cell_height_px=0 render_encoding=SemanticFrame
2026-07-28T07:36:56.939507Z  INFO herdr::logging: workspace focused event="workspace.focus" subsystem="workspace" outcome="ok" workspace_id="w1"
2026-07-28T07:36:56.939645Z  INFO herdr::logging: tab focused event="tab.focus" subsystem="tab" outcome="ok" workspace_id="w1" tab_id="w1:t1"
2026-07-28T07:36:59.108586Z  INFO herdr::logging: tab focused event="tab.focus" subsystem="tab" outcome="ok" workspace_id="w1" tab_id="w1:t1"
2026-07-28T07:37:04.110427Z  INFO herdr::logging: session saved event="persist.save" subsystem="persist" outcome="ok" path=/home/btw/.config/herdr/session.json workspaces=2
2026-07-28T07:41:36.579395Z  INFO herdr::app::actions: copied selection to clipboard
2026-07-28T07:42:05.301240Z  INFO herdr::logging: spawning pane terminal event="pane.spawn.start" subsystem="pane" outcome="started" pane_id=5 rows=46 cols=146 scrollback_limit_bytes=10000000
2026-07-28T07:42:05.302673Z  INFO herdr::logging: pane child spawned event="pane.spawned" subsystem="pane" outcome="ok" pane_id=5 pid=79534
2026-07-28T07:42:05.302970Z  INFO herdr::logging: tab focused event="tab.focus" subsystem="tab" outcome="ok" workspace_id="w1" tab_id="w1:t1"
2026-07-28T07:42:10.305389Z  INFO herdr::logging: session saved event="persist.save" subsystem="persist" outcome="ok" path=/home/btw/.config/herdr/session.json workspaces=2
2026-07-28T07:43:01.521955Z  INFO herdr::logging: tab focused event="tab.focus" subsystem="tab" outcome="ok" workspace_id="w1" tab_id="w1:t1"
2026-07-28T07:43:02.362805Z  INFO herdr::app::actions: copied selection to clipboard
2026-07-28T07:43:03.883702Z  INFO herdr::logging: tab focused event="tab.focus" subsystem="tab" outcome="ok" workspace_id="w1" tab_id="w1:t1"
2026-07-28T07:43:08.886646Z  INFO herdr::logging: session saved event="persist.save" subsystem="persist" outcome="ok" path=/home/btw/.config/herdr/session.json workspaces=2
2026-07-28T07:43:49.840415Z  INFO herdr::logging: pane child exited event="pane.exit" subsystem="pane" outcome="completed" pane_id=5 status="ExitStatus { code: 0, signal: None }"
2026-07-28T07:43:49.844269Z  INFO herdr::pane: pane session terminated pane=5 pid=79534 signal=Hangup
2026-07-28T07:43:49.844685Z  WARN herdr::app::actions: PaneDied for unknown pane pane=5
2026-07-28T07:43:54.845564Z  INFO herdr::logging: session saved event="persist.save" subsystem="persist" outcome="ok" path=/home/btw/.config/herdr/session.json workspaces=2
2026-07-28T07:44:49.818686Z  INFO herdr::server::headless: client disconnected client_id=6
2026-07-28T19:33:43.471940Z  INFO herdr::api::server: api server listening path=/home/btw/.config/herdr/herdr.sock
2026-07-28T19:33:43.479749Z  INFO herdr::logging: spawning pane terminal event="pane.spawn.start" subsystem="pane" outcome="started" pane_id=1 rows=24 cols=80 scrollback_limit_bytes=10000000
2026-07-28T19:33:43.486103Z  INFO herdr::logging: pane child spawned event="pane.spawned" subsystem="pane" outcome="ok" pane_id=1 pid=6385
2026-07-28T19:33:43.490821Z  INFO herdr::logging: spawning pane terminal event="pane.spawn.start" subsystem="pane" outcome="started" pane_id=2 rows=24 cols=80 scrollback_limit_bytes=10000000
2026-07-28T19:33:43.491603Z  INFO herdr::logging: pane child spawned event="pane.spawned" subsystem="pane" outcome="ok" pane_id=2 pid=6390
2026-07-28T19:33:43.491816Z  INFO herdr::logging: spawning pane terminal event="pane.spawn.start" subsystem="pane" outcome="started" pane_id=3 rows=24 cols=80 scrollback_limit_bytes=10000000
2026-07-28T19:33:43.492444Z  INFO herdr::logging: pane child spawned event="pane.spawned" subsystem="pane" outcome="ok" pane_id=3 pid=6394
2026-07-28T19:33:43.492624Z  INFO herdr::logging: spawning pane terminal event="pane.spawn.start" subsystem="pane" outcome="started" pane_id=4 rows=24 cols=80 scrollback_limit_bytes=10000000
2026-07-28T19:33:43.493303Z  INFO herdr::logging: pane child spawned event="pane.spawned" subsystem="pane" outcome="ok" pane_id=4 pid=6397
2026-07-28T19:33:43.496584Z  INFO herdr::logging: session restore evaluated event="persist.restore" subsystem="persist" outcome="ok" workspaces=2
2026-07-28T19:33:43.496607Z  INFO herdr::app: using pane scrollback configuration pane_scrollback_limit_bytes=10000000
2026-07-28T19:33:43.606507Z  INFO herdr::logging: checking for updates event="update.check.start" subsystem="update" outcome="started"
2026-07-28T19:33:43.613177Z  INFO herdr::server::headless: restored session already has workspaces; ignoring startup cwd cwd=/home/btw
2026-07-28T19:33:43.614425Z  INFO herdr::server::headless: client protocol socket listening path=/home/btw/.config/herdr/herdr-client.sock
2026-07-28T19:33:43.614448Z  INFO herdr::server::headless: herdr server started api_socket=/home/btw/.config/herdr/herdr.sock client_socket=/home/btw/.config/herdr/herdr-client.sock
2026-07-28T19:33:43.619951Z  INFO herdr::logging: herdr starting event="app.startup" subsystem="server" outcome="started" pid=6371
2026-07-28T19:33:43.628188Z  INFO herdr::server::headless: client connected client_id=2 cols=172 rows=47 cell_width_px=0 cell_height_px=0 render_encoding=SemanticFrame
2026-07-28T19:33:46.627472Z  WARN herdr::detect::manifest_update: agent detection manifest update failed: failed to fetch https://herdr.dev/agent-detection/index.toml
2026-07-28T19:33:50.631822Z  WARN herdr::logging: update check failed event="update.check.complete" subsystem="update" outcome="error" err="failed to fetch update manifest"
2026-07-28T19:34:05.402678Z  INFO herdr::logging: workspace focused event="workspace.focus" subsystem="workspace" outcome="ok" workspace_id="w2"
2026-07-28T19:34:05.402794Z  INFO herdr::logging: tab focused event="tab.focus" subsystem="tab" outcome="ok" workspace_id="w2" tab_id="w2:t1"
2026-07-28T19:34:06.745200Z  INFO herdr::logging: tab focused event="tab.focus" subsystem="tab" outcome="ok" workspace_id="w2" tab_id="w2:t2"
2026-07-28T19:34:11.017478Z  INFO herdr::logging: tab focused event="tab.focus" subsystem="tab" outcome="ok" workspace_id="w2" tab_id="w2:t2"
2026-07-28T19:34:12.594632Z  INFO herdr::logging: tab focused event="tab.focus" subsystem="tab" outcome="ok" workspace_id="w2" tab_id="w2:t2"
2026-07-28T19:34:13.321758Z  INFO herdr::logging: tab focused event="tab.focus" subsystem="tab" outcome="ok" workspace_id="w2" tab_id="w2:t1"
2026-07-28T19:34:16.264687Z  INFO herdr::logging: tab focused event="tab.focus" subsystem="tab" outcome="ok" workspace_id="w2" tab_id="w2:t1"
2026-07-28T19:34:17.316650Z  INFO herdr::logging: tab focused event="tab.focus" subsystem="tab" outcome="ok" workspace_id="w2" tab_id="w2:t2"
2026-07-28T19:34:22.319425Z  INFO herdr::logging: session saved event="persist.save" subsystem="persist" outcome="ok" path=/home/btw/.config/herdr/session.json workspaces=2
2026-07-28T19:34:25.115775Z  INFO herdr::logging: tab focused event="tab.focus" subsystem="tab" outcome="ok" workspace_id="w2" tab_id="w2:t1"
2026-07-28T19:34:25.775651Z  INFO herdr::logging: tab focused event="tab.focus" subsystem="tab" outcome="ok" workspace_id="w2" tab_id="w2:t2"
2026-07-28T19:34:29.020667Z  INFO herdr::logging: tab focused event="tab.focus" subsystem="tab" outcome="ok" workspace_id="w2" tab_id="w2:t2"
2026-07-28T19:34:30.610505Z  INFO herdr::logging: pane child exited event="pane.exit" subsystem="pane" outcome="completed" pane_id=3 status="ExitStatus { code: 0, signal: None }"
2026-07-28T19:34:30.614241Z  INFO herdr::pane: pane session terminated pane=3 pid=6394 signal=Hangup
2026-07-28T19:34:30.615575Z  WARN herdr::app::actions: PaneDied for unknown pane pane=3
2026-07-28T19:34:33.404902Z  INFO herdr::logging: api request received event="api.request.start" subsystem="api" outcome="started" request_id="cli:pane:split" method="pane.split" changes_ui=true
2026-07-28T19:34:33.404972Z  INFO herdr::logging: spawning pane terminal event="pane.spawn.start" subsystem="pane" outcome="started" pane_id=5 rows=46 cols=146 scrollback_limit_bytes=10000000
2026-07-28T19:34:33.406097Z  INFO herdr::logging: pane child spawned event="pane.spawned" subsystem="pane" outcome="ok" pane_id=5 pid=7219
2026-07-28T19:34:33.406802Z  INFO herdr::logging: api request completed event="api.request.complete" subsystem="api" outcome="ok" request_id="cli:pane:split" method="pane.split"
2026-07-28T19:34:33.414296Z  INFO herdr::logging: api request received event="api.request.start" subsystem="api" outcome="started" request_id="cli:workspace:focus" method="workspace.focus" changes_ui=true
2026-07-28T19:34:33.414375Z  INFO herdr::logging: workspace focused event="workspace.focus" subsystem="workspace" outcome="ok" workspace_id="w1"
2026-07-28T19:34:33.414497Z  INFO herdr::logging: tab focused event="tab.focus" subsystem="tab" outcome="ok" workspace_id="w1" tab_id="w1:t1"
2026-07-28T19:34:33.414548Z  INFO herdr::logging: api request completed event="api.request.complete" subsystem="api" outcome="ok" request_id="cli:workspace:focus" method="workspace.focus"
2026-07-28T19:34:38.417284Z  INFO herdr::logging: session saved event="persist.save" subsystem="persist" outcome="ok" path=/home/btw/.config/herdr/session.json workspaces=2
2026-07-28T19:34:51.659372Z  INFO herdr::logging: workspace focused event="workspace.focus" subsystem="workspace" outcome="ok" workspace_id="w2"
2026-07-28T19:34:51.659483Z  INFO herdr::logging: tab focused event="tab.focus" subsystem="tab" outcome="ok" workspace_id="w2" tab_id="w2:t2"
2026-07-28T19:34:53.607980Z  INFO herdr::logging: tab focused event="tab.focus" subsystem="tab" outcome="ok" workspace_id="w2" tab_id="w2:t2"
2026-07-28T19:34:56.619966Z  INFO herdr::logging: pane child exited event="pane.exit" subsystem="pane" outcome="completed" pane_id=5 status="ExitStatus { code: 0, signal: None }"
2026-07-28T19:34:56.623567Z  INFO herdr::pane: pane session terminated pane=5 pid=7219 signal=Hangup
2026-07-28T19:34:56.623963Z  WARN herdr::app::actions: PaneDied for unknown pane pane=5
2026-07-28T19:34:57.493091Z  INFO herdr::logging: tab focused event="tab.focus" subsystem="tab" outcome="ok" workspace_id="w2" tab_id="w2:t1"
2026-07-28T19:34:59.787531Z  INFO herdr::logging: tab focused event="tab.focus" subsystem="tab" outcome="ok" workspace_id="w2" tab_id="w2:t2"
2026-07-28T19:35:04.790355Z  INFO herdr::logging: session saved event="persist.save" subsystem="persist" outcome="ok" path=/home/btw/.config/herdr/session.json workspaces=2
2026-07-28T19:35:33.223632Z  INFO herdr::pane: agent changed pane=2 previous_agent=None agent=Some(OpenCode) process=opencode pgid=Some(7850)
2026-07-28T19:39:04.702234Z  INFO herdr::pane: agent changed pane=2 previous_agent=Some(OpenCode) agent=None pgid=Some(6390)
2026-07-28T19:39:07.210529Z  INFO herdr::pane: agent changed pane=2 previous_agent=None agent=Some(OpenCode) process=opencode pgid=Some(9828)
2026-07-28T19:39:16.555835Z  INFO herdr::pane: agent changed pane=2 previous_agent=Some(OpenCode) agent=None pgid=Some(6390)
2026-07-28T19:41:35.362048Z  INFO herdr::logging: tab focused event="tab.focus" subsystem="tab" outcome="ok" workspace_id="w2" tab_id="w2:t1"
2026-07-28T19:41:36.044937Z  INFO herdr::logging: tab focused event="tab.focus" subsystem="tab" outcome="ok" workspace_id="w2" tab_id="w2:t2"
2026-07-28T19:41:41.047436Z  INFO herdr::logging: session saved event="persist.save" subsystem="persist" outcome="ok" path=/home/btw/.config/herdr/session.json workspaces=2
2026-07-28T19:43:45.783324Z  INFO herdr::logging: tab focused event="tab.focus" subsystem="tab" outcome="ok" workspace_id="w2" tab_id="w2:t1"
2026-07-28T19:43:47.693458Z  INFO herdr::pane: agent changed pane=4 previous_agent=None agent=Some(OpenCode) process=opencode pgid=Some(12840)
2026-07-28T19:43:50.785485Z  INFO herdr::logging: session saved event="persist.save" subsystem="persist" outcome="ok" path=/home/btw/.config/herdr/session.json workspaces=2
2026-07-28T19:49:52.418673Z  INFO herdr::logging: tab focused event="tab.focus" subsystem="tab" outcome="ok" workspace_id="w2" tab_id="w2:t2"
2026-07-28T19:49:57.420904Z  INFO herdr::logging: session saved event="persist.save" subsystem="persist" outcome="ok" path=/home/btw/.config/herdr/session.json workspaces=2
2026-07-28T19:50:39.764306Z  INFO herdr::logging: tab focused event="tab.focus" subsystem="tab" outcome="ok" workspace_id="w2" tab_id="w2:t1"
2026-07-28T19:50:44.766055Z  INFO herdr::logging: session saved event="persist.save" subsystem="persist" outcome="ok" path=/home/btw/.config/herdr/session.json workspaces=2
2026-07-28T19:50:59.829127Z  INFO herdr::logging: tab focused event="tab.focus" subsystem="tab" outcome="ok" workspace_id="w2" tab_id="w2:t2"
2026-07-28T19:51:00.891148Z  INFO herdr::logging: tab focused event="tab.focus" subsystem="tab" outcome="ok" workspace_id="w2" tab_id="w2:t1"
2026-07-28T19:51:03.812063Z  INFO herdr::logging: tab focused event="tab.focus" subsystem="tab" outcome="ok" workspace_id="w2" tab_id="w2:t2"
2026-07-28T19:51:08.814488Z  INFO herdr::logging: session saved event="persist.save" subsystem="persist" outcome="ok" path=/home/btw/.config/herdr/session.json workspaces=2
2026-07-28T19:51:26.091930Z  INFO herdr::logging: tab focused event="tab.focus" subsystem="tab" outcome="ok" workspace_id="w2" tab_id="w2:t1"
2026-07-28T19:51:31.094064Z  INFO herdr::logging: session saved event="persist.save" subsystem="persist" outcome="ok" path=/home/btw/.config/herdr/session.json workspaces=2
2026-07-28T19:51:35.515354Z  INFO herdr::logging: tab focused event="tab.focus" subsystem="tab" outcome="ok" workspace_id="w2" tab_id="w2:t2"
2026-07-28T19:51:36.220441Z  INFO herdr::logging: tab focused event="tab.focus" subsystem="tab" outcome="ok" workspace_id="w2" tab_id="w2:t1"
2026-07-28T19:51:41.221959Z  INFO herdr::logging: session saved event="persist.save" subsystem="persist" outcome="ok" path=/home/btw/.config/herdr/session.json workspaces=2
2026-07-28T19:51:44.257773Z  INFO herdr::logging: tab focused event="tab.focus" subsystem="tab" outcome="ok" workspace_id="w2" tab_id="w2:t2"
2026-07-28T19:51:49.260753Z  INFO herdr::logging: session saved event="persist.save" subsystem="persist" outcome="ok" path=/home/btw/.config/herdr/session.json workspaces=2
2026-07-28T19:51:51.611483Z  INFO herdr::logging: tab focused event="tab.focus" subsystem="tab" outcome="ok" workspace_id="w2" tab_id="w2:t1"
2026-07-28T19:51:53.486080Z  INFO herdr::pane: agent changed pane=4 previous_agent=Some(OpenCode) agent=None pgid=Some(6397)
2026-07-28T19:51:54.991313Z  INFO herdr::pane: agent changed pane=4 previous_agent=None agent=Some(OpenCode) process=opencode pgid=Some(16109)
2026-07-28T19:51:56.614458Z  INFO herdr::logging: session saved event="persist.save" subsystem="persist" outcome="ok" path=/home/btw/.config/herdr/session.json workspaces=2
2026-07-28T19:52:04.637178Z  INFO herdr::pane: agent changed pane=4 previous_agent=Some(OpenCode) agent=None pgid=Some(6397)
2026-07-28T19:52:06.926604Z  INFO herdr::logging: tab focused event="tab.focus" subsystem="tab" outcome="ok" workspace_id="w2" tab_id="w2:t2"
2026-07-28T19:52:07.989483Z  INFO herdr::logging: tab focused event="tab.focus" subsystem="tab" outcome="ok" workspace_id="w2" tab_id="w2:t1"
2026-07-28T19:52:10.654172Z  INFO herdr::pane: agent changed pane=4 previous_agent=None agent=Some(OpenCode) process=opencode pgid=Some(16299)
2026-07-28T19:52:12.991442Z  INFO herdr::logging: session saved event="persist.save" subsystem="persist" outcome="ok" path=/home/btw/.config/herdr/session.json workspaces=2
2026-07-28T19:54:34.875068Z  INFO herdr::pane: agent changed pane=4 previous_agent=Some(OpenCode) agent=None pgid=Some(6397)
2026-07-28T19:54:36.380460Z  INFO herdr::pane: agent changed pane=4 previous_agent=None agent=Some(OpenCode) process=opencode pgid=Some(17622)
2026-07-28T19:54:44.217686Z  INFO herdr::pane: agent changed pane=4 previous_agent=Some(OpenCode) agent=None pgid=Some(6397)
2026-07-28T19:54:44.541840Z  INFO herdr::logging: tab focused event="tab.focus" subsystem="tab" outcome="ok" workspace_id="w2" tab_id="w2:t2"
2026-07-28T19:54:49.545042Z  INFO herdr::logging: session saved event="persist.save" subsystem="persist" outcome="ok" path=/home/btw/.config/herdr/session.json workspaces=2
2026-07-28T19:58:35.777490Z  INFO herdr::logging: tab focused event="tab.focus" subsystem="tab" outcome="ok" workspace_id="w2" tab_id="w2:t1"
2026-07-28T19:58:36.818302Z  INFO herdr::logging: tab focused event="tab.focus" subsystem="tab" outcome="ok" workspace_id="w2" tab_id="w2:t2"
2026-07-28T19:58:41.820261Z  INFO herdr::logging: session saved event="persist.save" subsystem="persist" outcome="ok" path=/home/btw/.config/herdr/session.json workspaces=2
2026-07-28T19:58:48.220396Z  INFO herdr::logging: tab focused event="tab.focus" subsystem="tab" outcome="ok" workspace_id="w2" tab_id="w2:t1"
2026-07-28T19:58:48.592386Z  INFO herdr::logging: tab focused event="tab.focus" subsystem="tab" outcome="ok" workspace_id="w2" tab_id="w2:t2"
2026-07-28T19:58:53.594684Z  INFO herdr::logging: session saved event="persist.save" subsystem="persist" outcome="ok" path=/home/btw/.config/herdr/session.json workspaces=2
2026-07-28T20:01:07.309936Z  INFO herdr::server::headless: client disconnected client_id=2
2026-07-28T20:08:17.729532Z  INFO herdr::api::server: api server listening path=/home/btw/.config/herdr/herdr.sock
2026-07-28T20:08:17.738409Z  INFO herdr::logging: spawning pane terminal event="pane.spawn.start" subsystem="pane" outcome="started" pane_id=1 rows=24 cols=80 scrollback_limit_bytes=10000000
2026-07-28T20:08:17.744685Z  INFO herdr::logging: pane child spawned event="pane.spawned" subsystem="pane" outcome="ok" pane_id=1 pid=6351
2026-07-28T20:08:17.749148Z  INFO herdr::logging: spawning pane terminal event="pane.spawn.start" subsystem="pane" outcome="started" pane_id=2 rows=24 cols=80 scrollback_limit_bytes=10000000
2026-07-28T20:08:17.749878Z  INFO herdr::logging: pane child spawned event="pane.spawned" subsystem="pane" outcome="ok" pane_id=2 pid=6356
2026-07-28T20:08:17.750115Z  INFO herdr::logging: spawning pane terminal event="pane.spawn.start" subsystem="pane" outcome="started" pane_id=3 rows=24 cols=80 scrollback_limit_bytes=10000000
2026-07-28T20:08:17.750831Z  INFO herdr::logging: pane child spawned event="pane.spawned" subsystem="pane" outcome="ok" pane_id=3 pid=6359
2026-07-28T20:08:17.754304Z  INFO herdr::logging: session restore evaluated event="persist.restore" subsystem="persist" outcome="ok" workspaces=2
2026-07-28T20:08:17.754321Z  INFO herdr::app: using pane scrollback configuration pane_scrollback_limit_bytes=10000000
2026-07-28T20:08:17.867000Z  INFO herdr::logging: checking for updates event="update.check.start" subsystem="update" outcome="started"
2026-07-28T20:08:17.873890Z  INFO herdr::server::headless: restored session already has workspaces; ignoring startup cwd cwd=/home/btw
2026-07-28T20:08:17.874681Z  INFO herdr::server::headless: client protocol socket listening path=/home/btw/.config/herdr/herdr-client.sock
2026-07-28T20:08:17.874706Z  INFO herdr::server::headless: herdr server started api_socket=/home/btw/.config/herdr/herdr.sock client_socket=/home/btw/.config/herdr/herdr-client.sock
2026-07-28T20:08:17.880908Z  INFO herdr::logging: herdr starting event="app.startup" subsystem="server" outcome="started" pid=6337
2026-07-28T20:08:18.151826Z  INFO herdr::server::headless: client connected client_id=2 cols=172 rows=47 cell_width_px=0 cell_height_px=0 render_encoding=SemanticFrame
2026-07-28T20:08:21.207549Z  INFO herdr::logging: tab focused event="tab.focus" subsystem="tab" outcome="ok" workspace_id="w2" tab_id="w2:t1"
2026-07-28T20:08:22.449230Z  INFO herdr::logging: tab focused event="tab.focus" subsystem="tab" outcome="ok" workspace_id="w2" tab_id="w2:t2"
2026-07-28T20:08:27.452608Z  INFO herdr::logging: session saved event="persist.save" subsystem="persist" outcome="ok" path=/home/btw/.config/herdr/session.json workspaces=2
2026-07-28T20:12:12.864654Z  INFO herdr::logging: tab focused event="tab.focus" subsystem="tab" outcome="ok" workspace_id="w2" tab_id="w2:t1"
2026-07-28T20:12:14.242665Z  INFO herdr::logging: tab focused event="tab.focus" subsystem="tab" outcome="ok" workspace_id="w2" tab_id="w2:t2"
2026-07-28T20:12:19.244948Z  INFO herdr::logging: session saved event="persist.save" subsystem="persist" outcome="ok" path=/home/btw/.config/herdr/session.json workspaces=2
2026-07-28T20:13:17.776809Z  INFO herdr::logging: tab focused event="tab.focus" subsystem="tab" outcome="ok" workspace_id="w2" tab_id="w2:t2"
2026-07-28T20:13:18.806894Z  INFO herdr::logging: tab focused event="tab.focus" subsystem="tab" outcome="ok" workspace_id="w2" tab_id="w2:t1"
2026-07-28T20:13:20.217976Z  INFO herdr::pane: agent changed pane=3 previous_agent=None agent=Some(OpenCode) process=opencode pgid=Some(9843)
2026-07-28T20:13:23.093425Z  INFO herdr::logging: api request received event="api.request.start" subsystem="api" outcome="started" request_id="cli:workspace:focus" method="workspace.focus" changes_ui=true
2026-07-28T20:13:23.093477Z  INFO herdr::logging: workspace focused event="workspace.focus" subsystem="workspace" outcome="ok" workspace_id="w2"
2026-07-28T20:13:23.093633Z  INFO herdr::logging: tab focused event="tab.focus" subsystem="tab" outcome="ok" workspace_id="w2" tab_id="w2:t1"
2026-07-28T20:13:23.093676Z  INFO herdr::logging: api request completed event="api.request.complete" subsystem="api" outcome="ok" request_id="cli:workspace:focus" method="workspace.focus"
2026-07-28T20:13:28.095529Z  INFO herdr::logging: session saved event="persist.save" subsystem="persist" outcome="ok" path=/home/btw/.config/herdr/session.json workspaces=2
2026-07-28T20:13:29.489280Z  INFO herdr::server::headless: client resize client_id=2 cols=173 rows=48 cell_width_px=0 cell_height_px=0
2026-07-28T20:19:09.679699Z  INFO herdr::logging: tab focused event="tab.focus" subsystem="tab" outcome="ok" workspace_id="w2" tab_id="w2:t2"
2026-07-28T20:19:12.912652Z  INFO herdr::logging: tab focused event="tab.focus" subsystem="tab" outcome="ok" workspace_id="w2" tab_id="w2:t1"
2026-07-28T20:19:17.915167Z  INFO herdr::logging: session saved event="persist.save" subsystem="persist" outcome="ok" path=/home/btw/.config/herdr/session.json workspaces=2
2026-07-28T20:19:50.169275Z  INFO herdr::server::headless: client resize client_id=2 cols=172 rows=47 cell_width_px=0 cell_height_px=0
2026-07-28T20:20:55.319550Z  INFO herdr::pane: agent changed pane=3 previous_agent=Some(OpenCode) agent=None pgid=Some(6359)
2026-07-28T20:20:56.322058Z  INFO herdr::pane: agent changed pane=3 previous_agent=None agent=Some(OpenCode) process=opencode pgid=Some(12390)
2026-07-28T20:28:37.701886Z  INFO herdr::logging: tab focused event="tab.focus" subsystem="tab" outcome="ok" workspace_id="w2" tab_id="w2:t2"
2026-07-28T20:28:42.188953Z  INFO herdr::logging: tab focused event="tab.focus" subsystem="tab" outcome="ok" workspace_id="w2" tab_id="w2:t1"
2026-07-28T20:28:47.191221Z  INFO herdr::logging: session saved event="persist.save" subsystem="persist" outcome="ok" path=/home/btw/.config/herdr/session.json workspaces=2
2026-07-28T20:31:53.543511Z  INFO herdr::logging: tab focused event="tab.focus" subsystem="tab" outcome="ok" workspace_id="w2" tab_id="w2:t2"
2026-07-28T20:31:54.181553Z  INFO herdr::logging: tab focused event="tab.focus" subsystem="tab" outcome="ok" workspace_id="w2" tab_id="w2:t1"
2026-07-28T20:31:59.183666Z  INFO herdr::logging: session saved event="persist.save" subsystem="persist" outcome="ok" path=/home/btw/.config/herdr/session.json workspaces=2
2026-07-28T20:32:26.226367Z  INFO herdr::logging: tab focused event="tab.focus" subsystem="tab" outcome="ok" workspace_id="w2" tab_id="w2:t2"
2026-07-28T20:32:31.228460Z  INFO herdr::logging: session saved event="persist.save" subsystem="persist" outcome="ok" path=/home/btw/.config/herdr/session.json workspaces=2
2026-07-28T20:33:14.487958Z  INFO herdr::logging: tab focused event="tab.focus" subsystem="tab" outcome="ok" workspace_id="w2" tab_id="w2:t1"
2026-07-28T20:33:19.112586Z  INFO herdr::logging: tab focused event="tab.focus" subsystem="tab" outcome="ok" workspace_id="w2" tab_id="w2:t2"
2026-07-28T20:33:24.114551Z  INFO herdr::logging: session saved event="persist.save" subsystem="persist" outcome="ok" path=/home/btw/.config/herdr/session.json workspaces=2
2026-07-28T20:33:30.416918Z  INFO herdr::logging: tab focused event="tab.focus" subsystem="tab" outcome="ok" workspace_id="w2" tab_id="w2:t1"
2026-07-28T20:33:33.763816Z  INFO herdr::logging: tab focused event="tab.focus" subsystem="tab" outcome="ok" workspace_id="w2" tab_id="w2:t2"
2026-07-28T20:33:38.766956Z  INFO herdr::logging: session saved event="persist.save" subsystem="persist" outcome="ok" path=/home/btw/.config/herdr/session.json workspaces=2
2026-07-28T20:33:46.020936Z  INFO herdr::logging: tab focused event="tab.focus" subsystem="tab" outcome="ok" workspace_id="w2" tab_id="w2:t1"
2026-07-28T20:33:51.023882Z  INFO herdr::logging: session saved event="persist.save" subsystem="persist" outcome="ok" path=/home/btw/.config/herdr/session.json workspaces=2
2026-07-28T20:33:52.615167Z  INFO herdr::logging: tab focused event="tab.focus" subsystem="tab" outcome="ok" workspace_id="w2" tab_id="w2:t2"
2026-07-28T20:33:57.617756Z  INFO herdr::logging: session saved event="persist.save" subsystem="persist" outcome="ok" path=/home/btw/.config/herdr/session.json workspaces=2
2026-07-28T20:34:35.828594Z  INFO herdr::logging: tab focused event="tab.focus" subsystem="tab" outcome="ok" workspace_id="w2" tab_id="w2:t1"
2026-07-28T20:34:40.831650Z  INFO herdr::logging: session saved event="persist.save" subsystem="persist" outcome="ok" path=/home/btw/.config/herdr/session.json workspaces=2
2026-07-28T20:38:09.232825Z  INFO herdr::logging: tab focused event="tab.focus" subsystem="tab" outcome="ok" workspace_id="w2" tab_id="w2:t2"
2026-07-28T20:38:14.114059Z  INFO herdr::logging: tab focused event="tab.focus" subsystem="tab" outcome="ok" workspace_id="w2" tab_id="w2:t1"
2026-07-28T20:38:16.856778Z  INFO herdr::logging: tab focused event="tab.focus" subsystem="tab" outcome="ok" workspace_id="w2" tab_id="w2:t2"
2026-07-28T20:38:17.596711Z  INFO herdr::logging: tab focused event="tab.focus" subsystem="tab" outcome="ok" workspace_id="w2" tab_id="w2:t1"
2026-07-28T20:38:17.868505Z  INFO herdr::logging: checking for updates event="update.check.start" subsystem="update" outcome="started"
2026-07-28T20:38:22.598746Z  INFO herdr::logging: session saved event="persist.save" subsystem="persist" outcome="ok" path=/home/btw/.config/herdr/session.json workspaces=2
2026-07-28T20:46:02.193651Z  INFO herdr::logging: tab focused event="tab.focus" subsystem="tab" outcome="ok" workspace_id="w2" tab_id="w2:t2"
2026-07-28T20:46:07.195907Z  INFO herdr::logging: session saved event="persist.save" subsystem="persist" outcome="ok" path=/home/btw/.config/herdr/session.json workspaces=2
2026-07-28T20:47:33.674906Z  INFO herdr::logging: tab focused event="tab.focus" subsystem="tab" outcome="ok" workspace_id="w2" tab_id="w2:t1"
2026-07-28T20:47:38.678203Z  INFO herdr::logging: session saved event="persist.save" subsystem="persist" outcome="ok" path=/home/btw/.config/herdr/session.json workspaces=2
2026-07-28T20:50:40.276119Z  INFO herdr::logging: tab focused event="tab.focus" subsystem="tab" outcome="ok" workspace_id="w2" tab_id="w2:t2"
2026-07-28T20:50:45.278586Z  INFO herdr::logging: session saved event="persist.save" subsystem="persist" outcome="ok" path=/home/btw/.config/herdr/session.json workspaces=2
2026-07-28T20:50:45.279178Z  INFO herdr::logging: tab focused event="tab.focus" subsystem="tab" outcome="ok" workspace_id="w2" tab_id="w2:t1"
2026-07-28T20:50:46.768767Z  INFO herdr::logging: tab focused event="tab.focus" subsystem="tab" outcome="ok" workspace_id="w2" tab_id="w2:t2"
2026-07-28T20:50:51.771076Z  INFO herdr::logging: session saved event="persist.save" subsystem="persist" outcome="ok" path=/home/btw/.config/herdr/session.json workspaces=2
2026-07-28T20:50:54.859205Z  INFO herdr::logging: tab focused event="tab.focus" subsystem="tab" outcome="ok" workspace_id="w2" tab_id="w2:t1"
2026-07-28T20:50:59.861590Z  INFO herdr::logging: session saved event="persist.save" subsystem="persist" outcome="ok" path=/home/btw/.config/herdr/session.json workspaces=2
2026-07-28T20:58:47.443809Z  INFO herdr::logging: tab focused event="tab.focus" subsystem="tab" outcome="ok" workspace_id="w2" tab_id="w2:t2"
2026-07-28T20:58:52.446403Z  INFO herdr::logging: session saved event="persist.save" subsystem="persist" outcome="ok" path=/home/btw/.config/herdr/session.json workspaces=2
2026-07-28T21:00:45.167659Z  INFO herdr::logging: tab focused event="tab.focus" subsystem="tab" outcome="ok" workspace_id="w2" tab_id="w2:t1"
2026-07-28T21:00:48.644377Z  INFO herdr::pane: agent changed pane=3 previous_agent=Some(OpenCode) agent=None pgid=Some(6359)
2026-07-28T21:00:48.883933Z  INFO herdr::logging: tab focused event="tab.focus" subsystem="tab" outcome="ok" workspace_id="w2" tab_id="w2:t2"
2026-07-28T21:00:53.886591Z  INFO herdr::logging: session saved event="persist.save" subsystem="persist" outcome="ok" path=/home/btw/.config/herdr/session.json workspaces=2
2026-07-28T21:00:58.334628Z  INFO herdr::server::headless: client disconnected client_id=2
2026-07-28T22:20:28.681594Z  INFO herdr::api::server: api server listening path=/home/btw/.config/herdr/herdr.sock
2026-07-28T22:20:28.691045Z  INFO herdr::logging: spawning pane terminal event="pane.spawn.start" subsystem="pane" outcome="started" pane_id=1 rows=24 cols=80 scrollback_limit_bytes=10000000
2026-07-28T22:20:28.729368Z  INFO herdr::logging: pane child spawned event="pane.spawned" subsystem="pane" outcome="ok" pane_id=1 pid=6294
2026-07-28T22:20:28.734359Z  INFO herdr::logging: spawning pane terminal event="pane.spawn.start" subsystem="pane" outcome="started" pane_id=2 rows=24 cols=80 scrollback_limit_bytes=10000000
2026-07-28T22:20:28.735146Z  INFO herdr::logging: pane child spawned event="pane.spawned" subsystem="pane" outcome="ok" pane_id=2 pid=6299
2026-07-28T22:20:28.735368Z  INFO herdr::logging: spawning pane terminal event="pane.spawn.start" subsystem="pane" outcome="started" pane_id=3 rows=24 cols=80 scrollback_limit_bytes=10000000
2026-07-28T22:20:28.736111Z  INFO herdr::logging: pane child spawned event="pane.spawned" subsystem="pane" outcome="ok" pane_id=3 pid=6302
2026-07-28T22:20:28.739688Z  INFO herdr::logging: session restore evaluated event="persist.restore" subsystem="persist" outcome="ok" workspaces=2
2026-07-28T22:20:28.739706Z  INFO herdr::app: using pane scrollback configuration pane_scrollback_limit_bytes=10000000
2026-07-28T22:20:28.970422Z  INFO herdr::logging: checking for updates event="update.check.start" subsystem="update" outcome="started"
2026-07-28T22:20:28.975153Z  INFO herdr::server::headless: restored session already has workspaces; ignoring startup cwd cwd=/home/btw
2026-07-28T22:20:28.975689Z  INFO herdr::server::headless: client protocol socket listening path=/home/btw/.config/herdr/herdr-client.sock
2026-07-28T22:20:28.975711Z  INFO herdr::server::headless: herdr server started api_socket=/home/btw/.config/herdr/herdr.sock client_socket=/home/btw/.config/herdr/herdr-client.sock
2026-07-28T22:20:28.980719Z  INFO herdr::logging: herdr starting event="app.startup" subsystem="server" outcome="started" pid=6280
2026-07-28T22:20:29.020483Z  INFO herdr::server::headless: client connected client_id=2 cols=172 rows=47 cell_width_px=0 cell_height_px=0 render_encoding=SemanticFrame
2026-07-28T22:24:09.923120Z  INFO herdr::logging: tab focused event="tab.focus" subsystem="tab" outcome="ok" workspace_id="w2" tab_id="w2:t1"
2026-07-28T22:24:11.365557Z  INFO herdr::logging: tab focused event="tab.focus" subsystem="tab" outcome="ok" workspace_id="w2" tab_id="w2:t2"
2026-07-28T22:24:14.856534Z  INFO herdr::logging: tab focused event="tab.focus" subsystem="tab" outcome="ok" workspace_id="w2" tab_id="w2:t1"
2026-07-28T22:24:16.366597Z  INFO herdr::logging: tab focused event="tab.focus" subsystem="tab" outcome="ok" workspace_id="w2" tab_id="w2:t2"
2026-07-28T22:24:16.892484Z  INFO herdr::logging: tab focused event="tab.focus" subsystem="tab" outcome="ok" workspace_id="w2" tab_id="w2:t1"
2026-07-28T22:24:17.160012Z  INFO herdr::logging: tab focused event="tab.focus" subsystem="tab" outcome="ok" workspace_id="w2" tab_id="w2:t2"
2026-07-28T22:24:22.163091Z  INFO herdr::logging: session saved event="persist.save" subsystem="persist" outcome="ok" path=/home/btw/.config/herdr/session.json workspaces=2
2026-07-28T22:24:26.571637Z  INFO herdr::logging: spawning pane terminal event="pane.spawn.start" subsystem="pane" outcome="started" pane_id=4 rows=46 cols=146 scrollback_limit_bytes=10000000
2026-07-28T22:24:26.572988Z  INFO herdr::logging: pane child spawned event="pane.spawned" subsystem="pane" outcome="ok" pane_id=4 pid=8065
2026-07-28T22:24:26.573217Z  INFO herdr::logging: tab renamed event="tab.rename" subsystem="tab" outcome="ok" workspace_id="w2" tab_id="w2:t3"
2026-07-28T22:24:26.573314Z  INFO herdr::logging: tab focused event="tab.focus" subsystem="tab" outcome="ok" workspace_id="w2" tab_id="w2:t3"
2026-07-28T22:24:27.533582Z  INFO herdr::logging: tab focused event="tab.focus" subsystem="tab" outcome="ok" workspace_id="w2" tab_id="w2:t2"
2026-07-28T22:24:28.227434Z  INFO herdr::logging: tab focused event="tab.focus" subsystem="tab" outcome="ok" workspace_id="w2" tab_id="w2:t3"
2026-07-28T22:24:29.256426Z  INFO herdr::logging: tab focused event="tab.focus" subsystem="tab" outcome="ok" workspace_id="w2" tab_id="w2:t2"
2026-07-28T22:24:29.368359Z  INFO herdr::logging: api request received event="api.request.start" subsystem="api" outcome="started" request_id="cli:workspace:focus" method="workspace.focus" changes_ui=true
2026-07-28T22:24:29.368404Z  INFO herdr::logging: workspace focused event="workspace.focus" subsystem="workspace" outcome="ok" workspace_id="w2"
2026-07-28T22:24:29.368483Z  INFO herdr::logging: tab focused event="tab.focus" subsystem="tab" outcome="ok" workspace_id="w2" tab_id="w2:t2"
2026-07-28T22:24:29.368516Z  INFO herdr::logging: api request completed event="api.request.complete" subsystem="api" outcome="ok" request_id="cli:workspace:focus" method="workspace.focus"
2026-07-28T22:24:29.568517Z  INFO herdr::pane: agent changed pane=3 previous_agent=None agent=Some(OpenCode) process=opencode pgid=Some(8172)
2026-07-28T22:24:29.961303Z  INFO herdr::logging: tab focused event="tab.focus" subsystem="tab" outcome="ok" workspace_id="w2" tab_id="w2:t1"
2026-07-28T22:24:31.450231Z  INFO herdr::logging: tab focused event="tab.focus" subsystem="tab" outcome="ok" workspace_id="w2" tab_id="w2:t2"
2026-07-28T22:24:36.453539Z  INFO herdr::logging: session saved event="persist.save" subsystem="persist" outcome="ok" path=/home/btw/.config/herdr/session.json workspaces=2
2026-07-28T22:24:39.853328Z  INFO herdr::logging: spawning pane terminal event="pane.spawn.start" subsystem="pane" outcome="started" pane_id=5 rows=46 cols=146 scrollback_limit_bytes=10000000
2026-07-28T22:24:39.854640Z  INFO herdr::logging: pane child spawned event="pane.spawned" subsystem="pane" outcome="ok" pane_id=5 pid=8296
2026-07-28T22:24:39.854935Z  INFO herdr::logging: tab focused event="tab.focus" subsystem="tab" outcome="ok" workspace_id="w2" tab_id="w2:t2"
2026-07-28T22:24:47.026158Z  INFO herdr::logging: pane child exited event="pane.exit" subsystem="pane" outcome="completed" pane_id=5 status="ExitStatus { code: 0, signal: None }"
2026-07-28T22:24:47.030065Z  INFO herdr::pane: pane session terminated pane=5 pid=8296 signal=Hangup
2026-07-28T22:24:47.030491Z  WARN herdr::app::actions: PaneDied for unknown pane pane=5
2026-07-28T22:24:48.805255Z  INFO herdr::logging: tab focused event="tab.focus" subsystem="tab" outcome="ok" workspace_id="w2" tab_id="w2:t3"
2026-07-28T22:24:53.808242Z  INFO herdr::logging: session saved event="persist.save" subsystem="persist" outcome="ok" path=/home/btw/.config/herdr/session.json workspaces=2
2026-07-28T22:24:54.726154Z  INFO herdr::logging: tab focused event="tab.focus" subsystem="tab" outcome="ok" workspace_id="w2" tab_id="w2:t1"
2026-07-28T22:24:58.186086Z  INFO herdr::pane: agent changed pane=3 previous_agent=Some(OpenCode) agent=None pgid=Some(6302)
2026-07-28T22:24:58.498001Z  INFO herdr::logging: tab focused event="tab.focus" subsystem="tab" outcome="ok" workspace_id="w2" tab_id="w2:t2"
2026-07-28T22:25:03.500790Z  INFO herdr::logging: session saved event="persist.save" subsystem="persist" outcome="ok" path=/home/btw/.config/herdr/session.json workspaces=2
2026-07-28T22:25:07.216000Z  INFO herdr::logging: tab focused event="tab.focus" subsystem="tab" outcome="ok" workspace_id="w2" tab_id="w2:t1"
2026-07-28T22:25:07.787250Z  INFO herdr::logging: tab focused event="tab.focus" subsystem="tab" outcome="ok" workspace_id="w2" tab_id="w2:t2"
2026-07-28T22:25:09.453846Z  INFO herdr::logging: tab focused event="tab.focus" subsystem="tab" outcome="ok" workspace_id="w2" tab_id="w2:t3"
2026-07-28T22:25:13.414869Z  INFO herdr::logging: tab focused event="tab.focus" subsystem="tab" outcome="ok" workspace_id="w2" tab_id="w2:t2"
2026-07-28T22:25:18.417502Z  INFO herdr::logging: session saved event="persist.save" subsystem="persist" outcome="ok" path=/home/btw/.config/herdr/session.json workspaces=2
2026-07-28T22:36:16.844780Z  INFO herdr::logging: tab focused event="tab.focus" subsystem="tab" outcome="ok" workspace_id="w2" tab_id="w2:t1"
2026-07-28T22:36:17.818740Z  INFO herdr::logging: tab focused event="tab.focus" subsystem="tab" outcome="ok" workspace_id="w2" tab_id="w2:t3"
2026-07-28T22:36:22.820966Z  INFO herdr::logging: session saved event="persist.save" subsystem="persist" outcome="ok" path=/home/btw/.config/herdr/session.json workspaces=2
2026-07-28T22:38:19.331915Z  INFO herdr::logging: tab focused event="tab.focus" subsystem="tab" outcome="ok" workspace_id="w2" tab_id="w2:t2"
2026-07-28T22:38:20.058726Z  INFO herdr::logging: tab focused event="tab.focus" subsystem="tab" outcome="ok" workspace_id="w2" tab_id="w2:t1"
2026-07-28T22:38:25.060584Z  INFO herdr::logging: session saved event="persist.save" subsystem="persist" outcome="ok" path=/home/btw/.config/herdr/session.json workspaces=2
2026-07-28T22:39:18.748485Z  INFO herdr::logging: workspace focused event="workspace.focus" subsystem="workspace" outcome="ok" workspace_id="w1"
2026-07-28T22:39:18.748511Z  INFO herdr::logging: tab focused event="tab.focus" subsystem="tab" outcome="ok" workspace_id="w1" tab_id="w1:t1"
2026-07-28T22:39:23.750924Z  INFO herdr::logging: session saved event="persist.save" subsystem="persist" outcome="ok" path=/home/btw/.config/herdr/session.json workspaces=2
2026-07-28T22:39:50.257463Z  INFO herdr::server::headless: client disconnected client_id=2
2026-07-28T22:39:51.011692Z  INFO herdr::server::headless: client connected client_id=4 cols=172 rows=47 cell_width_px=0 cell_height_px=0 render_encoding=SemanticFrame
2026-07-28T22:43:15.242791Z  INFO herdr::pane: agent changed pane=1 previous_agent=None agent=Some(Claude) process=claude pgid=Some(20339)
2026-07-28T22:43:17.956013Z  INFO herdr::pane: agent changed pane=1 previous_agent=Some(Claude) agent=None pgid=Some(6294)
2026-07-28T22:43:27.795190Z  INFO herdr::logging: workspace focused event="workspace.focus" subsystem="workspace" outcome="ok" workspace_id="w2"
2026-07-28T22:43:27.795225Z  INFO herdr::logging: tab focused event="tab.focus" subsystem="tab" outcome="ok" workspace_id="w2" tab_id="w2:t1"
2026-07-28T22:43:32.797252Z  INFO herdr::logging: session saved event="persist.save" subsystem="persist" outcome="ok" path=/home/btw/.config/herdr/session.json workspaces=2
2026-07-28T22:43:35.720688Z  INFO herdr::pane: agent changed pane=3 previous_agent=None agent=Some(OpenCode) process=opencode pgid=Some(20774)
2026-07-28T22:46:05.540274Z  INFO herdr::logging: tab focused event="tab.focus" subsystem="tab" outcome="ok" workspace_id="w2" tab_id="w2:t2"
2026-07-28T22:46:10.543052Z  INFO herdr::logging: session saved event="persist.save" subsystem="persist" outcome="ok" path=/home/btw/.config/herdr/session.json workspaces=2
2026-07-28T22:46:52.968384Z  INFO herdr::logging: tab focused event="tab.focus" subsystem="tab" outcome="ok" workspace_id="w2" tab_id="w2:t1"
2026-07-28T22:46:57.970049Z  INFO herdr::logging: session saved event="persist.save" subsystem="persist" outcome="ok" path=/home/btw/.config/herdr/session.json workspaces=2
2026-07-28T22:47:16.860400Z  INFO herdr::pane: agent changed pane=3 previous_agent=Some(OpenCode) agent=None pgid=Some(6302)
2026-07-28T22:48:31.798704Z  INFO herdr::logging: tab focused event="tab.focus" subsystem="tab" outcome="ok" workspace_id="w2" tab_id="w2:t2"
2026-07-28T22:48:33.062552Z  INFO herdr::logging: tab focused event="tab.focus" subsystem="tab" outcome="ok" workspace_id="w2" tab_id="w2:t1"
2026-07-28T22:48:34.083409Z  INFO herdr::pane: agent changed pane=3 previous_agent=None agent=Some(Claude) process=claude pgid=Some(23477)
2026-07-28T22:48:38.065369Z  INFO herdr::logging: session saved event="persist.save" subsystem="persist" outcome="ok" path=/home/btw/.config/herdr/session.json workspaces=2
2026-07-28T22:50:28.971052Z  INFO herdr::logging: checking for updates event="update.check.start" subsystem="update" outcome="started"
2026-07-28T22:50:56.938436Z  INFO herdr::pane: agent changed pane=3 previous_agent=Some(Claude) agent=None pgid=Some(6302)
2026-07-28T23:01:08.763435Z  INFO herdr::pane: agent changed pane=3 previous_agent=None agent=Some(OpenCode) process=opencode pgid=Some(27183)
2026-07-28T23:01:52.496033Z  INFO herdr::logging: tab focused event="tab.focus" subsystem="tab" outcome="ok" workspace_id="w2" tab_id="w2:t2"
2026-07-28T23:01:56.634748Z  INFO herdr::logging: tab focused event="tab.focus" subsystem="tab" outcome="ok" workspace_id="w2" tab_id="w2:t3"
2026-07-28T23:02:01.636739Z  INFO herdr::logging: session saved event="persist.save" subsystem="persist" outcome="ok" path=/home/btw/.config/herdr/session.json workspaces=2
2026-07-28T23:02:12.678202Z  INFO herdr::logging: tab focused event="tab.focus" subsystem="tab" outcome="ok" workspace_id="w2" tab_id="w2:t1"
2026-07-28T23:02:17.679704Z  INFO herdr::logging: session saved event="persist.save" subsystem="persist" outcome="ok" path=/home/btw/.config/herdr/session.json workspaces=2
2026-07-28T23:07:40.311557Z  INFO herdr::logging: tab focused event="tab.focus" subsystem="tab" outcome="ok" workspace_id="w2" tab_id="w2:t2"
2026-07-28T23:07:45.235863Z  INFO herdr::logging: tab focused event="tab.focus" subsystem="tab" outcome="ok" workspace_id="w2" tab_id="w2:t3"
2026-07-28T23:07:46.720376Z  INFO herdr::logging: tab focused event="tab.focus" subsystem="tab" outcome="ok" workspace_id="w2" tab_id="w2:t1"
2026-07-28T23:07:47.702002Z  INFO herdr::logging: tab focused event="tab.focus" subsystem="tab" outcome="ok" workspace_id="w2" tab_id="w2:t3"
2026-07-28T23:07:49.774181Z  INFO herdr::logging: tab focused event="tab.focus" subsystem="tab" outcome="ok" workspace_id="w2" tab_id="w2:t1"
2026-07-28T23:07:54.777269Z  INFO herdr::logging: session saved event="persist.save" subsystem="persist" outcome="ok" path=/home/btw/.config/herdr/session.json workspaces=2
2026-07-28T23:09:33.500191Z  INFO herdr::pane: agent changed pane=3 previous_agent=Some(OpenCode) agent=None pgid=Some(6302)
2026-07-28T23:09:36.509894Z  INFO herdr::pane: agent changed pane=3 previous_agent=None agent=Some(OpenCode) process=opencode pgid=Some(29868)
2026-07-28T23:11:46.575955Z  INFO herdr::server::headless: client resize client_id=4 cols=85 rows=47 cell_width_px=0 cell_height_px=0
2026-07-28T23:11:47.677235Z  INFO herdr::server::headless: client resize client_id=4 cols=172 rows=47 cell_width_px=0 cell_height_px=0
2026-07-28T23:12:35.817421Z  INFO herdr::pane: agent changed pane=3 previous_agent=Some(OpenCode) agent=None pgid=Some(6302)
2026-07-28T23:12:38.827069Z  INFO herdr::pane: agent changed pane=3 previous_agent=None agent=Some(OpenCode) process=opencode pgid=Some(31092)
2026-07-28T23:14:48.096787Z  INFO herdr::pane: agent changed pane=3 previous_agent=Some(OpenCode) agent=None pgid=Some(6302)
2026-07-28T23:14:56.622256Z  INFO herdr::pane: agent changed pane=3 previous_agent=None agent=Some(OpenCode) process=opencode pgid=Some(31781)
2026-07-28T23:15:11.091786Z  INFO herdr::pane: agent changed pane=3 previous_agent=Some(OpenCode) agent=None pgid=Some(6302)
2026-07-28T23:15:11.593812Z  INFO herdr::pane: agent changed pane=3 previous_agent=None agent=Some(OpenCode) process=opencode pgid=Some(6302)
2026-07-28T23:15:17.016475Z  INFO herdr::pane: agent changed pane=3 previous_agent=Some(OpenCode) agent=None pgid=Some(6302)
2026-07-28T23:15:32.059957Z  INFO herdr::pane: agent changed pane=3 previous_agent=None agent=Some(OpenCode) process=opencode pgid=Some(32195)
2026-07-28T23:15:51.047500Z  INFO herdr::pane: agent changed pane=3 previous_agent=Some(OpenCode) agent=None pgid=Some(6302)
2026-07-28T23:15:52.550711Z  INFO herdr::pane: agent changed pane=3 previous_agent=None agent=Some(OpenCode) process=opencode pgid=Some(32350)
2026-07-28T23:16:14.559900Z  INFO herdr::pane: agent changed pane=3 previous_agent=Some(OpenCode) agent=None pgid=Some(6302)
2026-07-28T23:17:53.356172Z  INFO herdr::pane: agent changed pane=3 previous_agent=None agent=Some(OpenCode) process=opencode pgid=Some(33018)
2026-07-28T23:17:56.972605Z  INFO herdr::pane: agent changed pane=3 previous_agent=Some(OpenCode) agent=None pgid=Some(6302)
2026-07-28T23:18:00.983293Z  INFO herdr::pane: agent changed pane=3 previous_agent=None agent=Some(OpenCode) process=opencode pgid=Some(33132)
2026-07-28T23:18:05.505240Z  INFO herdr::pane: agent changed pane=3 previous_agent=Some(OpenCode) agent=None pgid=Some(6302)
2026-07-28T23:18:07.511183Z  INFO herdr::pane: agent changed pane=3 previous_agent=None agent=Some(OpenCode) process=opencode pgid=Some(33229)
2026-07-28T23:20:12.645772Z  INFO herdr::logging: tab focused event="tab.focus" subsystem="tab" outcome="ok" workspace_id="w2" tab_id="w2:t2"
2026-07-28T23:20:14.637454Z  INFO herdr::logging: tab focused event="tab.focus" subsystem="tab" outcome="ok" workspace_id="w2" tab_id="w2:t1"
2026-07-28T23:20:19.639767Z  INFO herdr::logging: session saved event="persist.save" subsystem="persist" outcome="ok" path=/home/btw/.config/herdr/session.json workspaces=2
2026-07-28T23:20:28.972231Z  INFO herdr::logging: checking for updates event="update.check.start" subsystem="update" outcome="started"
2026-07-28T23:20:33.036223Z  INFO herdr::logging: tab focused event="tab.focus" subsystem="tab" outcome="ok" workspace_id="w2" tab_id="w2:t2"
2026-07-28T23:20:33.830326Z  INFO herdr::logging: tab focused event="tab.focus" subsystem="tab" outcome="ok" workspace_id="w2" tab_id="w2:t3"
2026-07-28T23:20:35.408341Z  INFO herdr::logging: tab focused event="tab.focus" subsystem="tab" outcome="ok" workspace_id="w2" tab_id="w2:t1"
2026-07-28T23:20:38.196177Z  INFO herdr::logging: tab focused event="tab.focus" subsystem="tab" outcome="ok" workspace_id="w2" tab_id="w2:t3"
2026-07-28T23:20:43.198197Z  INFO herdr::logging: session saved event="persist.save" subsystem="persist" outcome="ok" path=/home/btw/.config/herdr/session.json workspaces=2
2026-07-28T23:20:46.600455Z  INFO herdr::logging: tab focused event="tab.focus" subsystem="tab" outcome="ok" workspace_id="w2" tab_id="w2:t1"
2026-07-28T23:20:46.982210Z  WARN herdr::detect::manifest_update: agent detection manifest update failed: failed to fetch https://herdr.dev/agent-detection/index.toml
2026-07-28T23:20:51.603155Z  INFO herdr::logging: session saved event="persist.save" subsystem="persist" outcome="ok" path=/home/btw/.config/herdr/session.json workspaces=2
2026-07-28T23:21:01.467964Z  INFO herdr::logging: tab focused event="tab.focus" subsystem="tab" outcome="ok" workspace_id="w2" tab_id="w2:t3"
2026-07-28T23:21:02.161135Z  INFO herdr::logging: tab focused event="tab.focus" subsystem="tab" outcome="ok" workspace_id="w2" tab_id="w2:t1"
2026-07-28T23:21:07.164333Z  INFO herdr::logging: session saved event="persist.save" subsystem="persist" outcome="ok" path=/home/btw/.config/herdr/session.json workspaces=2
2026-07-28T23:22:22.012350Z  INFO herdr::logging: tab focused event="tab.focus" subsystem="tab" outcome="ok" workspace_id="w2" tab_id="w2:t1"
2026-07-28T23:22:22.851436Z  INFO herdr::logging: tab focused event="tab.focus" subsystem="tab" outcome="ok" workspace_id="w2" tab_id="w2:t2"
2026-07-28T23:22:27.854318Z  INFO herdr::logging: session saved event="persist.save" subsystem="persist" outcome="ok" path=/home/btw/.config/herdr/session.json workspaces=2
2026-07-28T23:22:29.063416Z  INFO herdr::logging: tab focused event="tab.focus" subsystem="tab" outcome="ok" workspace_id="w2" tab_id="w2:t1"
2026-07-28T23:22:34.066060Z  INFO herdr::logging: session saved event="persist.save" subsystem="persist" outcome="ok" path=/home/btw/.config/herdr/session.json workspaces=2
2026-07-28T23:22:59.649853Z  INFO herdr::logging: tab focused event="tab.focus" subsystem="tab" outcome="ok" workspace_id="w2" tab_id="w2:t2"
2026-07-28T23:23:04.651675Z  INFO herdr::logging: session saved event="persist.save" subsystem="persist" outcome="ok" path=/home/btw/.config/herdr/session.json workspaces=2
2026-07-28T23:23:32.970982Z  INFO herdr::logging: tab focused event="tab.focus" subsystem="tab" outcome="ok" workspace_id="w2" tab_id="w2:t1"
2026-07-28T23:23:37.973528Z  INFO herdr::logging: session saved event="persist.save" subsystem="persist" outcome="ok" path=/home/btw/.config/herdr/session.json workspaces=2
2026-07-28T23:26:11.792136Z  INFO herdr::logging: tab focused event="tab.focus" subsystem="tab" outcome="ok" workspace_id="w2" tab_id="w2:t3"
2026-07-28T23:26:16.795114Z  INFO herdr::logging: session saved event="persist.save" subsystem="persist" outcome="ok" path=/home/btw/.config/herdr/session.json workspaces=2
2026-07-28T23:26:17.129254Z  INFO herdr::logging: tab focused event="tab.focus" subsystem="tab" outcome="ok" workspace_id="w2" tab_id="w2:t1"
2026-07-28T23:26:22.132216Z  INFO herdr::logging: session saved event="persist.save" subsystem="persist" outcome="ok" path=/home/btw/.config/herdr/session.json workspaces=2
2026-07-28T23:28:33.888979Z  INFO herdr::logging: tab focused event="tab.focus" subsystem="tab" outcome="ok" workspace_id="w2" tab_id="w2:t2"
2026-07-28T23:28:38.891941Z  INFO herdr::logging: session saved event="persist.save" subsystem="persist" outcome="ok" path=/home/btw/.config/herdr/session.json workspaces=2
2026-07-28T23:28:46.729186Z  INFO herdr::logging: tab focused event="tab.focus" subsystem="tab" outcome="ok" workspace_id="w2" tab_id="w2:t3"
2026-07-28T23:28:51.732331Z  INFO herdr::logging: session saved event="persist.save" subsystem="persist" outcome="ok" path=/home/btw/.config/herdr/session.json workspaces=2
2026-07-28T23:29:54.057408Z  INFO herdr::logging: tab focused event="tab.focus" subsystem="tab" outcome="ok" workspace_id="w2" tab_id="w2:t1"
2026-07-28T23:29:59.059600Z  INFO herdr::logging: session saved event="persist.save" subsystem="persist" outcome="ok" path=/home/btw/.config/herdr/session.json workspaces=2
2026-07-28T23:31:10.666676Z  INFO herdr::logging: tab focused event="tab.focus" subsystem="tab" outcome="ok" workspace_id="w2" tab_id="w2:t3"
2026-07-28T23:31:13.548645Z  INFO herdr::logging: tab focused event="tab.focus" subsystem="tab" outcome="ok" workspace_id="w2" tab_id="w2:t1"
2026-07-28T23:31:18.550478Z  INFO herdr::logging: session saved event="persist.save" subsystem="persist" outcome="ok" path=/home/btw/.config/herdr/session.json workspaces=2
2026-07-28T23:34:28.032561Z  INFO herdr::logging: tab focused event="tab.focus" subsystem="tab" outcome="ok" workspace_id="w2" tab_id="w2:t2"
2026-07-28T23:34:29.610629Z  INFO herdr::logging: tab focused event="tab.focus" subsystem="tab" outcome="ok" workspace_id="w2" tab_id="w2:t1"
2026-07-28T23:34:34.612814Z  INFO herdr::logging: session saved event="persist.save" subsystem="persist" outcome="ok" path=/home/btw/.config/herdr/session.json workspaces=2
2026-07-28T23:35:01.417588Z  INFO herdr::logging: tab focused event="tab.focus" subsystem="tab" outcome="ok" workspace_id="w2" tab_id="w2:t3"
2026-07-28T23:35:05.973427Z  INFO herdr::logging: tab focused event="tab.focus" subsystem="tab" outcome="ok" workspace_id="w2" tab_id="w2:t1"
2026-07-28T23:35:07.294524Z  INFO herdr::logging: tab focused event="tab.focus" subsystem="tab" outcome="ok" workspace_id="w2" tab_id="w2:t3"
2026-07-28T23:35:12.296809Z  INFO herdr::logging: session saved event="persist.save" subsystem="persist" outcome="ok" path=/home/btw/.config/herdr/session.json workspaces=2
2026-07-28T23:35:17.904791Z  INFO herdr::logging: tab focused event="tab.focus" subsystem="tab" outcome="ok" workspace_id="w2" tab_id="w2:t1"
2026-07-28T23:35:22.907031Z  INFO herdr::logging: session saved event="persist.save" subsystem="persist" outcome="ok" path=/home/btw/.config/herdr/session.json workspaces=2
2026-07-28T23:35:27.247576Z  INFO herdr::logging: tab focused event="tab.focus" subsystem="tab" outcome="ok" workspace_id="w2" tab_id="w2:t1"
2026-07-28T23:35:27.588682Z  INFO herdr::logging: tab focused event="tab.focus" subsystem="tab" outcome="ok" workspace_id="w2" tab_id="w2:t3"
2026-07-28T23:35:30.460660Z  INFO herdr::logging: tab focused event="tab.focus" subsystem="tab" outcome="ok" workspace_id="w2" tab_id="w2:t1"
2026-07-28T23:35:35.462831Z  INFO herdr::logging: session saved event="persist.save" subsystem="persist" outcome="ok" path=/home/btw/.config/herdr/session.json workspaces=2
2026-07-28T23:35:48.051439Z  INFO herdr::logging: tab focused event="tab.focus" subsystem="tab" outcome="ok" workspace_id="w2" tab_id="w2:t3"
2026-07-28T23:35:53.053485Z  INFO herdr::logging: session saved event="persist.save" subsystem="persist" outcome="ok" path=/home/btw/.config/herdr/session.json workspaces=2
2026-07-28T23:36:12.612206Z  INFO herdr::logging: tab focused event="tab.focus" subsystem="tab" outcome="ok" workspace_id="w2" tab_id="w2:t1"
2026-07-28T23:36:17.615015Z  INFO herdr::logging: session saved event="persist.save" subsystem="persist" outcome="ok" path=/home/btw/.config/herdr/session.json workspaces=2
2026-07-28T23:36:51.711567Z  INFO herdr::logging: tab focused event="tab.focus" subsystem="tab" outcome="ok" workspace_id="w2" tab_id="w2:t3"
2026-07-28T23:36:52.103804Z  INFO herdr::logging: tab focused event="tab.focus" subsystem="tab" outcome="ok" workspace_id="w2" tab_id="w2:t1"
2026-07-28T23:36:57.105798Z  INFO herdr::logging: session saved event="persist.save" subsystem="persist" outcome="ok" path=/home/btw/.config/herdr/session.json workspaces=2
2026-07-28T23:37:09.872159Z  INFO herdr::logging: tab focused event="tab.focus" subsystem="tab" outcome="ok" workspace_id="w2" tab_id="w2:t2"
2026-07-28T23:37:13.473671Z  INFO herdr::logging: tab focused event="tab.focus" subsystem="tab" outcome="ok" workspace_id="w2" tab_id="w2:t1"
2026-07-28T23:37:18.015179Z  INFO herdr::logging: tab focused event="tab.focus" subsystem="tab" outcome="ok" workspace_id="w2" tab_id="w2:t3"
2026-07-28T23:37:23.017980Z  INFO herdr::logging: session saved event="persist.save" subsystem="persist" outcome="ok" path=/home/btw/.config/herdr/session.json workspaces=2
2026-07-28T23:38:44.724847Z  INFO herdr::app::actions: copied selection to clipboard
2026-07-28T23:38:47.946782Z  INFO herdr::logging: tab focused event="tab.focus" subsystem="tab" outcome="ok" workspace_id="w2" tab_id="w2:t1"
2026-07-28T23:38:52.949622Z  INFO herdr::logging: session saved event="persist.save" subsystem="persist" outcome="ok" path=/home/btw/.config/herdr/session.json workspaces=2
2026-07-28T23:39:44.332072Z  INFO herdr::logging: tab focused event="tab.focus" subsystem="tab" outcome="ok" workspace_id="w2" tab_id="w2:t3"
2026-07-28T23:39:49.334267Z  INFO herdr::logging: session saved event="persist.save" subsystem="persist" outcome="ok" path=/home/btw/.config/herdr/session.json workspaces=2
2026-07-28T23:40:03.108483Z  INFO herdr::logging: tab focused event="tab.focus" subsystem="tab" outcome="ok" workspace_id="w2" tab_id="w2:t1"
2026-07-28T23:40:04.954551Z  INFO herdr::logging: tab focused event="tab.focus" subsystem="tab" outcome="ok" workspace_id="w2" tab_id="w2:t3"
2026-07-28T23:40:09.956347Z  INFO herdr::logging: session saved event="persist.save" subsystem="persist" outcome="ok" path=/home/btw/.config/herdr/session.json workspaces=2
2026-07-28T23:40:36.081275Z  INFO herdr::logging: tab focused event="tab.focus" subsystem="tab" outcome="ok" workspace_id="w2" tab_id="w2:t1"
2026-07-28T23:40:41.083878Z  INFO herdr::logging: session saved event="persist.save" subsystem="persist" outcome="ok" path=/home/btw/.config/herdr/session.json workspaces=2
2026-07-28T23:40:43.926203Z  INFO herdr::logging: tab focused event="tab.focus" subsystem="tab" outcome="ok" workspace_id="w2" tab_id="w2:t3"
2026-07-28T23:40:48.927458Z  INFO herdr::logging: session saved event="persist.save" subsystem="persist" outcome="ok" path=/home/btw/.config/herdr/session.json workspaces=2
2026-07-28T23:41:01.975410Z  INFO herdr::logging: tab focused event="tab.focus" subsystem="tab" outcome="ok" workspace_id="w2" tab_id="w2:t1"
2026-07-28T23:41:06.978532Z  INFO herdr::logging: session saved event="persist.save" subsystem="persist" outcome="ok" path=/home/btw/.config/herdr/session.json workspaces=2
2026-07-28T23:41:10.597615Z  INFO herdr::logging: tab focused event="tab.focus" subsystem="tab" outcome="ok" workspace_id="w2" tab_id="w2:t3"
2026-07-28T23:41:15.599900Z  INFO herdr::logging: session saved event="persist.save" subsystem="persist" outcome="ok" path=/home/btw/.config/herdr/session.json workspaces=2
2026-07-28T23:41:50.311108Z  INFO herdr::logging: tab focused event="tab.focus" subsystem="tab" outcome="ok" workspace_id="w2" tab_id="w2:t1"
2026-07-28T23:41:55.313581Z  INFO herdr::logging: session saved event="persist.save" subsystem="persist" outcome="ok" path=/home/btw/.config/herdr/session.json workspaces=2
2026-07-28T23:44:07.157544Z  INFO herdr::logging: tab focused event="tab.focus" subsystem="tab" outcome="ok" workspace_id="w2" tab_id="w2:t3"
2026-07-28T23:44:08.842013Z  INFO herdr::logging: tab focused event="tab.focus" subsystem="tab" outcome="ok" workspace_id="w2" tab_id="w2:t1"
2026-07-28T23:44:13.844222Z  INFO herdr::logging: session saved event="persist.save" subsystem="persist" outcome="ok" path=/home/btw/.config/herdr/session.json workspaces=2
2026-07-28T23:45:38.114473Z  INFO herdr::logging: tab focused event="tab.focus" subsystem="tab" outcome="ok" workspace_id="w2" tab_id="w2:t3"
2026-07-28T23:45:43.117295Z  INFO herdr::logging: session saved event="persist.save" subsystem="persist" outcome="ok" path=/home/btw/.config/herdr/session.json workspaces=2
2026-07-28T23:46:07.324817Z  INFO herdr::logging: tab focused event="tab.focus" subsystem="tab" outcome="ok" workspace_id="w2" tab_id="w2:t1"
2026-07-28T23:46:12.225988Z  INFO herdr::logging: tab focused event="tab.focus" subsystem="tab" outcome="ok" workspace_id="w2" tab_id="w2:t1"
2026-07-28T23:46:13.668664Z  INFO herdr::logging: tab focused event="tab.focus" subsystem="tab" outcome="ok" workspace_id="w2" tab_id="w2:t3"
2026-07-28T23:46:17.653755Z  INFO herdr::logging: tab focused event="tab.focus" subsystem="tab" outcome="ok" workspace_id="w2" tab_id="w2:t1"
2026-07-28T23:46:21.527026Z  INFO herdr::logging: tab focused event="tab.focus" subsystem="tab" outcome="ok" workspace_id="w2" tab_id="w2:t3"
2026-07-28T23:46:23.350441Z  INFO herdr::logging: tab focused event="tab.focus" subsystem="tab" outcome="ok" workspace_id="w2" tab_id="w2:t1"
2026-07-28T23:46:28.353137Z  INFO herdr::logging: session saved event="persist.save" subsystem="persist" outcome="ok" path=/home/btw/.config/herdr/session.json workspaces=2
2026-07-28T23:46:29.326124Z  INFO herdr::logging: tab focused event="tab.focus" subsystem="tab" outcome="ok" workspace_id="w2" tab_id="w2:t3"
2026-07-28T23:46:34.328931Z  INFO herdr::logging: session saved event="persist.save" subsystem="persist" outcome="ok" path=/home/btw/.config/herdr/session.json workspaces=2
2026-07-28T23:48:15.445063Z  INFO herdr::logging: tab focused event="tab.focus" subsystem="tab" outcome="ok" workspace_id="w2" tab_id="w2:t1"
2026-07-28T23:48:20.447301Z  INFO herdr::logging: session saved event="persist.save" subsystem="persist" outcome="ok" path=/home/btw/.config/herdr/session.json workspaces=2
2026-07-28T23:49:57.942710Z  INFO herdr::logging: tab focused event="tab.focus" subsystem="tab" outcome="ok" workspace_id="w2" tab_id="w2:t3"
2026-07-28T23:50:00.713822Z  INFO herdr::logging: tab focused event="tab.focus" subsystem="tab" outcome="ok" workspace_id="w2" tab_id="w2:t1"
2026-07-28T23:50:05.715865Z  INFO herdr::logging: session saved event="persist.save" subsystem="persist" outcome="ok" path=/home/btw/.config/herdr/session.json workspaces=2
2026-07-28T23:50:28.973987Z  INFO herdr::logging: checking for updates event="update.check.start" subsystem="update" outcome="started"
2026-07-28T23:51:04.918893Z  INFO herdr::server::headless: client resize client_id=4 cols=173 rows=48 cell_width_px=0 cell_height_px=0
2026-07-29T00:09:42.544769Z  INFO herdr::logging: tab focused event="tab.focus" subsystem="tab" outcome="ok" workspace_id="w2" tab_id="w2:t3"
2026-07-29T00:09:47.547235Z  INFO herdr::logging: session saved event="persist.save" subsystem="persist" outcome="ok" path=/home/btw/.config/herdr/session.json workspaces=2
2026-07-29T00:09:48.898527Z  INFO herdr::logging: tab focused event="tab.focus" subsystem="tab" outcome="ok" workspace_id="w2" tab_id="w2:t1"
2026-07-29T00:09:50.330738Z  INFO herdr::logging: tab focused event="tab.focus" subsystem="tab" outcome="ok" workspace_id="w2" tab_id="w2:t3"
2026-07-29T00:09:55.333354Z  INFO herdr::logging: session saved event="persist.save" subsystem="persist" outcome="ok" path=/home/btw/.config/herdr/session.json workspaces=2
2026-07-29T00:14:47.833636Z  INFO herdr::app::actions: copied selection to clipboard
2026-07-29T00:14:50.839232Z  INFO herdr::logging: tab focused event="tab.focus" subsystem="tab" outcome="ok" workspace_id="w2" tab_id="w2:t1"
2026-07-29T00:14:55.841811Z  INFO herdr::logging: session saved event="persist.save" subsystem="persist" outcome="ok" path=/home/btw/.config/herdr/session.json workspaces=2
2026-07-29T00:15:26.494836Z  INFO herdr::logging: tab focused event="tab.focus" subsystem="tab" outcome="ok" workspace_id="w2" tab_id="w2:t3"
2026-07-29T00:15:27.196878Z  INFO herdr::logging: tab focused event="tab.focus" subsystem="tab" outcome="ok" workspace_id="w2" tab_id="w2:t1"
2026-07-29T00:15:32.198935Z  INFO herdr::logging: session saved event="persist.save" subsystem="persist" outcome="ok" path=/home/btw/.config/herdr/session.json workspaces=2
2026-07-29T00:19:23.767395Z  INFO herdr::logging: tab focused event="tab.focus" subsystem="tab" outcome="ok" workspace_id="w2" tab_id="w2:t3"
2026-07-29T00:19:27.702289Z  INFO herdr::logging: tab focused event="tab.focus" subsystem="tab" outcome="ok" workspace_id="w2" tab_id="w2:t1"
2026-07-29T00:19:28.887193Z  INFO herdr::logging: tab focused event="tab.focus" subsystem="tab" outcome="ok" workspace_id="w2" tab_id="w2:t2"
2026-07-29T00:19:33.889480Z  INFO herdr::logging: session saved event="persist.save" subsystem="persist" outcome="ok" path=/home/btw/.config/herdr/session.json workspaces=2
2026-07-29T00:19:38.187998Z  INFO herdr::logging: tab focused event="tab.focus" subsystem="tab" outcome="ok" workspace_id="w2" tab_id="w2:t1"
2026-07-29T00:19:39.261139Z  INFO herdr::logging: tab focused event="tab.focus" subsystem="tab" outcome="ok" workspace_id="w2" tab_id="w2:t2"
2026-07-29T00:19:44.263878Z  INFO herdr::logging: session saved event="persist.save" subsystem="persist" outcome="ok" path=/home/btw/.config/herdr/session.json workspaces=2
2026-07-29T00:20:28.974258Z  INFO herdr::logging: checking for updates event="update.check.start" subsystem="update" outcome="started"
2026-07-29T00:21:26.827614Z  INFO herdr::logging: tab focused event="tab.focus" subsystem="tab" outcome="ok" workspace_id="w2" tab_id="w2:t1"
2026-07-29T00:21:28.572497Z  INFO herdr::logging: tab focused event="tab.focus" subsystem="tab" outcome="ok" workspace_id="w2" tab_id="w2:t2"
2026-07-29T00:21:33.575444Z  INFO herdr::logging: session saved event="persist.save" subsystem="persist" outcome="ok" path=/home/btw/.config/herdr/session.json workspaces=2
2026-07-29T00:22:04.422002Z  INFO herdr::logging: tab focused event="tab.focus" subsystem="tab" outcome="ok" workspace_id="w2" tab_id="w2:t1"
2026-07-29T00:22:09.424108Z  INFO herdr::logging: session saved event="persist.save" subsystem="persist" outcome="ok" path=/home/btw/.config/herdr/session.json workspaces=2
2026-07-29T00:29:37.488477Z  INFO herdr::logging: tab focused event="tab.focus" subsystem="tab" outcome="ok" workspace_id="w2" tab_id="w2:t3"
2026-07-29T00:29:38.680583Z  INFO herdr::logging: tab focused event="tab.focus" subsystem="tab" outcome="ok" workspace_id="w2" tab_id="w2:t1"
2026-07-29T00:29:43.682488Z  INFO herdr::logging: session saved event="persist.save" subsystem="persist" outcome="ok" path=/home/btw/.config/herdr/session.json workspaces=2
2026-07-29T00:30:00.243098Z  INFO herdr::logging: tab focused event="tab.focus" subsystem="tab" outcome="ok" workspace_id="w2" tab_id="w2:t2"
2026-07-29T00:30:01.843069Z  INFO herdr::logging: tab focused event="tab.focus" subsystem="tab" outcome="ok" workspace_id="w2" tab_id="w2:t1"
2026-07-29T00:30:02.826152Z  INFO herdr::logging: tab focused event="tab.focus" subsystem="tab" outcome="ok" workspace_id="w2" tab_id="w2:t2"
2026-07-29T00:30:04.011065Z  INFO herdr::logging: tab focused event="tab.focus" subsystem="tab" outcome="ok" workspace_id="w2" tab_id="w2:t1"
2026-07-29T00:30:04.763128Z  INFO herdr::logging: tab focused event="tab.focus" subsystem="tab" outcome="ok" workspace_id="w2" tab_id="w2:t2"
2026-07-29T00:30:06.235209Z  INFO herdr::logging: tab focused event="tab.focus" subsystem="tab" outcome="ok" workspace_id="w2" tab_id="w2:t1"
2026-07-29T00:30:11.237934Z  INFO herdr::logging: session saved event="persist.save" subsystem="persist" outcome="ok" path=/home/btw/.config/herdr/session.json workspaces=2
2026-07-29T00:30:16.062969Z  INFO herdr::logging: tab focused event="tab.focus" subsystem="tab" outcome="ok" workspace_id="w2" tab_id="w2:t3"
2026-07-29T00:30:17.137106Z  INFO herdr::logging: tab focused event="tab.focus" subsystem="tab" outcome="ok" workspace_id="w2" tab_id="w2:t2"
2026-07-29T00:30:19.061009Z  INFO herdr::logging: tab focused event="tab.focus" subsystem="tab" outcome="ok" workspace_id="w2" tab_id="w2:t1"
2026-07-29T00:30:19.675935Z  INFO herdr::logging: tab focused event="tab.focus" subsystem="tab" outcome="ok" workspace_id="w2" tab_id="w2:t2"
2026-07-29T00:30:23.479918Z  INFO herdr::logging: tab focused event="tab.focus" subsystem="tab" outcome="ok" workspace_id="w2" tab_id="w2:t1"
2026-07-29T00:30:24.585831Z  INFO herdr::logging: tab focused event="tab.focus" subsystem="tab" outcome="ok" workspace_id="w2" tab_id="w2:t2"
2026-07-29T00:30:26.229996Z  INFO herdr::logging: tab focused event="tab.focus" subsystem="tab" outcome="ok" workspace_id="w2" tab_id="w2:t1"
2026-07-29T00:30:31.232752Z  INFO herdr::logging: session saved event="persist.save" subsystem="persist" outcome="ok" path=/home/btw/.config/herdr/session.json workspaces=2
2026-07-29T00:31:29.479619Z  INFO herdr::logging: tab focused event="tab.focus" subsystem="tab" outcome="ok" workspace_id="w2" tab_id="w2:t3"
2026-07-29T00:31:34.482553Z  INFO herdr::logging: session saved event="persist.save" subsystem="persist" outcome="ok" path=/home/btw/.config/herdr/session.json workspaces=2
2026-07-29T00:32:13.894638Z  INFO herdr::logging: tab focused event="tab.focus" subsystem="tab" outcome="ok" workspace_id="w2" tab_id="w2:t2"
2026-07-29T00:32:18.896707Z  INFO herdr::logging: session saved event="persist.save" subsystem="persist" outcome="ok" path=/home/btw/.config/herdr/session.json workspaces=2
2026-07-29T00:32:30.931365Z  INFO herdr::logging: tab focused event="tab.focus" subsystem="tab" outcome="ok" workspace_id="w2" tab_id="w2:t1"
2026-07-29T00:32:35.934228Z  INFO herdr::logging: session saved event="persist.save" subsystem="persist" outcome="ok" path=/home/btw/.config/herdr/session.json workspaces=2
2026-07-29T00:33:05.198749Z  INFO herdr::logging: tab focused event="tab.focus" subsystem="tab" outcome="ok" workspace_id="w2" tab_id="w2:t2"
2026-07-29T00:33:10.201173Z  INFO herdr::logging: session saved event="persist.save" subsystem="persist" outcome="ok" path=/home/btw/.config/herdr/session.json workspaces=2
2026-07-29T00:33:18.930977Z  INFO herdr::logging: tab focused event="tab.focus" subsystem="tab" outcome="ok" workspace_id="w2" tab_id="w2:t3"
2026-07-29T00:33:23.932953Z  INFO herdr::logging: session saved event="persist.save" subsystem="persist" outcome="ok" path=/home/btw/.config/herdr/session.json workspaces=2
2026-07-29T00:33:31.510894Z  INFO herdr::logging: tab focused event="tab.focus" subsystem="tab" outcome="ok" workspace_id="w2" tab_id="w2:t2"
2026-07-29T00:33:36.512518Z  INFO herdr::logging: session saved event="persist.save" subsystem="persist" outcome="ok" path=/home/btw/.config/herdr/session.json workspaces=2
2026-07-29T00:33:50.353615Z  INFO herdr::logging: tab focused event="tab.focus" subsystem="tab" outcome="ok" workspace_id="w2" tab_id="w2:t3"
2026-07-29T00:33:52.567541Z  INFO herdr::logging: tab focused event="tab.focus" subsystem="tab" outcome="ok" workspace_id="w2" tab_id="w2:t1"
2026-07-29T00:33:54.032617Z  INFO herdr::logging: tab focused event="tab.focus" subsystem="tab" outcome="ok" workspace_id="w2" tab_id="w2:t2"
2026-07-29T00:33:59.034986Z  INFO herdr::logging: session saved event="persist.save" subsystem="persist" outcome="ok" path=/home/btw/.config/herdr/session.json workspaces=2
2026-07-29T00:45:28.943977Z  INFO herdr::logging: workspace focused event="workspace.focus" subsystem="workspace" outcome="ok" workspace_id="w1"
2026-07-29T00:45:28.944004Z  INFO herdr::logging: tab focused event="tab.focus" subsystem="tab" outcome="ok" workspace_id="w1" tab_id="w1:t1"
2026-07-29T00:45:33.953421Z  INFO herdr::logging: session saved event="persist.save" subsystem="persist" outcome="ok" path=/home/btw/.config/herdr/session.json workspaces=2
2026-07-29T00:48:37.464399Z  INFO herdr::logging: workspace focused event="workspace.focus" subsystem="workspace" outcome="ok" workspace_id="w2"
2026-07-29T00:48:37.464421Z  INFO herdr::logging: tab focused event="tab.focus" subsystem="tab" outcome="ok" workspace_id="w2" tab_id="w2:t1"
2026-07-29T00:48:42.093730Z  INFO herdr::logging: tab focused event="tab.focus" subsystem="tab" outcome="ok" workspace_id="w2" tab_id="w2:t2"
2026-07-29T00:48:47.095544Z  INFO herdr::logging: session saved event="persist.save" subsystem="persist" outcome="ok" path=/home/btw/.config/herdr/session.json workspaces=2
2026-07-29T00:50:28.975712Z  INFO herdr::logging: checking for updates event="update.check.start" subsystem="update" outcome="started"
2026-07-29T00:57:06.194468Z  INFO herdr::logging: tab focused event="tab.focus" subsystem="tab" outcome="ok" workspace_id="w2" tab_id="w2:t3"
2026-07-29T00:57:11.196996Z  INFO herdr::logging: session saved event="persist.save" subsystem="persist" outcome="ok" path=/home/btw/.config/herdr/session.json workspaces=2
2026-07-29T00:57:12.726517Z  INFO herdr::logging: tab focused event="tab.focus" subsystem="tab" outcome="ok" workspace_id="w2" tab_id="w2:t1"
2026-07-29T00:57:14.841601Z  INFO herdr::pane: agent changed pane=3 previous_agent=Some(OpenCode) agent=None pgid=Some(6302)
2026-07-29T00:57:16.020483Z  INFO herdr::logging: tab focused event="tab.focus" subsystem="tab" outcome="ok" workspace_id="w2" tab_id="w2:t3"
2026-07-29T00:57:21.023065Z  INFO herdr::logging: session saved event="persist.save" subsystem="persist" outcome="ok" path=/home/btw/.config/herdr/session.json workspaces=2
2026-07-29T00:57:39.558583Z  INFO herdr::logging: tab focused event="tab.focus" subsystem="tab" outcome="ok" workspace_id="w2" tab_id="w2:t1"
2026-07-29T00:57:44.560966Z  INFO herdr::logging: session saved event="persist.save" subsystem="persist" outcome="ok" path=/home/btw/.config/herdr/session.json workspaces=2
2026-07-29T01:00:29.265034Z  INFO herdr::logging: tab focused event="tab.focus" subsystem="tab" outcome="ok" workspace_id="w2" tab_id="w2:t3"
2026-07-29T01:00:34.267584Z  INFO herdr::logging: session saved event="persist.save" subsystem="persist" outcome="ok" path=/home/btw/.config/herdr/session.json workspaces=2
2026-07-29T01:00:44.672058Z  INFO herdr::logging: tab focused event="tab.focus" subsystem="tab" outcome="ok" workspace_id="w2" tab_id="w2:t1"
2026-07-29T01:00:49.673393Z  INFO herdr::logging: session saved event="persist.save" subsystem="persist" outcome="ok" path=/home/btw/.config/herdr/session.json workspaces=2
2026-07-29T01:01:57.778135Z  INFO herdr::logging: tab focused event="tab.focus" subsystem="tab" outcome="ok" workspace_id="w2" tab_id="w2:t3"
2026-07-29T01:02:02.779919Z  INFO herdr::logging: session saved event="persist.save" subsystem="persist" outcome="ok" path=/home/btw/.config/herdr/session.json workspaces=2
2026-07-29T01:02:19.306277Z  INFO herdr::logging: tab focused event="tab.focus" subsystem="tab" outcome="ok" workspace_id="w2" tab_id="w2:t1"
2026-07-29T01:02:24.309369Z  INFO herdr::logging: session saved event="persist.save" subsystem="persist" outcome="ok" path=/home/btw/.config/herdr/session.json workspaces=2
2026-07-29T01:02:38.329138Z  INFO herdr::logging: tab focused event="tab.focus" subsystem="tab" outcome="ok" workspace_id="w2" tab_id="w2:t3"
2026-07-29T01:02:43.070128Z  INFO herdr::logging: tab focused event="tab.focus" subsystem="tab" outcome="ok" workspace_id="w2" tab_id="w2:t1"
2026-07-29T01:02:48.072753Z  INFO herdr::logging: session saved event="persist.save" subsystem="persist" outcome="ok" path=/home/btw/.config/herdr/session.json workspaces=2
2026-07-29T01:02:52.212653Z  INFO herdr::logging: tab focused event="tab.focus" subsystem="tab" outcome="ok" workspace_id="w2" tab_id="w2:t3"
2026-07-29T01:02:57.214808Z  INFO herdr::logging: session saved event="persist.save" subsystem="persist" outcome="ok" path=/home/btw/.config/herdr/session.json workspaces=2
2026-07-29T01:03:55.461599Z  INFO herdr::logging: tab focused event="tab.focus" subsystem="tab" outcome="ok" workspace_id="w2" tab_id="w2:t2"
2026-07-29T01:03:56.053371Z  INFO herdr::logging: tab focused event="tab.focus" subsystem="tab" outcome="ok" workspace_id="w2" tab_id="w2:t1"
2026-07-29T01:03:59.361329Z  INFO herdr::pane: agent changed pane=3 previous_agent=None agent=Some(OpenCode) process=opencode pgid=Some(74978)
2026-07-29T01:04:01.055635Z  INFO herdr::logging: session saved event="persist.save" subsystem="persist" outcome="ok" path=/home/btw/.config/herdr/session.json workspaces=2
2026-07-29T01:06:07.760114Z  INFO herdr::pane: agent changed pane=3 previous_agent=Some(OpenCode) agent=None pgid=Some(6302)
2026-07-29T01:20:28.976318Z  INFO herdr::logging: checking for updates event="update.check.start" subsystem="update" outcome="started"
2026-07-29T01:22:28.579322Z  INFO herdr::pane: agent changed pane=3 previous_agent=None agent=Some(OpenCode) process=opencode pgid=Some(80246)
2026-07-29T01:23:25.315324Z  INFO herdr::pane: agent changed pane=3 previous_agent=Some(OpenCode) agent=None pgid=Some(6302)
2026-07-29T01:24:41.662866Z  INFO herdr::logging: tab focused event="tab.focus" subsystem="tab" outcome="ok" workspace_id="w2" tab_id="w2:t3"
2026-07-29T01:24:42.914896Z  INFO herdr::logging: tab focused event="tab.focus" subsystem="tab" outcome="ok" workspace_id="w2" tab_id="w2:t2"
2026-07-29T01:24:45.496826Z  INFO herdr::logging: tab focused event="tab.focus" subsystem="tab" outcome="ok" workspace_id="w2" tab_id="w2:t1"
2026-07-29T01:24:46.348955Z  INFO herdr::logging: tab focused event="tab.focus" subsystem="tab" outcome="ok" workspace_id="w2" tab_id="w2:t2"
2026-07-29T01:24:47.180570Z  INFO herdr::logging: tab focused event="tab.focus" subsystem="tab" outcome="ok" workspace_id="w2" tab_id="w2:t1"
2026-07-29T01:24:48.382642Z  INFO herdr::logging: tab focused event="tab.focus" subsystem="tab" outcome="ok" workspace_id="w2" tab_id="w2:t2"
2026-07-29T01:24:49.404835Z  INFO herdr::logging: tab focused event="tab.focus" subsystem="tab" outcome="ok" workspace_id="w2" tab_id="w2:t1"
2026-07-29T01:24:49.716836Z  INFO herdr::logging: tab focused event="tab.focus" subsystem="tab" outcome="ok" workspace_id="w2" tab_id="w2:t3"
2026-07-29T01:24:50.028832Z  INFO herdr::logging: tab focused event="tab.focus" subsystem="tab" outcome="ok" workspace_id="w2" tab_id="w2:t1"
2026-07-29T01:24:55.030833Z  INFO herdr::logging: session saved event="persist.save" subsystem="persist" outcome="ok" path=/home/btw/.config/herdr/session.json workspaces=2
2026-07-29T01:50:28.977804Z  INFO herdr::logging: checking for updates event="update.check.start" subsystem="update" outcome="started"
2026-07-29T02:20:28.978691Z  INFO herdr::logging: checking for updates event="update.check.start" subsystem="update" outcome="started"
2026-07-29T02:50:28.980083Z  INFO herdr::logging: checking for updates event="update.check.start" subsystem="update" outcome="started"
2026-07-29T02:58:03.583106Z  INFO herdr::logging: tab focused event="tab.focus" subsystem="tab" outcome="ok" workspace_id="w2" tab_id="w2:t3"
2026-07-29T02:58:04.165143Z  INFO herdr::logging: tab focused event="tab.focus" subsystem="tab" outcome="ok" workspace_id="w2" tab_id="w2:t1"
2026-07-29T02:58:04.397130Z  INFO herdr::logging: tab focused event="tab.focus" subsystem="tab" outcome="ok" workspace_id="w2" tab_id="w2:t2"
2026-07-29T02:58:04.689056Z  INFO herdr::logging: tab focused event="tab.focus" subsystem="tab" outcome="ok" workspace_id="w2" tab_id="w2:t1"
2026-07-29T02:58:09.690615Z  INFO herdr::logging: session saved event="persist.save" subsystem="persist" outcome="ok" path=/home/btw/.config/herdr/session.json workspaces=2
2026-07-29T03:20:28.981433Z  INFO herdr::logging: checking for updates event="update.check.start" subsystem="update" outcome="started"
2026-07-29T03:34:23.449965Z  INFO herdr::logging: tab focused event="tab.focus" subsystem="tab" outcome="ok" workspace_id="w2" tab_id="w2:t3"
2026-07-29T03:34:23.933828Z  INFO herdr::logging: tab focused event="tab.focus" subsystem="tab" outcome="ok" workspace_id="w2" tab_id="w2:t2"
2026-07-29T03:34:24.185812Z  INFO herdr::logging: tab focused event="tab.focus" subsystem="tab" outcome="ok" workspace_id="w2" tab_id="w2:t1"
2026-07-29T03:34:24.577811Z  INFO herdr::logging: tab focused event="tab.focus" subsystem="tab" outcome="ok" workspace_id="w2" tab_id="w2:t2"
2026-07-29T03:34:25.767288Z  INFO herdr::server::headless: client disconnected client_id=4
2026-07-29T03:34:29.580067Z  INFO herdr::logging: session saved event="persist.save" subsystem="persist" outcome="ok" path=/home/btw/.config/herdr/session.json workspaces=2
2026-07-29T03:50:28.982852Z  INFO herdr::logging: checking for updates event="update.check.start" subsystem="update" outcome="started"
2026-07-29T03:51:23.054248Z  INFO herdr::server::headless: client connected client_id=6 cols=172 rows=47 cell_width_px=0 cell_height_px=0 render_encoding=SemanticFrame
2026-07-29T03:51:53.558475Z  INFO herdr::logging: spawning pane terminal event="pane.spawn.start" subsystem="pane" outcome="started" pane_id=6 rows=46 cols=146 scrollback_limit_bytes=10000000
2026-07-29T03:51:53.560009Z  INFO herdr::logging: pane child spawned event="pane.spawned" subsystem="pane" outcome="ok" pane_id=6 pid=112315
2026-07-29T03:51:53.560232Z  INFO herdr::logging: workspace created event="workspace.create" subsystem="workspace" outcome="ok" workspace_id="w3" pane_id=6
2026-07-29T03:51:53.560239Z  INFO herdr::logging: workspace focused event="workspace.focus" subsystem="workspace" outcome="ok" workspace_id="w3"
2026-07-29T03:51:53.560346Z  INFO herdr::logging: tab focused event="tab.focus" subsystem="tab" outcome="ok" workspace_id="w3" tab_id="w3:t1"
2026-07-29T03:51:58.564130Z  INFO herdr::logging: session saved event="persist.save" subsystem="persist" outcome="ok" path=/home/btw/.config/herdr/session.json workspaces=3
2026-07-29T03:52:01.784291Z  INFO herdr::logging: pane child exited event="pane.exit" subsystem="pane" outcome="completed" pane_id=6 status="ExitStatus { code: 0, signal: None }"
2026-07-29T03:52:01.784659Z  INFO herdr::pane: pane session terminated pane=6 pid=112315 signal=Hangup
2026-07-29T03:52:04.487304Z  INFO herdr::logging: workspace focused event="workspace.focus" subsystem="workspace" outcome="ok" workspace_id="w1"
2026-07-29T03:52:04.487478Z  INFO herdr::logging: tab focused event="tab.focus" subsystem="tab" outcome="ok" workspace_id="w1" tab_id="w1:t1"
2026-07-29T03:52:09.489603Z  INFO herdr::logging: session saved event="persist.save" subsystem="persist" outcome="ok" path=/home/btw/.config/herdr/session.json workspaces=2
2026-07-29T03:52:23.496092Z  INFO herdr::logging: spawning pane terminal event="pane.spawn.start" subsystem="pane" outcome="started" pane_id=7 rows=46 cols=146 scrollback_limit_bytes=10000000
2026-07-29T03:52:23.497594Z  INFO herdr::logging: pane child spawned event="pane.spawned" subsystem="pane" outcome="ok" pane_id=7 pid=112642
2026-07-29T03:52:23.497818Z  INFO herdr::logging: tab renamed event="tab.rename" subsystem="tab" outcome="ok" workspace_id="w1" tab_id="w1:t4"
2026-07-29T03:52:23.497974Z  INFO herdr::logging: tab focused event="tab.focus" subsystem="tab" outcome="ok" workspace_id="w1" tab_id="w1:t4"
2026-07-29T03:52:24.995998Z  INFO herdr::logging: tab focused event="tab.focus" subsystem="tab" outcome="ok" workspace_id="w1" tab_id="w1:t1"
2026-07-29T03:52:29.997902Z  INFO herdr::logging: session saved event="persist.save" subsystem="persist" outcome="ok" path=/home/btw/.config/herdr/session.json workspaces=2
2026-07-29T03:53:04.274446Z  INFO herdr::logging: tab renamed event="tab.rename" subsystem="tab" outcome="ok" workspace_id="w1" tab_id="w1:t1"
2026-07-29T03:53:05.527681Z  INFO herdr::logging: tab focused event="tab.focus" subsystem="tab" outcome="ok" workspace_id="w1" tab_id="w1:t4"
2026-07-29T03:53:06.153808Z  INFO herdr::logging: tab focused event="tab.focus" subsystem="tab" outcome="ok" workspace_id="w1" tab_id="w1:t1"
2026-07-29T03:53:10.406720Z  INFO herdr::logging: tab focused event="tab.focus" subsystem="tab" outcome="ok" workspace_id="w1" tab_id="w1:t4"
2026-07-29T03:53:13.080510Z  INFO herdr::logging: tab focused event="tab.focus" subsystem="tab" outcome="ok" workspace_id="w1" tab_id="w1:t1"
2026-07-29T03:53:13.818495Z  INFO herdr::logging: tab focused event="tab.focus" subsystem="tab" outcome="ok" workspace_id="w1" tab_id="w1:t4"
2026-07-29T03:53:18.821041Z  INFO herdr::logging: session saved event="persist.save" subsystem="persist" outcome="ok" path=/home/btw/.config/herdr/session.json workspaces=2
2026-07-29T03:53:30.704185Z  INFO herdr::logging: workspace renamed event="workspace.rename" subsystem="workspace" outcome="ok" workspace_id="w1"
2026-07-29T03:53:34.575400Z  INFO herdr::logging: workspace focused event="workspace.focus" subsystem="workspace" outcome="ok" workspace_id="w1"
2026-07-29T03:53:34.575453Z  INFO herdr::logging: tab focused event="tab.focus" subsystem="tab" outcome="ok" workspace_id="w1" tab_id="w1:t4"
2026-07-29T03:53:39.577516Z  INFO herdr::logging: session saved event="persist.save" subsystem="persist" outcome="ok" path=/home/btw/.config/herdr/session.json workspaces=2
2026-07-29T03:56:24.508006Z  INFO herdr::logging: tab focused event="tab.focus" subsystem="tab" outcome="ok" workspace_id="w1" tab_id="w1:t1"
2026-07-29T03:56:29.509551Z  INFO herdr::logging: session saved event="persist.save" subsystem="persist" outcome="ok" path=/home/btw/.config/herdr/session.json workspaces=2
2026-07-29T03:56:36.335961Z  INFO herdr::logging: tab renamed event="tab.rename" subsystem="tab" outcome="ok" workspace_id="w1" tab_id="w1:t1"
2026-07-29T03:56:37.331943Z  INFO herdr::logging: tab focused event="tab.focus" subsystem="tab" outcome="ok" workspace_id="w1" tab_id="w1:t4"
2026-07-29T03:56:39.413922Z  INFO herdr::logging: tab focused event="tab.focus" subsystem="tab" outcome="ok" workspace_id="w1" tab_id="w1:t1"
2026-07-29T03:56:40.063017Z  INFO herdr::logging: tab focused event="tab.focus" subsystem="tab" outcome="ok" workspace_id="w1" tab_id="w1:t4"
2026-07-29T03:56:43.756733Z  INFO herdr::logging: tab focused event="tab.focus" subsystem="tab" outcome="ok" workspace_id="w1" tab_id="w1:t1"
2026-07-29T03:56:45.112122Z  INFO herdr::logging: tab focused event="tab.focus" subsystem="tab" outcome="ok" workspace_id="w1" tab_id="w1:t4"
2026-07-29T03:56:50.339718Z  INFO herdr::logging: tab focused event="tab.focus" subsystem="tab" outcome="ok" workspace_id="w1" tab_id="w1:t1"
2026-07-29T03:56:58.744670Z  INFO herdr::logging: tab focused event="tab.focus" subsystem="tab" outcome="ok" workspace_id="w1" tab_id="w1:t4"
2026-07-29T03:57:03.565561Z  INFO herdr::logging: workspace focused event="workspace.focus" subsystem="workspace" outcome="ok" workspace_id="w2"
2026-07-29T03:57:03.565620Z  INFO herdr::logging: tab focused event="tab.focus" subsystem="tab" outcome="ok" workspace_id="w2" tab_id="w2:t2"
2026-07-29T03:57:08.568051Z  INFO herdr::logging: session saved event="persist.save" subsystem="persist" outcome="ok" path=/home/btw/.config/herdr/session.json workspaces=2
2026-07-29T03:57:22.139780Z  INFO herdr::logging: tab focused event="tab.focus" subsystem="tab" outcome="ok" workspace_id="w2" tab_id="w2:t1"
2026-07-29T03:57:24.321816Z  INFO herdr::logging: tab focused event="tab.focus" subsystem="tab" outcome="ok" workspace_id="w2" tab_id="w2:t3"
2026-07-29T03:57:25.441695Z  INFO herdr::logging: tab focused event="tab.focus" subsystem="tab" outcome="ok" workspace_id="w2" tab_id="w2:t2"
2026-07-29T03:57:28.552571Z  INFO herdr::logging: tab focused event="tab.focus" subsystem="tab" outcome="ok" workspace_id="w2" tab_id="w2:t3"
2026-07-29T03:57:30.030430Z  INFO herdr::logging: tab focused event="tab.focus" subsystem="tab" outcome="ok" workspace_id="w2" tab_id="w2:t2"
2026-07-29T03:57:35.033070Z  INFO herdr::logging: session saved event="persist.save" subsystem="persist" outcome="ok" path=/home/btw/.config/herdr/session.json workspaces=2
2026-07-29T03:57:45.698554Z  INFO herdr::logging: spawning pane terminal event="pane.spawn.start" subsystem="pane" outcome="started" pane_id=8 rows=46 cols=146 scrollback_limit_bytes=10000000
2026-07-29T03:57:45.700074Z  INFO herdr::logging: pane child spawned event="pane.spawned" subsystem="pane" outcome="ok" pane_id=8 pid=113961
2026-07-29T03:57:45.700329Z  INFO herdr::logging: tab focused event="tab.focus" subsystem="tab" outcome="ok" workspace_id="w2" tab_id="w2:t2"
2026-07-29T03:57:50.071542Z  INFO herdr::logging: spawning pane terminal event="pane.spawn.start" subsystem="pane" outcome="started" pane_id=9 rows=23 cols=146 scrollback_limit_bytes=10000000
2026-07-29T03:57:50.072893Z  INFO herdr::logging: pane child spawned event="pane.spawned" subsystem="pane" outcome="ok" pane_id=9 pid=114093
2026-07-29T03:57:50.073108Z  INFO herdr::logging: tab focused event="tab.focus" subsystem="tab" outcome="ok" workspace_id="w2" tab_id="w2:t2"
2026-07-29T03:57:52.164267Z  INFO herdr::logging: pane child exited event="pane.exit" subsystem="pane" outcome="completed" pane_id=9 status="ExitStatus { code: 0, signal: None }"
2026-07-29T03:57:52.169251Z  INFO herdr::pane: pane session terminated pane=9 pid=114093 signal=Hangup
2026-07-29T03:57:52.169686Z  WARN herdr::app::actions: PaneDied for unknown pane pane=9
2026-07-29T03:57:52.768385Z  INFO herdr::logging: pane child exited event="pane.exit" subsystem="pane" outcome="completed" pane_id=8 status="ExitStatus { code: 0, signal: None }"
2026-07-29T03:57:52.773224Z  INFO herdr::pane: pane session terminated pane=8 pid=113961 signal=Hangup
2026-07-29T03:57:52.773677Z  WARN herdr::app::actions: PaneDied for unknown pane pane=8
2026-07-29T03:57:57.775592Z  INFO herdr::logging: session saved event="persist.save" subsystem="persist" outcome="ok" path=/home/btw/.config/herdr/session.json workspaces=2
2026-07-29T03:58:14.976067Z  INFO herdr::logging: spawning pane terminal event="pane.spawn.start" subsystem="pane" outcome="started" pane_id=10 rows=46 cols=146 scrollback_limit_bytes=10000000
2026-07-29T03:58:14.977556Z  INFO herdr::logging: pane child spawned event="pane.spawned" subsystem="pane" outcome="ok" pane_id=10 pid=114338
2026-07-29T03:58:14.977804Z  INFO herdr::logging: workspace created event="workspace.create" subsystem="workspace" outcome="ok" workspace_id="w4" pane_id=10
2026-07-29T03:58:14.977812Z  INFO herdr::logging: workspace focused event="workspace.focus" subsystem="workspace" outcome="ok" workspace_id="w4"
2026-07-29T03:58:14.977893Z  INFO herdr::logging: tab focused event="tab.focus" subsystem="tab" outcome="ok" workspace_id="w4" tab_id="w4:t1"
2026-07-29T03:58:19.982005Z  INFO herdr::logging: session saved event="persist.save" subsystem="persist" outcome="ok" path=/home/btw/.config/herdr/session.json workspaces=3
2026-07-29T03:58:31.874223Z  INFO herdr::logging: spawning pane terminal event="pane.spawn.start" subsystem="pane" outcome="started" pane_id=11 rows=46 cols=146 scrollback_limit_bytes=10000000
2026-07-29T03:58:31.875676Z  INFO herdr::logging: pane child spawned event="pane.spawned" subsystem="pane" outcome="ok" pane_id=11 pid=114775
2026-07-29T03:58:31.875869Z  INFO herdr::logging: tab renamed event="tab.rename" subsystem="tab" outcome="ok" workspace_id="w4" tab_id="w4:t2"
2026-07-29T03:58:31.875950Z  INFO herdr::logging: tab focused event="tab.focus" subsystem="tab" outcome="ok" workspace_id="w4" tab_id="w4:t2"
2026-07-29T03:58:33.978110Z  INFO herdr::logging: tab focused event="tab.focus" subsystem="tab" outcome="ok" workspace_id="w4" tab_id="w4:t1"
2026-07-29T03:58:38.980927Z  INFO herdr::logging: session saved event="persist.save" subsystem="persist" outcome="ok" path=/home/btw/.config/herdr/session.json workspaces=3
2026-07-29T03:58:40.625208Z  INFO herdr::logging: workspace focused event="workspace.focus" subsystem="workspace" outcome="ok" workspace_id="w2"
2026-07-29T03:58:40.625292Z  INFO herdr::logging: tab focused event="tab.focus" subsystem="tab" outcome="ok" workspace_id="w2" tab_id="w2:t2"
2026-07-29T03:58:45.628585Z  INFO herdr::logging: session saved event="persist.save" subsystem="persist" outcome="ok" path=/home/btw/.config/herdr/session.json workspaces=3
2026-07-29T03:58:52.478760Z  INFO herdr::logging: tab renamed event="tab.rename" subsystem="tab" outcome="ok" workspace_id="w2" tab_id="w2:t2"
2026-07-29T03:58:54.549937Z  INFO herdr::logging: tab focused event="tab.focus" subsystem="tab" outcome="ok" workspace_id="w2" tab_id="w2:t1"
2026-07-29T03:58:55.265974Z  INFO herdr::logging: tab focused event="tab.focus" subsystem="tab" outcome="ok" workspace_id="w2" tab_id="w2:t2"
2026-07-29T03:59:00.267810Z  INFO herdr::logging: session saved event="persist.save" subsystem="persist" outcome="ok" path=/home/btw/.config/herdr/session.json workspaces=3
2026-07-29T03:59:01.510292Z  INFO herdr::logging: tab renamed event="tab.rename" subsystem="tab" outcome="ok" workspace_id="w2" tab_id="w2:t2"
2026-07-29T03:59:05.037465Z  INFO herdr::logging: tab renamed event="tab.rename" subsystem="tab" outcome="ok" workspace_id="w2" tab_id="w2:t2"
2026-07-29T03:59:06.324893Z  INFO herdr::logging: tab focused event="tab.focus" subsystem="tab" outcome="ok" workspace_id="w2" tab_id="w2:t1"
2026-07-29T03:59:11.327175Z  INFO herdr::logging: session saved event="persist.save" subsystem="persist" outcome="ok" path=/home/btw/.config/herdr/session.json workspaces=3
2026-07-29T03:59:12.323858Z  INFO herdr::logging: tab focused event="tab.focus" subsystem="tab" outcome="ok" workspace_id="w2" tab_id="w2:t2"
2026-07-29T03:59:13.128867Z  INFO herdr::logging: tab focused event="tab.focus" subsystem="tab" outcome="ok" workspace_id="w2" tab_id="w2:t1"
2026-07-29T03:59:14.359650Z  INFO herdr::logging: tab focused event="tab.focus" subsystem="tab" outcome="ok" workspace_id="w2" tab_id="w2:t3"
2026-07-29T03:59:14.986790Z  INFO herdr::logging: tab focused event="tab.focus" subsystem="tab" outcome="ok" workspace_id="w2" tab_id="w2:t1"
2026-07-29T03:59:15.523845Z  INFO herdr::logging: tab focused event="tab.focus" subsystem="tab" outcome="ok" workspace_id="w2" tab_id="w2:t2"
2026-07-29T03:59:20.526575Z  INFO herdr::logging: session saved event="persist.save" subsystem="persist" outcome="ok" path=/home/btw/.config/herdr/session.json workspaces=3
2026-07-29T03:59:21.902310Z  INFO herdr::logging: tab renamed event="tab.rename" subsystem="tab" outcome="ok" workspace_id="w2" tab_id="w2:t2"
2026-07-29T03:59:22.473694Z  INFO herdr::logging: tab focused event="tab.focus" subsystem="tab" outcome="ok" workspace_id="w2" tab_id="w2:t1"
2026-07-29T03:59:27.476195Z  INFO herdr::logging: session saved event="persist.save" subsystem="persist" outcome="ok" path=/home/btw/.config/herdr/session.json workspaces=3
2026-07-29T03:59:27.765392Z  INFO herdr::logging: tab renamed event="tab.rename" subsystem="tab" outcome="ok" workspace_id="w2" tab_id="w2:t1"
2026-07-29T03:59:28.392754Z  INFO herdr::logging: tab focused event="tab.focus" subsystem="tab" outcome="ok" workspace_id="w2" tab_id="w2:t2"
2026-07-29T03:59:28.985561Z  INFO herdr::logging: tab focused event="tab.focus" subsystem="tab" outcome="ok" workspace_id="w2" tab_id="w2:t1"
2026-07-29T03:59:29.601521Z  INFO herdr::logging: tab focused event="tab.focus" subsystem="tab" outcome="ok" workspace_id="w2" tab_id="w2:t3"
2026-07-29T03:59:30.239644Z  INFO herdr::logging: tab focused event="tab.focus" subsystem="tab" outcome="ok" workspace_id="w2" tab_id="w2:t1"
2026-07-29T03:59:30.743466Z  INFO herdr::logging: tab focused event="tab.focus" subsystem="tab" outcome="ok" workspace_id="w2" tab_id="w2:t2"
2026-07-29T03:59:32.154492Z  INFO herdr::logging: tab focused event="tab.focus" subsystem="tab" outcome="ok" workspace_id="w2" tab_id="w2:t1"
2026-07-29T03:59:33.284460Z  INFO herdr::logging: tab focused event="tab.focus" subsystem="tab" outcome="ok" workspace_id="w2" tab_id="w2:t2"
2026-07-29T03:59:36.361373Z  INFO herdr::logging: workspace focused event="workspace.focus" subsystem="workspace" outcome="ok" workspace_id="w4"
2026-07-29T03:59:36.361441Z  INFO herdr::logging: tab focused event="tab.focus" subsystem="tab" outcome="ok" workspace_id="w4" tab_id="w4:t1"
2026-07-29T03:59:41.363750Z  INFO herdr::logging: session saved event="persist.save" subsystem="persist" outcome="ok" path=/home/btw/.config/herdr/session.json workspaces=3
2026-07-29T03:59:43.339186Z  INFO herdr::logging: tab renamed event="tab.rename" subsystem="tab" outcome="ok" workspace_id="w4" tab_id="w4:t1"
2026-07-29T03:59:46.953601Z  INFO herdr::logging: tab focused event="tab.focus" subsystem="tab" outcome="ok" workspace_id="w4" tab_id="w4:t2"
2026-07-29T03:59:47.971439Z  INFO herdr::logging: tab focused event="tab.focus" subsystem="tab" outcome="ok" workspace_id="w4" tab_id="w4:t1"
2026-07-29T03:59:48.821291Z  INFO herdr::logging: tab focused event="tab.focus" subsystem="tab" outcome="ok" workspace_id="w4" tab_id="w4:t2"
2026-07-29T03:59:49.066666Z  INFO herdr::logging: tab focused event="tab.focus" subsystem="tab" outcome="ok" workspace_id="w4" tab_id="w4:t1"
2026-07-29T03:59:49.436520Z  INFO herdr::logging: tab focused event="tab.focus" subsystem="tab" outcome="ok" workspace_id="w4" tab_id="w4:t2"
2026-07-29T03:59:54.439170Z  INFO herdr::logging: session saved event="persist.save" subsystem="persist" outcome="ok" path=/home/btw/.config/herdr/session.json workspaces=3
2026-07-29T03:59:57.793178Z  INFO herdr::logging: workspace focused event="workspace.focus" subsystem="workspace" outcome="ok" workspace_id="w1"
2026-07-29T03:59:57.793204Z  INFO herdr::logging: tab focused event="tab.focus" subsystem="tab" outcome="ok" workspace_id="w1" tab_id="w1:t4"
2026-07-29T04:00:02.794982Z  INFO herdr::logging: session saved event="persist.save" subsystem="persist" outcome="ok" path=/home/btw/.config/herdr/session.json workspaces=3
2026-07-29T04:00:06.818140Z  INFO herdr::logging: workspace focused event="workspace.focus" subsystem="workspace" outcome="ok" workspace_id="w4"
2026-07-29T04:00:06.818175Z  INFO herdr::logging: tab focused event="tab.focus" subsystem="tab" outcome="ok" workspace_id="w4" tab_id="w4:t2"
2026-07-29T04:00:11.820108Z  INFO herdr::logging: session saved event="persist.save" subsystem="persist" outcome="ok" path=/home/btw/.config/herdr/session.json workspaces=3
2026-07-29T04:00:15.606943Z  INFO herdr::logging: tab renamed event="tab.rename" subsystem="tab" outcome="ok" workspace_id="w4" tab_id="w4:t2"
2026-07-29T04:00:16.424517Z  INFO herdr::logging: tab focused event="tab.focus" subsystem="tab" outcome="ok" workspace_id="w4" tab_id="w4:t1"
2026-07-29T04:00:17.140219Z  INFO herdr::logging: tab focused event="tab.focus" subsystem="tab" outcome="ok" workspace_id="w4" tab_id="w4:t2"
2026-07-29T04:00:18.046256Z  INFO herdr::logging: tab focused event="tab.focus" subsystem="tab" outcome="ok" workspace_id="w4" tab_id="w4:t1"
2026-07-29T04:00:20.405194Z  INFO herdr::logging: workspace focused event="workspace.focus" subsystem="workspace" outcome="ok" workspace_id="w2"
2026-07-29T04:00:20.405215Z  INFO herdr::logging: tab focused event="tab.focus" subsystem="tab" outcome="ok" workspace_id="w2" tab_id="w2:t1"
2026-07-29T04:00:23.692131Z  INFO herdr::logging: tab renamed event="tab.rename" subsystem="tab" outcome="ok" workspace_id="w2" tab_id="w2:t1"
2026-07-29T04:00:26.175192Z  INFO herdr::logging: workspace focused event="workspace.focus" subsystem="workspace" outcome="ok" workspace_id="w4"
2026-07-29T04:00:26.175218Z  INFO herdr::logging: tab focused event="tab.focus" subsystem="tab" outcome="ok" workspace_id="w4" tab_id="w4:t1"
2026-07-29T04:00:29.865024Z  INFO herdr::logging: tab focused event="tab.focus" subsystem="tab" outcome="ok" workspace_id="w4" tab_id="w4:t2"
2026-07-29T04:00:30.782032Z  INFO herdr::logging: spawning pane terminal event="pane.spawn.start" subsystem="pane" outcome="started" pane_id=12 rows=46 cols=168 scrollback_limit_bytes=10000000
2026-07-29T04:00:30.783596Z  INFO herdr::logging: pane child spawned event="pane.spawned" subsystem="pane" outcome="ok" pane_id=12 pid=116303
2026-07-29T04:00:30.783861Z  INFO herdr::logging: workspace created event="workspace.create" subsystem="workspace" outcome="ok" workspace_id="w5" pane_id=12
2026-07-29T04:00:30.783866Z  INFO herdr::logging: workspace focused event="workspace.focus" subsystem="workspace" outcome="ok" workspace_id="w5"
2026-07-29T04:00:30.783870Z  INFO herdr::logging: tab focused event="tab.focus" subsystem="tab" outcome="ok" workspace_id="w5" tab_id="w5:t1"
2026-07-29T04:00:32.940828Z  INFO herdr::server::headless: client detach requested via keybind client_id=6
2026-07-29T04:00:32.942511Z  INFO herdr::server::headless: client disconnected client_id=6
2026-07-29T04:00:35.723697Z  INFO herdr::server::headless: client connected client_id=8 cols=172 rows=47 cell_width_px=0 cell_height_px=0 render_encoding=SemanticFrame
2026-07-29T04:00:35.787432Z  INFO herdr::logging: session saved event="persist.save" subsystem="persist" outcome="ok" path=/home/btw/.config/herdr/session.json workspaces=4
2026-07-29T04:00:37.235766Z  INFO herdr::logging: workspace closed event="workspace.close" subsystem="workspace" outcome="ok" workspace_id="w5"
2026-07-29T04:00:37.236567Z  INFO herdr::logging: pane child exited event="pane.exit" subsystem="pane" outcome="completed" pane_id=12 status="ExitStatus { code: 0, signal: None }"
2026-07-29T04:00:37.241873Z  INFO herdr::pane: pane session terminated pane=12 pid=116303 signal=Hangup
2026-07-29T04:00:37.242537Z  WARN herdr::app::actions: PaneDied for unknown pane pane=12
2026-07-29T04:00:39.395111Z  INFO herdr::logging: spawning pane terminal event="pane.spawn.start" subsystem="pane" outcome="started" pane_id=13 rows=46 cols=168 scrollback_limit_bytes=10000000
2026-07-29T04:00:39.396731Z  INFO herdr::logging: pane child spawned event="pane.spawned" subsystem="pane" outcome="ok" pane_id=13 pid=116693
2026-07-29T04:00:39.396909Z  INFO herdr::logging: workspace created event="workspace.create" subsystem="workspace" outcome="ok" workspace_id="w6" pane_id=13
2026-07-29T04:00:39.396916Z  INFO herdr::logging: workspace focused event="workspace.focus" subsystem="workspace" outcome="ok" workspace_id="w6"
2026-07-29T04:00:39.396921Z  INFO herdr::logging: tab focused event="tab.focus" subsystem="tab" outcome="ok" workspace_id="w6" tab_id="w6:t1"
2026-07-29T04:00:41.397119Z  INFO herdr::logging: workspace closed event="workspace.close" subsystem="workspace" outcome="ok" workspace_id="w6"
2026-07-29T04:00:41.398176Z  INFO herdr::logging: pane child exited event="pane.exit" subsystem="pane" outcome="completed" pane_id=13 status="ExitStatus { code: 0, signal: None }"
2026-07-29T04:00:41.403027Z  INFO herdr::pane: pane session terminated pane=13 pid=116693 signal=Hangup
2026-07-29T04:00:41.403678Z  WARN herdr::app::actions: PaneDied for unknown pane pane=13
2026-07-29T04:00:46.406194Z  INFO herdr::logging: session saved event="persist.save" subsystem="persist" outcome="ok" path=/home/btw/.config/herdr/session.json workspaces=3
2026-07-29T04:00:48.861915Z  INFO herdr::logging: spawning pane terminal event="pane.spawn.start" subsystem="pane" outcome="started" pane_id=14 rows=46 cols=168 scrollback_limit_bytes=10000000
2026-07-29T04:00:48.863430Z  INFO herdr::logging: pane child spawned event="pane.spawned" subsystem="pane" outcome="ok" pane_id=14 pid=116816
2026-07-29T04:00:48.863592Z  INFO herdr::logging: tab renamed event="tab.rename" subsystem="tab" outcome="ok" workspace_id="w4" tab_id="w4:t3"
2026-07-29T04:00:48.863601Z  INFO herdr::logging: tab focused event="tab.focus" subsystem="tab" outcome="ok" workspace_id="w4" tab_id="w4:t3"
2026-07-29T04:00:52.921735Z  INFO herdr::logging: spawning pane terminal event="pane.spawn.start" subsystem="pane" outcome="started" pane_id=15 rows=46 cols=168 scrollback_limit_bytes=10000000
2026-07-29T04:00:52.923408Z  INFO herdr::logging: pane child spawned event="pane.spawned" subsystem="pane" outcome="ok" pane_id=15 pid=116920
2026-07-29T04:00:52.923620Z  INFO herdr::logging: tab focused event="tab.focus" subsystem="tab" outcome="ok" workspace_id="w4" tab_id="w4:t4"
2026-07-29T04:00:57.926443Z  INFO herdr::logging: session saved event="persist.save" subsystem="persist" outcome="ok" path=/home/btw/.config/herdr/session.json workspaces=3
2026-07-29T04:01:05.165252Z  INFO herdr::server::headless: client resize client_id=8 cols=173 rows=48 cell_width_px=0 cell_height_px=0
2026-07-29T04:01:09.347998Z  INFO herdr::app::actions: copied selection to clipboard
2026-07-29T04:05:25.530002Z  INFO herdr::app::actions: copied selection to clipboard
2026-07-29T04:06:57.360849Z  INFO herdr::logging: pane child exited event="pane.exit" subsystem="pane" outcome="completed" pane_id=15 status="ExitStatus { code: 0, signal: None }"
2026-07-29T04:06:57.365785Z  INFO herdr::pane: pane session terminated pane=15 pid=116920 signal=Hangup
2026-07-29T04:06:57.366225Z  WARN herdr::app::actions: PaneDied for unknown pane pane=15
2026-07-29T04:07:02.367176Z  INFO herdr::logging: session saved event="persist.save" subsystem="persist" outcome="ok" path=/home/btw/.config/herdr/session.json workspaces=3
2026-07-29T04:07:02.873065Z  INFO herdr::logging: workspace focused event="workspace.focus" subsystem="workspace" outcome="ok" workspace_id="w1"
2026-07-29T04:07:02.873088Z  INFO herdr::logging: tab focused event="tab.focus" subsystem="tab" outcome="ok" workspace_id="w1" tab_id="w1:t4"
2026-07-29T04:07:07.874719Z  INFO herdr::logging: session saved event="persist.save" subsystem="persist" outcome="ok" path=/home/btw/.config/herdr/session.json workspaces=3
2026-07-29T04:07:35.961467Z  INFO herdr::server::headless: client resize client_id=8 cols=172 rows=47 cell_width_px=0 cell_height_px=0
2026-07-29T04:07:38.665832Z  INFO herdr::server::headless: client disconnected client_id=8
2026-07-29T04:07:39.421230Z  INFO herdr::server::headless: client connected client_id=10 cols=172 rows=47 cell_width_px=0 cell_height_px=0 render_encoding=SemanticFrame
2026-07-29T04:07:44.182531Z  INFO herdr::logging: workspace focused event="workspace.focus" subsystem="workspace" outcome="ok" workspace_id="w4"
2026-07-29T04:07:44.182560Z  INFO herdr::logging: tab focused event="tab.focus" subsystem="tab" outcome="ok" workspace_id="w4" tab_id="w4:t3"
2026-07-29T04:07:49.185321Z  INFO herdr::logging: session saved event="persist.save" subsystem="persist" outcome="ok" path=/home/btw/.config/herdr/session.json workspaces=3
2026-07-29T04:07:50.868694Z  INFO herdr::logging: spawning pane terminal event="pane.spawn.start" subsystem="pane" outcome="started" pane_id=16 rows=46 cols=146 scrollback_limit_bytes=10000000
2026-07-29T04:07:50.870207Z  INFO herdr::logging: pane child spawned event="pane.spawned" subsystem="pane" outcome="ok" pane_id=16 pid=120437
2026-07-29T04:07:50.870535Z  INFO herdr::logging: tab focused event="tab.focus" subsystem="tab" outcome="ok" workspace_id="w4" tab_id="w4:t5"
2026-07-29T04:07:50.894430Z  INFO herdr::logging: pane child exited event="pane.exit" subsystem="pane" outcome="completed" pane_id=16 status="ExitStatus { code: 1, signal: None }"
2026-07-29T04:07:50.895628Z  INFO herdr::pane: pane session terminated pane=16 pid=120437 signal=Hangup
2026-07-29T04:07:52.155426Z  INFO herdr::logging: pane child exited event="pane.exit" subsystem="pane" outcome="completed" pane_id=14 status="ExitStatus { code: 0, signal: None }"
2026-07-29T04:07:52.160468Z  INFO herdr::pane: pane session terminated pane=14 pid=116816 signal=Hangup
2026-07-29T04:07:52.161002Z  WARN herdr::app::actions: PaneDied for unknown pane pane=14
2026-07-29T04:07:54.916441Z  INFO herdr::logging: spawning pane terminal event="pane.spawn.start" subsystem="pane" outcome="started" pane_id=17 rows=46 cols=146 scrollback_limit_bytes=10000000
2026-07-29T04:07:54.917929Z  INFO herdr::logging: pane child spawned event="pane.spawned" subsystem="pane" outcome="ok" pane_id=17 pid=120542
2026-07-29T04:07:54.918176Z  INFO herdr::logging: tab focused event="tab.focus" subsystem="tab" outcome="ok" workspace_id="w4" tab_id="w4:t6"
2026-07-29T04:07:54.945454Z  INFO herdr::logging: pane child exited event="pane.exit" subsystem="pane" outcome="completed" pane_id=17 status="ExitStatus { code: 1, signal: None }"
2026-07-29T04:07:54.946574Z  INFO herdr::pane: pane session terminated pane=17 pid=120542 signal=Hangup
2026-07-29T04:07:56.269420Z  INFO herdr::logging: spawning pane terminal event="pane.spawn.start" subsystem="pane" outcome="started" pane_id=18 rows=46 cols=146 scrollback_limit_bytes=10000000
2026-07-29T04:07:56.270971Z  INFO herdr::logging: pane child spawned event="pane.spawned" subsystem="pane" outcome="ok" pane_id=18 pid=120571
2026-07-29T04:07:56.271200Z  INFO herdr::logging: tab focused event="tab.focus" subsystem="tab" outcome="ok" workspace_id="w4" tab_id="w4:t7"
2026-07-29T04:07:56.295327Z  INFO herdr::logging: pane child exited event="pane.exit" subsystem="pane" outcome="completed" pane_id=18 status="ExitStatus { code: 1, signal: None }"
2026-07-29T04:07:56.296343Z  INFO herdr::pane: pane session terminated pane=18 pid=120571 signal=Hangup
2026-07-29T04:07:57.141393Z  INFO herdr::logging: spawning pane terminal event="pane.spawn.start" subsystem="pane" outcome="started" pane_id=19 rows=46 cols=146 scrollback_limit_bytes=10000000
2026-07-29T04:07:57.142937Z  INFO herdr::logging: pane child spawned event="pane.spawned" subsystem="pane" outcome="ok" pane_id=19 pid=120600
2026-07-29T04:07:57.143161Z  INFO herdr::logging: tab focused event="tab.focus" subsystem="tab" outcome="ok" workspace_id="w4" tab_id="w4:t8"
2026-07-29T04:07:57.168097Z  INFO herdr::logging: pane child exited event="pane.exit" subsystem="pane" outcome="completed" pane_id=19 status="ExitStatus { code: 1, signal: None }"
2026-07-29T04:07:57.169486Z  INFO herdr::pane: pane session terminated pane=19 pid=120600 signal=Hangup
2026-07-29T04:07:57.980659Z  INFO herdr::logging: spawning pane terminal event="pane.spawn.start" subsystem="pane" outcome="started" pane_id=20 rows=46 cols=146 scrollback_limit_bytes=10000000
2026-07-29T04:07:57.982374Z  INFO herdr::logging: pane child spawned event="pane.spawned" subsystem="pane" outcome="ok" pane_id=20 pid=120629
2026-07-29T04:07:57.982612Z  INFO herdr::logging: tab focused event="tab.focus" subsystem="tab" outcome="ok" workspace_id="w4" tab_id="w4:t9"
2026-07-29T04:07:58.006524Z  INFO herdr::logging: pane child exited event="pane.exit" subsystem="pane" outcome="completed" pane_id=20 status="ExitStatus { code: 1, signal: None }"
2026-07-29T04:07:58.007738Z  INFO herdr::pane: pane session terminated pane=20 pid=120629 signal=Hangup
2026-07-29T04:07:58.796528Z  INFO herdr::logging: spawning pane terminal event="pane.spawn.start" subsystem="pane" outcome="started" pane_id=21 rows=46 cols=146 scrollback_limit_bytes=10000000
2026-07-29T04:07:58.798162Z  INFO herdr::logging: pane child spawned event="pane.spawned" subsystem="pane" outcome="ok" pane_id=21 pid=120658
2026-07-29T04:07:58.798408Z  INFO herdr::logging: tab focused event="tab.focus" subsystem="tab" outcome="ok" workspace_id="w4" tab_id="w4:tA"
2026-07-29T04:07:58.823797Z  INFO herdr::logging: pane child exited event="pane.exit" subsystem="pane" outcome="completed" pane_id=21 status="ExitStatus { code: 1, signal: None }"
2026-07-29T04:07:58.825003Z  INFO herdr::pane: pane session terminated pane=21 pid=120658 signal=Hangup
2026-07-29T04:07:59.433242Z  INFO herdr::logging: spawning pane terminal event="pane.spawn.start" subsystem="pane" outcome="started" pane_id=22 rows=46 cols=146 scrollback_limit_bytes=10000000
2026-07-29T04:07:59.434693Z  INFO herdr::logging: pane child spawned event="pane.spawned" subsystem="pane" outcome="ok" pane_id=22 pid=120687
2026-07-29T04:07:59.434915Z  INFO herdr::logging: tab focused event="tab.focus" subsystem="tab" outcome="ok" workspace_id="w4" tab_id="w4:tB"
2026-07-29T04:07:59.459211Z  INFO herdr::logging: pane child exited event="pane.exit" subsystem="pane" outcome="completed" pane_id=22 status="ExitStatus { code: 1, signal: None }"
2026-07-29T04:07:59.460301Z  INFO herdr::pane: pane session terminated pane=22 pid=120687 signal=Hangup
2026-07-29T04:08:04.461777Z  INFO herdr::logging: session saved event="persist.save" subsystem="persist" outcome="ok" path=/home/btw/.config/herdr/session.json workspaces=3
2026-07-29T04:08:05.224731Z  INFO herdr::logging: spawning pane terminal event="pane.spawn.start" subsystem="pane" outcome="started" pane_id=23 rows=46 cols=146 scrollback_limit_bytes=10000000
2026-07-29T04:08:05.226369Z  INFO herdr::logging: pane child spawned event="pane.spawned" subsystem="pane" outcome="ok" pane_id=23 pid=120731
2026-07-29T04:08:05.226691Z  INFO herdr::logging: tab focused event="tab.focus" subsystem="tab" outcome="ok" workspace_id="w4" tab_id="w4:tC"
2026-07-29T04:08:05.250678Z  INFO herdr::logging: pane child exited event="pane.exit" subsystem="pane" outcome="completed" pane_id=23 status="ExitStatus { code: 1, signal: None }"
2026-07-29T04:08:05.251973Z  INFO herdr::pane: pane session terminated pane=23 pid=120731 signal=Hangup
2026-07-29T04:08:06.320395Z  INFO herdr::logging: spawning pane terminal event="pane.spawn.start" subsystem="pane" outcome="started" pane_id=24 rows=46 cols=146 scrollback_limit_bytes=10000000
2026-07-29T04:08:06.321997Z  INFO herdr::logging: pane child spawned event="pane.spawned" subsystem="pane" outcome="ok" pane_id=24 pid=120759
2026-07-29T04:08:06.322223Z  INFO herdr::logging: tab focused event="tab.focus" subsystem="tab" outcome="ok" workspace_id="w4" tab_id="w4:tD"
2026-07-29T04:08:06.346079Z  INFO herdr::logging: pane child exited event="pane.exit" subsystem="pane" outcome="completed" pane_id=24 status="ExitStatus { code: 1, signal: None }"
2026-07-29T04:08:06.347200Z  INFO herdr::pane: pane session terminated pane=24 pid=120759 signal=Hangup
2026-07-29T04:08:07.170685Z  INFO herdr::logging: spawning pane terminal event="pane.spawn.start" subsystem="pane" outcome="started" pane_id=25 rows=46 cols=146 scrollback_limit_bytes=10000000
2026-07-29T04:08:07.172356Z  INFO herdr::logging: pane child spawned event="pane.spawned" subsystem="pane" outcome="ok" pane_id=25 pid=120788
2026-07-29T04:08:07.172593Z  INFO herdr::logging: tab focused event="tab.focus" subsystem="tab" outcome="ok" workspace_id="w4" tab_id="w4:tE"
2026-07-29T04:08:07.197904Z  INFO herdr::logging: pane child exited event="pane.exit" subsystem="pane" outcome="completed" pane_id=25 status="ExitStatus { code: 1, signal: None }"
2026-07-29T04:08:07.198449Z  INFO herdr::pane: pane session terminated pane=25 pid=120788 signal=Hangup
2026-07-29T04:08:12.200972Z  INFO herdr::logging: session saved event="persist.save" subsystem="persist" outcome="ok" path=/home/btw/.config/herdr/session.json workspaces=3
2026-07-29T04:08:25.780988Z  INFO herdr::logging: workspace focused event="workspace.focus" subsystem="workspace" outcome="ok" workspace_id="w1"
2026-07-29T04:08:25.781064Z  INFO herdr::logging: tab focused event="tab.focus" subsystem="tab" outcome="ok" workspace_id="w1" tab_id="w1:t4"
2026-07-29T04:08:30.782867Z  INFO herdr::logging: session saved event="persist.save" subsystem="persist" outcome="ok" path=/home/btw/.config/herdr/session.json workspaces=3
2026-07-29T04:08:45.840069Z  INFO herdr::logging: workspace focused event="workspace.focus" subsystem="workspace" outcome="ok" workspace_id="w4"
2026-07-29T04:08:45.840146Z  INFO herdr::logging: tab focused event="tab.focus" subsystem="tab" outcome="ok" workspace_id="w4" tab_id="w4:t2"
2026-07-29T04:08:50.198912Z  INFO herdr::logging: spawning pane terminal event="pane.spawn.start" subsystem="pane" outcome="started" pane_id=26 rows=46 cols=146 scrollback_limit_bytes=10000000
2026-07-29T04:08:50.200414Z  INFO herdr::logging: pane child spawned event="pane.spawned" subsystem="pane" outcome="ok" pane_id=26 pid=121924
2026-07-29T04:08:50.200602Z  INFO herdr::logging: tab renamed event="tab.rename" subsystem="tab" outcome="ok" workspace_id="w4" tab_id="w4:tF"
2026-07-29T04:08:50.200677Z  INFO herdr::logging: tab focused event="tab.focus" subsystem="tab" outcome="ok" workspace_id="w4" tab_id="w4:tF"
2026-07-29T04:08:54.211952Z  INFO herdr::logging: tab focused event="tab.focus" subsystem="tab" outcome="ok" workspace_id="w4" tab_id="w4:t1"
2026-07-29T04:08:54.905260Z  INFO herdr::logging: tab focused event="tab.focus" subsystem="tab" outcome="ok" workspace_id="w4" tab_id="w4:tF"
2026-07-29T04:08:59.907396Z  INFO herdr::logging: session saved event="persist.save" subsystem="persist" outcome="ok" path=/home/btw/.config/herdr/session.json workspaces=3
2026-07-29T04:09:01.166136Z  INFO herdr::logging: workspace focused event="workspace.focus" subsystem="workspace" outcome="ok" workspace_id="w1"
2026-07-29T04:09:01.166219Z  INFO herdr::logging: tab focused event="tab.focus" subsystem="tab" outcome="ok" workspace_id="w1" tab_id="w1:t4"
2026-07-29T04:09:06.169389Z  INFO herdr::logging: session saved event="persist.save" subsystem="persist" outcome="ok" path=/home/btw/.config/herdr/session.json workspaces=3
2026-07-29T04:09:31.408671Z  INFO herdr::logging: spawning pane terminal event="pane.spawn.start" subsystem="pane" outcome="started" pane_id=27 rows=46 cols=146 scrollback_limit_bytes=10000000
2026-07-29T04:09:31.410254Z  INFO herdr::logging: pane child spawned event="pane.spawned" subsystem="pane" outcome="ok" pane_id=27 pid=122462
2026-07-29T04:09:31.410463Z  INFO herdr::logging: tab renamed event="tab.rename" subsystem="tab" outcome="ok" workspace_id="w1" tab_id="w1:t5"
2026-07-29T04:09:31.410541Z  INFO herdr::logging: tab focused event="tab.focus" subsystem="tab" outcome="ok" workspace_id="w1" tab_id="w1:t5"
2026-07-29T04:09:36.413919Z  INFO herdr::logging: session saved event="persist.save" subsystem="persist" outcome="ok" path=/home/btw/.config/herdr/session.json workspaces=3
2026-07-29T04:09:49.738435Z  INFO herdr::logging: tab focused event="tab.focus" subsystem="tab" outcome="ok" workspace_id="w1" tab_id="w1:t4"
2026-07-29T04:09:52.848730Z  INFO herdr::logging: tab focused event="tab.focus" subsystem="tab" outcome="ok" workspace_id="w1" tab_id="w1:t5"
2026-07-29T04:09:57.851410Z  INFO herdr::logging: session saved event="persist.save" subsystem="persist" outcome="ok" path=/home/btw/.config/herdr/session.json workspaces=3
2026-07-29T04:10:22.881539Z  INFO herdr::logging: pane child exited event="pane.exit" subsystem="pane" outcome="completed" pane_id=27 status="ExitStatus { code: 0, signal: None }"
2026-07-29T04:10:22.886366Z  INFO herdr::pane: pane session terminated pane=27 pid=122462 signal=Hangup
2026-07-29T04:10:22.886811Z  WARN herdr::app::actions: PaneDied for unknown pane pane=27
2026-07-29T04:10:23.731537Z  INFO herdr::logging: tab focused event="tab.focus" subsystem="tab" outcome="ok" workspace_id="w1" tab_id="w1:t4"
2026-07-29T04:10:28.733593Z  INFO herdr::logging: session saved event="persist.save" subsystem="persist" outcome="ok" path=/home/btw/.config/herdr/session.json workspaces=3
2026-07-29T04:11:38.374150Z  INFO herdr::server::headless: client disconnected client_id=10
2026-07-29T04:12:43.929487Z  INFO herdr::server::headless: client connected client_id=12 cols=172 rows=47 cell_width_px=0 cell_height_px=0 render_encoding=SemanticFrame
2026-07-29T04:13:05.488459Z  INFO herdr::server::headless: client disconnected client_id=12
2026-07-29T04:13:09.760930Z  INFO herdr::server::headless: client connected client_id=14 cols=172 rows=47 cell_width_px=0 cell_height_px=0 render_encoding=SemanticFrame
2026-07-29T04:14:08.743847Z  INFO herdr::server::headless: client disconnected client_id=14
2026-07-29T04:14:18.291437Z  INFO herdr::server::headless: client connected client_id=16 cols=172 rows=47 cell_width_px=0 cell_height_px=0 render_encoding=SemanticFrame
2026-07-29T04:15:35.253232Z  INFO herdr::server::headless: client disconnected client_id=16
2026-07-29T04:15:46.054106Z  INFO herdr::server::headless: client connected client_id=18 cols=172 rows=47 cell_width_px=0 cell_height_px=0 render_encoding=SemanticFrame
2026-07-29T04:17:45.325535Z  INFO herdr::server::headless: client disconnected client_id=18
2026-07-29T18:24:38.909440Z  INFO herdr::api::server: api server listening path=/home/btw/.config/herdr/herdr.sock
2026-07-29T18:24:38.918402Z  INFO herdr::logging: spawning pane terminal event="pane.spawn.start" subsystem="pane" outcome="started" pane_id=1 rows=24 cols=80 scrollback_limit_bytes=10000000
2026-07-29T18:24:38.924708Z  INFO herdr::logging: pane child spawned event="pane.spawned" subsystem="pane" outcome="ok" pane_id=1 pid=6514
2026-07-29T18:24:38.926194Z  INFO herdr::logging: spawning pane terminal event="pane.spawn.start" subsystem="pane" outcome="started" pane_id=2 rows=24 cols=80 scrollback_limit_bytes=10000000
2026-07-29T18:24:38.926932Z  INFO herdr::logging: pane child spawned event="pane.spawned" subsystem="pane" outcome="ok" pane_id=2 pid=6517
2026-07-29T18:24:38.930387Z  INFO herdr::logging: spawning pane terminal event="pane.spawn.start" subsystem="pane" outcome="started" pane_id=3 rows=24 cols=80 scrollback_limit_bytes=10000000
2026-07-29T18:24:38.931056Z  INFO herdr::logging: pane child spawned event="pane.spawned" subsystem="pane" outcome="ok" pane_id=3 pid=6524
2026-07-29T18:24:38.931271Z  INFO herdr::logging: spawning pane terminal event="pane.spawn.start" subsystem="pane" outcome="started" pane_id=4 rows=24 cols=80 scrollback_limit_bytes=10000000
2026-07-29T18:24:38.931989Z  INFO herdr::logging: pane child spawned event="pane.spawned" subsystem="pane" outcome="ok" pane_id=4 pid=6528
2026-07-29T18:24:38.932152Z  INFO herdr::logging: spawning pane terminal event="pane.spawn.start" subsystem="pane" outcome="started" pane_id=5 rows=24 cols=80 scrollback_limit_bytes=10000000
2026-07-29T18:24:38.933077Z  INFO herdr::logging: pane child spawned event="pane.spawned" subsystem="pane" outcome="ok" pane_id=5 pid=6531
2026-07-29T18:24:38.938563Z  INFO herdr::logging: spawning pane terminal event="pane.spawn.start" subsystem="pane" outcome="started" pane_id=6 rows=24 cols=80 scrollback_limit_bytes=10000000
2026-07-29T18:24:38.939456Z  INFO herdr::logging: pane child spawned event="pane.spawned" subsystem="pane" outcome="ok" pane_id=6 pid=6545
2026-07-29T18:24:38.939691Z  INFO herdr::logging: spawning pane terminal event="pane.spawn.start" subsystem="pane" outcome="started" pane_id=7 rows=24 cols=80 scrollback_limit_bytes=10000000
2026-07-29T18:24:38.940768Z  INFO herdr::logging: pane child spawned event="pane.spawned" subsystem="pane" outcome="ok" pane_id=7 pid=6549
2026-07-29T18:24:38.940982Z  INFO herdr::logging: spawning pane terminal event="pane.spawn.start" subsystem="pane" outcome="started" pane_id=8 rows=24 cols=80 scrollback_limit_bytes=10000000
2026-07-29T18:24:38.942011Z  INFO herdr::logging: pane child spawned event="pane.spawned" subsystem="pane" outcome="ok" pane_id=8 pid=6552
2026-07-29T18:24:38.943588Z  INFO herdr::logging: session restore evaluated event="persist.restore" subsystem="persist" outcome="ok" workspaces=3
2026-07-29T18:24:38.943615Z  INFO herdr::app: using pane scrollback configuration pane_scrollback_limit_bytes=10000000
2026-07-29T18:24:39.061477Z  INFO herdr::logging: checking for updates event="update.check.start" subsystem="update" outcome="started"
2026-07-29T18:24:39.088285Z  INFO herdr::server::headless: restored session already has workspaces; ignoring startup cwd cwd=/home/btw
2026-07-29T18:24:39.089461Z  INFO herdr::server::headless: client protocol socket listening path=/home/btw/.config/herdr/herdr-client.sock
2026-07-29T18:24:39.089484Z  INFO herdr::server::headless: herdr server started api_socket=/home/btw/.config/herdr/herdr.sock client_socket=/home/btw/.config/herdr/herdr-client.sock
2026-07-29T18:24:39.095143Z  INFO herdr::logging: herdr starting event="app.startup" subsystem="server" outcome="started" pid=6500
2026-07-29T18:24:39.108784Z  INFO herdr::server::headless: client connected client_id=2 cols=172 rows=47 cell_width_px=0 cell_height_px=0 render_encoding=SemanticFrame
2026-07-29T18:26:22.948743Z  INFO herdr::logging: workspace focused event="workspace.focus" subsystem="workspace" outcome="ok" workspace_id="w2"
2026-07-29T18:26:22.948832Z  INFO herdr::logging: tab focused event="tab.focus" subsystem="tab" outcome="ok" workspace_id="w2" tab_id="w2:t2"
2026-07-29T18:26:24.796907Z  INFO herdr::logging: tab focused event="tab.focus" subsystem="tab" outcome="ok" workspace_id="w2" tab_id="w2:t1"
2026-07-29T18:26:29.801661Z  INFO herdr::logging: session saved event="persist.save" subsystem="persist" outcome="ok" path=/home/btw/.config/herdr/session.json workspaces=3
2026-07-29T18:38:39.526552Z  INFO herdr::server::headless: client disconnected client_id=2
2026-07-30T02:51:41.488101Z  INFO herdr::api::server: api server listening path=/home/btw/.config/herdr/herdr.sock
2026-07-30T02:51:41.495864Z  INFO herdr::logging: spawning pane terminal event="pane.spawn.start" subsystem="pane" outcome="started" pane_id=1 rows=24 cols=80 scrollback_limit_bytes=10000000
2026-07-30T02:51:41.534890Z  INFO herdr::logging: pane child spawned event="pane.spawned" subsystem="pane" outcome="ok" pane_id=1 pid=8525
2026-07-30T02:51:41.536462Z  INFO herdr::logging: spawning pane terminal event="pane.spawn.start" subsystem="pane" outcome="started" pane_id=2 rows=24 cols=80 scrollback_limit_bytes=10000000
2026-07-30T02:51:41.537164Z  INFO herdr::logging: pane child spawned event="pane.spawned" subsystem="pane" outcome="ok" pane_id=2 pid=8528
2026-07-30T02:51:41.538975Z  INFO herdr::logging: spawning pane terminal event="pane.spawn.start" subsystem="pane" outcome="started" pane_id=3 rows=24 cols=80 scrollback_limit_bytes=10000000
2026-07-30T02:51:41.539728Z  INFO herdr::logging: pane child spawned event="pane.spawned" subsystem="pane" outcome="ok" pane_id=3 pid=8534
2026-07-30T02:51:41.539998Z  INFO herdr::logging: spawning pane terminal event="pane.spawn.start" subsystem="pane" outcome="started" pane_id=4 rows=24 cols=80 scrollback_limit_bytes=10000000
2026-07-30T02:51:41.540954Z  INFO herdr::logging: pane child spawned event="pane.spawned" subsystem="pane" outcome="ok" pane_id=4 pid=8538
2026-07-30T02:51:41.541165Z  INFO herdr::logging: spawning pane terminal event="pane.spawn.start" subsystem="pane" outcome="started" pane_id=5 rows=24 cols=80 scrollback_limit_bytes=10000000
2026-07-30T02:51:41.541973Z  INFO herdr::logging: pane child spawned event="pane.spawned" subsystem="pane" outcome="ok" pane_id=5 pid=8541
2026-07-30T02:51:41.545494Z  INFO herdr::logging: spawning pane terminal event="pane.spawn.start" subsystem="pane" outcome="started" pane_id=6 rows=24 cols=80 scrollback_limit_bytes=10000000
2026-07-30T02:51:41.546420Z  INFO herdr::logging: pane child spawned event="pane.spawned" subsystem="pane" outcome="ok" pane_id=6 pid=8552
2026-07-30T02:51:41.546688Z  INFO herdr::logging: spawning pane terminal event="pane.spawn.start" subsystem="pane" outcome="started" pane_id=7 rows=24 cols=80 scrollback_limit_bytes=10000000
2026-07-30T02:51:41.547705Z  INFO herdr::logging: pane child spawned event="pane.spawned" subsystem="pane" outcome="ok" pane_id=7 pid=8556
2026-07-30T02:51:41.547908Z  INFO herdr::logging: spawning pane terminal event="pane.spawn.start" subsystem="pane" outcome="started" pane_id=8 rows=24 cols=80 scrollback_limit_bytes=10000000
2026-07-30T02:51:41.548999Z  INFO herdr::logging: pane child spawned event="pane.spawned" subsystem="pane" outcome="ok" pane_id=8 pid=8562
2026-07-30T02:51:41.550568Z  INFO herdr::logging: session restore evaluated event="persist.restore" subsystem="persist" outcome="ok" workspaces=3
2026-07-30T02:51:41.550594Z  INFO herdr::app: using pane scrollback configuration pane_scrollback_limit_bytes=10000000
2026-07-30T02:51:41.745978Z  INFO herdr::logging: checking for updates event="update.check.start" subsystem="update" outcome="started"
2026-07-30T02:51:41.796099Z  INFO herdr::server::headless: restored session already has workspaces; ignoring startup cwd cwd=/home/btw
2026-07-30T02:51:41.796544Z  INFO herdr::server::headless: client protocol socket listening path=/home/btw/.config/herdr/herdr-client.sock
2026-07-30T02:51:41.796566Z  INFO herdr::server::headless: herdr server started api_socket=/home/btw/.config/herdr/herdr.sock client_socket=/home/btw/.config/herdr/herdr-client.sock
2026-07-30T02:51:41.832268Z  INFO herdr::logging: herdr starting event="app.startup" subsystem="server" outcome="started" pid=8511
2026-07-30T02:51:41.841085Z  INFO herdr::server::headless: client connected client_id=2 cols=172 rows=47 cell_width_px=0 cell_height_px=0 render_encoding=SemanticFrame
2026-07-30T02:53:09.772224Z  INFO herdr::server::headless: client resize client_id=2 cols=85 rows=47 cell_width_px=0 cell_height_px=0
2026-07-30T02:53:12.579547Z  INFO herdr::server::headless: client resize client_id=2 cols=172 rows=47 cell_width_px=0 cell_height_px=0
2026-07-30T02:58:20.624009Z  INFO herdr::logging: workspace focused event="workspace.focus" subsystem="workspace" outcome="ok" workspace_id="w1"
2026-07-30T02:58:20.624154Z  INFO herdr::logging: tab focused event="tab.focus" subsystem="tab" outcome="ok" workspace_id="w1" tab_id="w1:t4"
2026-07-30T02:58:25.629033Z  INFO herdr::logging: session saved event="persist.save" subsystem="persist" outcome="ok" path=/home/btw/.config/herdr/session.json workspaces=3
2026-07-30T02:59:16.586385Z  INFO herdr::logging: spawning pane terminal event="pane.spawn.start" subsystem="pane" outcome="started" pane_id=9 rows=46 cols=146 scrollback_limit_bytes=10000000
2026-07-30T02:59:16.587797Z  INFO herdr::logging: pane child spawned event="pane.spawned" subsystem="pane" outcome="ok" pane_id=9 pid=13004
2026-07-30T02:59:16.588054Z  INFO herdr::logging: tab focused event="tab.focus" subsystem="tab" outcome="ok" workspace_id="w1" tab_id="w1:t6"
2026-07-30T02:59:19.189589Z  INFO herdr::logging: api request received event="api.request.start" subsystem="api" outcome="started" request_id="cli:workspace:focus" method="workspace.focus" changes_ui=true
2026-07-30T02:59:19.189641Z  INFO herdr::logging: workspace focused event="workspace.focus" subsystem="workspace" outcome="ok" workspace_id="w1"
2026-07-30T02:59:19.189699Z  INFO herdr::logging: tab focused event="tab.focus" subsystem="tab" outcome="ok" workspace_id="w1" tab_id="w1:t6"
2026-07-30T02:59:19.189725Z  INFO herdr::logging: api request completed event="api.request.complete" subsystem="api" outcome="ok" request_id="cli:workspace:focus" method="workspace.focus"
2026-07-30T02:59:24.191310Z  INFO herdr::logging: session saved event="persist.save" subsystem="persist" outcome="ok" path=/home/btw/.config/herdr/session.json workspaces=3
2026-07-30T03:10:13.870450Z  INFO herdr::app::actions: copied selection to clipboard
2026-07-30T03:18:33.232711Z  INFO herdr::logging: pane child exited event="pane.exit" subsystem="pane" outcome="completed" pane_id=9 status="ExitStatus { code: 0, signal: None }"
2026-07-30T03:18:33.233112Z  INFO herdr::pane: pane session terminated pane=9 pid=13004 signal=Hangup
2026-07-30T03:18:35.478773Z  INFO herdr::logging: tab focused event="tab.focus" subsystem="tab" outcome="ok" workspace_id="w1" tab_id="w1:t4"
2026-07-30T03:18:40.480999Z  INFO herdr::logging: session saved event="persist.save" subsystem="persist" outcome="ok" path=/home/btw/.config/herdr/session.json workspaces=3
2026-07-30T03:18:42.510052Z  INFO herdr::server::headless: client disconnected client_id=2
2026-07-30T03:21:41.746895Z  INFO herdr::logging: checking for updates event="update.check.start" subsystem="update" outcome="started"
2026-07-30T03:26:35.703047Z  INFO herdr::server::headless: client connected client_id=4 cols=172 rows=47 cell_width_px=0 cell_height_px=0 render_encoding=SemanticFrame
2026-07-30T03:26:38.878734Z  INFO herdr::logging: spawning pane terminal event="pane.spawn.start" subsystem="pane" outcome="started" pane_id=10 rows=46 cols=146 scrollback_limit_bytes=10000000
2026-07-30T03:26:38.880336Z  INFO herdr::logging: pane child spawned event="pane.spawned" subsystem="pane" outcome="ok" pane_id=10 pid=31612
2026-07-30T03:26:38.880612Z  INFO herdr::logging: tab focused event="tab.focus" subsystem="tab" outcome="ok" workspace_id="w1" tab_id="w1:t7"
2026-07-30T03:26:43.884328Z  INFO herdr::logging: session saved event="persist.save" subsystem="persist" outcome="ok" path=/home/btw/.config/herdr/session.json workspaces=3
2026-07-30T03:34:25.828451Z  INFO herdr::logging: spawning pane terminal event="pane.spawn.start" subsystem="pane" outcome="started" pane_id=11 rows=46 cols=146 scrollback_limit_bytes=10000000
2026-07-30T03:34:25.830014Z  INFO herdr::logging: pane child spawned event="pane.spawned" subsystem="pane" outcome="ok" pane_id=11 pid=36593
2026-07-30T03:34:25.830335Z  INFO herdr::logging: tab focused event="tab.focus" subsystem="tab" outcome="ok" workspace_id="w1" tab_id="w1:t8"
2026-07-30T03:34:30.832977Z  INFO herdr::logging: session saved event="persist.save" subsystem="persist" outcome="ok" path=/home/btw/.config/herdr/session.json workspaces=3
2026-07-30T03:35:01.882443Z  INFO herdr::logging: tab focused event="tab.focus" subsystem="tab" outcome="ok" workspace_id="w1" tab_id="w1:t7"
2026-07-30T03:35:06.884929Z  INFO herdr::logging: session saved event="persist.save" subsystem="persist" outcome="ok" path=/home/btw/.config/herdr/session.json workspaces=3
2026-07-30T03:35:15.385222Z  INFO herdr::logging: tab focused event="tab.focus" subsystem="tab" outcome="ok" workspace_id="w1" tab_id="w1:t8"
2026-07-30T03:35:16.355726Z  INFO herdr::server::headless: client resize client_id=4 cols=173 rows=48 cell_width_px=0 cell_height_px=0
2026-07-30T03:35:19.682004Z  INFO herdr::logging: tab focused event="tab.focus" subsystem="tab" outcome="ok" workspace_id="w1" tab_id="w1:t7"
2026-07-30T03:35:24.685068Z  INFO herdr::logging: session saved event="persist.save" subsystem="persist" outcome="ok" path=/home/btw/.config/herdr/session.json workspaces=3
2026-07-30T03:35:31.006129Z  INFO herdr::logging: tab focused event="tab.focus" subsystem="tab" outcome="ok" workspace_id="w1" tab_id="w1:t7"
2026-07-30T03:35:32.036086Z  INFO herdr::logging: tab focused event="tab.focus" subsystem="tab" outcome="ok" workspace_id="w1" tab_id="w1:t8"
2026-07-30T03:35:37.039011Z  INFO herdr::logging: session saved event="persist.save" subsystem="persist" outcome="ok" path=/home/btw/.config/herdr/session.json workspaces=3
2026-07-30T03:35:42.582042Z  INFO herdr::logging: tab focused event="tab.focus" subsystem="tab" outcome="ok" workspace_id="w1" tab_id="w1:t8"
2026-07-30T03:35:43.600932Z  INFO herdr::logging: tab focused event="tab.focus" subsystem="tab" outcome="ok" workspace_id="w1" tab_id="w1:t7"
2026-07-30T03:35:48.602781Z  INFO herdr::logging: session saved event="persist.save" subsystem="persist" outcome="ok" path=/home/btw/.config/herdr/session.json workspaces=3
2026-07-30T03:35:49.091820Z  INFO herdr::logging: tab focused event="tab.focus" subsystem="tab" outcome="ok" workspace_id="w1" tab_id="w1:t8"
2026-07-30T03:35:52.703838Z  INFO herdr::logging: tab focused event="tab.focus" subsystem="tab" outcome="ok" workspace_id="w1" tab_id="w1:t7"
2026-07-30T03:35:57.705676Z  INFO herdr::logging: session saved event="persist.save" subsystem="persist" outcome="ok" path=/home/btw/.config/herdr/session.json workspaces=3
2026-07-30T03:36:01.037687Z  INFO herdr::logging: tab focused event="tab.focus" subsystem="tab" outcome="ok" workspace_id="w1" tab_id="w1:t8"
2026-07-30T03:36:06.040154Z  INFO herdr::logging: session saved event="persist.save" subsystem="persist" outcome="ok" path=/home/btw/.config/herdr/session.json workspaces=3
2026-07-30T03:36:12.837801Z  INFO herdr::logging: tab focused event="tab.focus" subsystem="tab" outcome="ok" workspace_id="w1" tab_id="w1:t7"
2026-07-30T03:36:17.840384Z  INFO herdr::logging: session saved event="persist.save" subsystem="persist" outcome="ok" path=/home/btw/.config/herdr/session.json workspaces=3
2026-07-30T03:38:08.128746Z  INFO herdr::logging: tab focused event="tab.focus" subsystem="tab" outcome="ok" workspace_id="w1" tab_id="w1:t8"
2026-07-30T03:38:13.130577Z  INFO herdr::logging: session saved event="persist.save" subsystem="persist" outcome="ok" path=/home/btw/.config/herdr/session.json workspaces=3
2026-07-30T03:38:17.409809Z  INFO herdr::logging: tab focused event="tab.focus" subsystem="tab" outcome="ok" workspace_id="w1" tab_id="w1:t7"
2026-07-30T03:38:22.411614Z  INFO herdr::logging: session saved event="persist.save" subsystem="persist" outcome="ok" path=/home/btw/.config/herdr/session.json workspaces=3
2026-07-30T03:39:18.014418Z  INFO herdr::logging: tab focused event="tab.focus" subsystem="tab" outcome="ok" workspace_id="w1" tab_id="w1:t8"
2026-07-30T03:39:20.196248Z  INFO herdr::logging: pane child exited event="pane.exit" subsystem="pane" outcome="completed" pane_id=11 status="ExitStatus { code: 0, signal: None }"
2026-07-30T03:39:20.200527Z  INFO herdr::pane: pane session terminated pane=11 pid=36593 signal=Hangup
2026-07-30T03:39:20.200927Z  WARN herdr::app::actions: PaneDied for unknown pane pane=11
2026-07-30T03:39:20.968267Z  INFO herdr::logging: pane child exited event="pane.exit" subsystem="pane" outcome="completed" pane_id=10 status="ExitStatus { code: 0, signal: None }"
2026-07-30T03:39:20.972796Z  INFO herdr::pane: pane session terminated pane=10 pid=31612 signal=Hangup
2026-07-30T03:39:20.973342Z  WARN herdr::app::actions: PaneDied for unknown pane pane=10
2026-07-30T03:39:23.096639Z  INFO herdr::server::headless: client disconnected client_id=4
2026-07-30T03:39:25.974703Z  INFO herdr::logging: session saved event="persist.save" subsystem="persist" outcome="ok" path=/home/btw/.config/herdr/session.json workspaces=3
2026-07-30T03:39:30.998499Z  INFO herdr::server::headless: client connected client_id=6 cols=172 rows=47 cell_width_px=0 cell_height_px=0 render_encoding=SemanticFrame
2026-07-30T03:39:45.242970Z  INFO herdr::logging: tab focused event="tab.focus" subsystem="tab" outcome="ok" workspace_id="w1" tab_id="w1:t4"
2026-07-30T03:39:47.726036Z  INFO herdr::logging: tab focused event="tab.focus" subsystem="tab" outcome="ok" workspace_id="w1" tab_id="w1:t1"
2026-07-30T03:39:49.157020Z  INFO herdr::logging: tab focused event="tab.focus" subsystem="tab" outcome="ok" workspace_id="w1" tab_id="w1:t4"
2026-07-30T03:39:54.159116Z  INFO herdr::logging: session saved event="persist.save" subsystem="persist" outcome="ok" path=/home/btw/.config/herdr/session.json workspaces=3
2026-07-30T03:40:19.055362Z  INFO herdr::logging: spawning pane terminal event="pane.spawn.start" subsystem="pane" outcome="started" pane_id=12 rows=46 cols=146 scrollback_limit_bytes=10000000
2026-07-30T03:40:19.056852Z  INFO herdr::logging: pane child spawned event="pane.spawned" subsystem="pane" outcome="ok" pane_id=12 pid=39914
2026-07-30T03:40:19.057084Z  INFO herdr::logging: tab focused event="tab.focus" subsystem="tab" outcome="ok" workspace_id="w1" tab_id="w1:t4"
2026-07-30T03:40:24.059795Z  INFO herdr::logging: session saved event="persist.save" subsystem="persist" outcome="ok" path=/home/btw/.config/herdr/session.json workspaces=3
2026-07-30T03:40:36.792504Z  INFO herdr::logging: tab focused event="tab.focus" subsystem="tab" outcome="ok" workspace_id="w1" tab_id="w1:t4"
2026-07-30T03:40:37.429600Z  INFO herdr::logging: tab focused event="tab.focus" subsystem="tab" outcome="ok" workspace_id="w1" tab_id="w1:t4"
2026-07-30T03:40:40.752835Z  INFO herdr::logging: pane child exited event="pane.exit" subsystem="pane" outcome="completed" pane_id=12 status="ExitStatus { code: 0, signal: None }"
2026-07-30T03:40:40.757148Z  INFO herdr::pane: pane session terminated pane=12 pid=39914 signal=Hangup
2026-07-30T03:40:40.757566Z  WARN herdr::app::actions: PaneDied for unknown pane pane=12
2026-07-30T03:40:45.759288Z  INFO herdr::logging: session saved event="persist.save" subsystem="persist" outcome="ok" path=/home/btw/.config/herdr/session.json workspaces=3
2026-07-30T03:42:30.286761Z  INFO herdr::server::headless: client disconnected client_id=6
2026-07-30T03:42:49.634871Z  INFO herdr::server::headless: client connected client_id=8 cols=172 rows=47 cell_width_px=0 cell_height_px=0 render_encoding=SemanticFrame
2026-07-30T03:42:51.523244Z  INFO herdr::server::headless: client disconnected client_id=8
2026-07-30T03:45:06.454605Z  INFO herdr::server::headless: client connected client_id=10 cols=172 rows=47 cell_width_px=0 cell_height_px=0 render_encoding=SemanticFrame
2026-07-30T03:45:16.924331Z  INFO herdr::logging: tab focused event="tab.focus" subsystem="tab" outcome="ok" workspace_id="w1" tab_id="w1:t1"
2026-07-30T03:45:17.561310Z  INFO herdr::logging: tab focused event="tab.focus" subsystem="tab" outcome="ok" workspace_id="w1" tab_id="w1:t4"
2026-07-30T03:45:22.563867Z  INFO herdr::logging: session saved event="persist.save" subsystem="persist" outcome="ok" path=/home/btw/.config/herdr/session.json workspaces=3
2026-07-30T03:45:25.644145Z  INFO herdr::logging: pane child exited event="pane.exit" subsystem="pane" outcome="completed" pane_id=1 status="ExitStatus { code: 0, signal: None }"
2026-07-30T03:45:25.648483Z  INFO herdr::pane: pane session terminated pane=1 pid=8525 signal=Hangup
2026-07-30T03:45:25.648900Z  WARN herdr::app::actions: PaneDied for unknown pane pane=1
2026-07-30T03:45:28.817865Z  INFO herdr::logging: spawning pane terminal event="pane.spawn.start" subsystem="pane" outcome="started" pane_id=13 rows=46 cols=146 scrollback_limit_bytes=10000000
2026-07-30T03:45:28.819319Z  INFO herdr::logging: pane child spawned event="pane.spawned" subsystem="pane" outcome="ok" pane_id=13 pid=42873
2026-07-30T03:45:28.819467Z  INFO herdr::logging: tab renamed event="tab.rename" subsystem="tab" outcome="ok" workspace_id="w1" tab_id="w1:t9"
2026-07-30T03:45:28.819557Z  INFO herdr::logging: tab focused event="tab.focus" subsystem="tab" outcome="ok" workspace_id="w1" tab_id="w1:t9"
2026-07-30T03:45:33.821464Z  INFO herdr::logging: session saved event="persist.save" subsystem="persist" outcome="ok" path=/home/btw/.config/herdr/session.json workspaces=3
2026-07-30T03:45:38.779122Z  INFO herdr::logging: pane child exited event="pane.exit" subsystem="pane" outcome="completed" pane_id=13 status="ExitStatus { code: 0, signal: None }"
2026-07-30T03:45:38.783972Z  INFO herdr::pane: pane session terminated pane=13 pid=42873 signal=Hangup
2026-07-30T03:45:38.784396Z  WARN herdr::app::actions: PaneDied for unknown pane pane=13
2026-07-30T03:45:40.579057Z  INFO herdr::logging: workspace closed event="workspace.close" subsystem="workspace" outcome="ok" workspace_id="w1"
2026-07-30T03:45:40.580174Z  INFO herdr::logging: pane child exited event="pane.exit" subsystem="pane" outcome="completed" pane_id=2 status="ExitStatus { code: 0, signal: None }"
2026-07-30T03:45:40.584717Z  INFO herdr::pane: pane session terminated pane=2 pid=8528 signal=Hangup
2026-07-30T03:45:40.585482Z  WARN herdr::app::actions: PaneDied for unknown pane pane=2
2026-07-30T03:45:44.247091Z  INFO herdr::logging: spawning pane terminal event="pane.spawn.start" subsystem="pane" outcome="started" pane_id=14 rows=46 cols=146 scrollback_limit_bytes=10000000
2026-07-30T03:45:44.248742Z  INFO herdr::logging: pane child spawned event="pane.spawned" subsystem="pane" outcome="ok" pane_id=14 pid=43053
2026-07-30T03:45:44.248933Z  INFO herdr::logging: workspace created event="workspace.create" subsystem="workspace" outcome="ok" workspace_id="w5" pane_id=14
2026-07-30T03:45:44.248940Z  INFO herdr::logging: workspace focused event="workspace.focus" subsystem="workspace" outcome="ok" workspace_id="w5"
2026-07-30T03:45:44.249039Z  INFO herdr::logging: tab focused event="tab.focus" subsystem="tab" outcome="ok" workspace_id="w5" tab_id="w5:t1"
2026-07-30T03:45:49.253445Z  INFO herdr::logging: session saved event="persist.save" subsystem="persist" outcome="ok" path=/home/btw/.config/herdr/session.json workspaces=3
2026-07-30T03:45:59.080800Z  INFO herdr::logging: workspace renamed event="workspace.rename" subsystem="workspace" outcome="ok" workspace_id="w5"
2026-07-30T03:46:04.082109Z  INFO herdr::logging: session saved event="persist.save" subsystem="persist" outcome="ok" path=/home/btw/.config/herdr/session.json workspaces=3
2026-07-30T03:46:18.172156Z  INFO herdr::logging: pane child exited event="pane.exit" subsystem="pane" outcome="completed" pane_id=14 status="ExitStatus { code: 0, signal: None }"
2026-07-30T03:46:18.172486Z  INFO herdr::pane: pane session terminated pane=14 pid=43053 signal=Hangup
2026-07-30T03:46:20.565643Z  INFO herdr::logging: pane child exited event="pane.exit" subsystem="pane" outcome="completed" pane_id=8 status="ExitStatus { code: 0, signal: None }"
2026-07-30T03:46:20.565997Z  INFO herdr::pane: pane session terminated pane=8 pid=8562 signal=Hangup
2026-07-30T03:46:21.369338Z  INFO herdr::logging: pane child exited event="pane.exit" subsystem="pane" outcome="completed" pane_id=7 status="ExitStatus { code: 0, signal: None }"
2026-07-30T03:46:21.369729Z  INFO herdr::pane: pane session terminated pane=7 pid=8556 signal=Hangup
2026-07-30T03:46:22.350791Z  INFO herdr::logging: workspace closed event="workspace.close" subsystem="workspace" outcome="ok" workspace_id="w4"
2026-07-30T03:46:22.351757Z  INFO herdr::logging: pane child exited event="pane.exit" subsystem="pane" outcome="completed" pane_id=6 status="ExitStatus { code: 0, signal: None }"
2026-07-30T03:46:22.356174Z  INFO herdr::pane: pane session terminated pane=6 pid=8552 signal=Hangup
2026-07-30T03:46:22.356776Z  WARN herdr::app::actions: PaneDied for unknown pane pane=6
2026-07-30T03:46:23.012372Z  INFO herdr::logging: pane child exited event="pane.exit" subsystem="pane" outcome="completed" pane_id=4 status="ExitStatus { code: 0, signal: None }"
2026-07-30T03:46:23.016212Z  INFO herdr::pane: pane session terminated pane=4 pid=8538 signal=Hangup
2026-07-30T03:46:23.016704Z  WARN herdr::app::actions: PaneDied for unknown pane pane=4
2026-07-30T03:46:23.492586Z  INFO herdr::logging: pane child exited event="pane.exit" subsystem="pane" outcome="completed" pane_id=3 status="ExitStatus { code: 0, signal: None }"
2026-07-30T03:46:23.496808Z  INFO herdr::pane: pane session terminated pane=3 pid=8534 signal=Hangup
2026-07-30T03:46:23.497256Z  WARN herdr::app::actions: PaneDied for unknown pane pane=3
2026-07-30T03:46:23.860492Z  INFO herdr::logging: workspace closed event="workspace.close" subsystem="workspace" outcome="ok" workspace_id="w2"
2026-07-30T03:46:23.865351Z  INFO herdr::logging: pane child exited event="pane.exit" subsystem="pane" outcome="completed" pane_id=5 status="ExitStatus { code: 0, signal: None }"
2026-07-30T03:46:23.865766Z  INFO herdr::pane: pane session terminated pane=5 pid=8541 signal=Hangup
2026-07-30T03:46:23.866575Z  INFO herdr::logging: spawning pane terminal event="pane.spawn.start" subsystem="pane" outcome="started" pane_id=15 rows=46 cols=146 scrollback_limit_bytes=10000000
2026-07-30T03:46:23.867788Z  INFO herdr::logging: pane child spawned event="pane.spawned" subsystem="pane" outcome="ok" pane_id=15 pid=43504
2026-07-30T03:46:23.867907Z  INFO herdr::logging: workspace created event="workspace.create" subsystem="workspace" outcome="ok" workspace_id="w6" pane_id=15
2026-07-30T03:46:23.867913Z  INFO herdr::logging: workspace focused event="workspace.focus" subsystem="workspace" outcome="ok" workspace_id="w6"
2026-07-30T03:46:23.867968Z  INFO herdr::logging: tab focused event="tab.focus" subsystem="tab" outcome="ok" workspace_id="w6" tab_id="w6:t1"
2026-07-30T03:46:23.870849Z  WARN herdr::app::actions: PaneDied for unknown pane pane=5
2026-07-30T03:46:25.795448Z  INFO herdr::logging: workspace closed event="workspace.close" subsystem="workspace" outcome="ok" workspace_id="w6"
2026-07-30T03:46:25.798293Z  INFO herdr::logging: pane child exited event="pane.exit" subsystem="pane" outcome="completed" pane_id=15 status="ExitStatus { code: 0, signal: None }"
2026-07-30T03:46:25.800804Z  INFO herdr::pane: pane session terminated pane=15 pid=43504 signal=Hangup
2026-07-30T03:46:25.801441Z  WARN herdr::app::actions: PaneDied for unknown pane pane=15
2026-07-30T03:46:25.801510Z  INFO herdr::logging: spawning pane terminal event="pane.spawn.start" subsystem="pane" outcome="started" pane_id=16 rows=46 cols=146 scrollback_limit_bytes=10000000
2026-07-30T03:46:25.802653Z  INFO herdr::logging: pane child spawned event="pane.spawned" subsystem="pane" outcome="ok" pane_id=16 pid=43583
2026-07-30T03:46:25.802772Z  INFO herdr::logging: workspace created event="workspace.create" subsystem="workspace" outcome="ok" workspace_id="w7" pane_id=16
2026-07-30T03:46:25.802776Z  INFO herdr::logging: workspace focused event="workspace.focus" subsystem="workspace" outcome="ok" workspace_id="w7"
2026-07-30T03:46:25.802831Z  INFO herdr::logging: tab focused event="tab.focus" subsystem="tab" outcome="ok" workspace_id="w7" tab_id="w7:t1"
2026-07-30T03:46:26.388508Z  INFO herdr::logging: workspace closed event="workspace.close" subsystem="workspace" outcome="ok" workspace_id="w7"
2026-07-30T03:46:26.389481Z  INFO herdr::logging: pane child exited event="pane.exit" subsystem="pane" outcome="completed" pane_id=16 status="ExitStatus { code: 0, signal: None }"
2026-07-30T03:46:26.393751Z  INFO herdr::pane: pane session terminated pane=16 pid=43583 signal=Hangup
2026-07-30T03:46:26.394433Z  INFO herdr::logging: spawning pane terminal event="pane.spawn.start" subsystem="pane" outcome="started" pane_id=17 rows=46 cols=146 scrollback_limit_bytes=10000000
2026-07-30T03:46:26.395701Z  INFO herdr::logging: pane child spawned event="pane.spawned" subsystem="pane" outcome="ok" pane_id=17 pid=43656
2026-07-30T03:46:26.395830Z  INFO herdr::logging: workspace created event="workspace.create" subsystem="workspace" outcome="ok" workspace_id="w8" pane_id=17
2026-07-30T03:46:26.395835Z  INFO herdr::logging: workspace focused event="workspace.focus" subsystem="workspace" outcome="ok" workspace_id="w8"
2026-07-30T03:46:26.395889Z  INFO herdr::logging: tab focused event="tab.focus" subsystem="tab" outcome="ok" workspace_id="w8" tab_id="w8:t1"
2026-07-30T03:46:26.398793Z  WARN herdr::app::actions: PaneDied for unknown pane pane=16
2026-07-30T03:46:26.746580Z  INFO herdr::logging: workspace closed event="workspace.close" subsystem="workspace" outcome="ok" workspace_id="w8"
2026-07-30T03:46:26.751325Z  INFO herdr::logging: pane child exited event="pane.exit" subsystem="pane" outcome="completed" pane_id=17 status="ExitStatus { code: 0, signal: None }"
2026-07-30T03:46:26.751775Z  INFO herdr::pane: pane session terminated pane=17 pid=43656 signal=Hangup
2026-07-30T03:46:26.752425Z  WARN herdr::app::actions: PaneDied for unknown pane pane=17
2026-07-30T03:46:26.752500Z  INFO herdr::logging: spawning pane terminal event="pane.spawn.start" subsystem="pane" outcome="started" pane_id=18 rows=46 cols=146 scrollback_limit_bytes=10000000
2026-07-30T03:46:26.753648Z  INFO herdr::logging: pane child spawned event="pane.spawned" subsystem="pane" outcome="ok" pane_id=18 pid=43728
2026-07-30T03:46:26.753751Z  INFO herdr::logging: workspace created event="workspace.create" subsystem="workspace" outcome="ok" workspace_id="w9" pane_id=18
2026-07-30T03:46:26.753755Z  INFO herdr::logging: workspace focused event="workspace.focus" subsystem="workspace" outcome="ok" workspace_id="w9"
2026-07-30T03:46:26.753808Z  INFO herdr::logging: tab focused event="tab.focus" subsystem="tab" outcome="ok" workspace_id="w9" tab_id="w9:t1"
2026-07-30T03:46:27.484617Z  INFO herdr::logging: workspace closed event="workspace.close" subsystem="workspace" outcome="ok" workspace_id="w9"
2026-07-30T03:46:27.485682Z  INFO herdr::logging: pane child exited event="pane.exit" subsystem="pane" outcome="completed" pane_id=18 status="ExitStatus { code: 0, signal: None }"
2026-07-30T03:46:27.489720Z  INFO herdr::pane: pane session terminated pane=18 pid=43728 signal=Hangup
2026-07-30T03:46:27.490364Z  WARN herdr::app::actions: PaneDied for unknown pane pane=18
2026-07-30T03:46:27.490434Z  INFO herdr::logging: spawning pane terminal event="pane.spawn.start" subsystem="pane" outcome="started" pane_id=19 rows=46 cols=146 scrollback_limit_bytes=10000000
2026-07-30T03:46:27.491609Z  INFO herdr::logging: pane child spawned event="pane.spawned" subsystem="pane" outcome="ok" pane_id=19 pid=43804
2026-07-30T03:46:27.491749Z  INFO herdr::logging: workspace created event="workspace.create" subsystem="workspace" outcome="ok" workspace_id="wA" pane_id=19
2026-07-30T03:46:27.491754Z  INFO herdr::logging: workspace focused event="workspace.focus" subsystem="workspace" outcome="ok" workspace_id="wA"
2026-07-30T03:46:27.491811Z  INFO herdr::logging: tab focused event="tab.focus" subsystem="tab" outcome="ok" workspace_id="wA" tab_id="wA:t1"
2026-07-30T03:46:29.475744Z  INFO herdr::server::headless: client detach requested via keybind client_id=10
2026-07-30T03:46:29.477642Z  INFO herdr::server::headless: client disconnected client_id=10
2026-07-30T03:46:31.002022Z  INFO herdr::server::headless: client connected client_id=12 cols=172 rows=47 cell_width_px=0 cell_height_px=0 render_encoding=SemanticFrame
2026-07-30T03:46:32.497580Z  INFO herdr::logging: session saved event="persist.save" subsystem="persist" outcome="ok" path=/home/btw/.config/herdr/session.json workspaces=1
2026-07-30T03:46:36.444567Z  INFO herdr::logging: workspace closed event="workspace.close" subsystem="workspace" outcome="ok" workspace_id="wA"
2026-07-30T03:46:36.449335Z  INFO herdr::logging: pane child exited event="pane.exit" subsystem="pane" outcome="completed" pane_id=19 status="ExitStatus { code: 0, signal: None }"
2026-07-30T03:46:36.449774Z  INFO herdr::pane: pane session terminated pane=19 pid=43804 signal=Hangup
2026-07-30T03:46:36.450443Z  WARN herdr::app::actions: PaneDied for unknown pane pane=19
2026-07-30T03:46:36.450511Z  INFO herdr::logging: spawning pane terminal event="pane.spawn.start" subsystem="pane" outcome="started" pane_id=20 rows=46 cols=146 scrollback_limit_bytes=10000000
2026-07-30T03:46:36.451654Z  INFO herdr::logging: pane child spawned event="pane.spawned" subsystem="pane" outcome="ok" pane_id=20 pid=43985
2026-07-30T03:46:36.451758Z  INFO herdr::logging: workspace created event="workspace.create" subsystem="workspace" outcome="ok" workspace_id="wB" pane_id=20
2026-07-30T03:46:36.451762Z  INFO herdr::logging: workspace focused event="workspace.focus" subsystem="workspace" outcome="ok" workspace_id="wB"
2026-07-30T03:46:36.451814Z  INFO herdr::logging: tab focused event="tab.focus" subsystem="tab" outcome="ok" workspace_id="wB" tab_id="wB:t1"
2026-07-30T03:46:38.215977Z  INFO herdr::server::headless: client resize client_id=12 cols=85 rows=47 cell_width_px=0 cell_height_px=0
2026-07-30T03:46:41.456489Z  INFO herdr::logging: session saved event="persist.save" subsystem="persist" outcome="ok" path=/home/btw/.config/herdr/session.json workspaces=1
2026-07-30T03:46:47.396679Z  INFO herdr::server::headless: server shutdown initiated
2026-07-30T03:46:47.446768Z  INFO herdr::server::headless: completing server shutdown
2026-07-30T03:46:47.497419Z  INFO herdr::logging: session saved event="persist.save" subsystem="persist" outcome="ok" path=/home/btw/.config/herdr/session.json workspaces=1
2026-07-30T03:46:47.497435Z  INFO herdr::server::headless: headless server exiting
2026-07-30T03:46:47.498545Z  INFO herdr::logging: pane child exited event="pane.exit" subsystem="pane" outcome="completed" pane_id=20 status="ExitStatus { code: 0, signal: None }"
2026-07-30T03:46:47.502656Z  INFO herdr::pane: pane session terminated pane=20 pid=43985 signal=Hangup
2026-07-30T03:46:47.503354Z  INFO herdr::logging: herdr exiting event="app.shutdown" subsystem="server" outcome="completed" pid=8511
2026-07-30T03:46:50.246840Z  INFO herdr::api::server: api server listening path=/home/btw/.config/herdr/herdr.sock
2026-07-30T03:46:50.247685Z  INFO herdr::logging: spawning pane terminal event="pane.spawn.start" subsystem="pane" outcome="started" pane_id=1 rows=24 cols=80 scrollback_limit_bytes=10000000
2026-07-30T03:46:50.248489Z  INFO herdr::logging: pane child spawned event="pane.spawned" subsystem="pane" outcome="ok" pane_id=1 pid=44424
2026-07-30T03:46:50.248675Z  INFO herdr::logging: session restore evaluated event="persist.restore" subsystem="persist" outcome="ok" workspaces=1
2026-07-30T03:46:50.248685Z  INFO herdr::app: using pane scrollback configuration pane_scrollback_limit_bytes=10000000
2026-07-30T03:46:50.313616Z  INFO herdr::logging: checking for updates event="update.check.start" subsystem="update" outcome="started"
2026-07-30T03:46:50.316151Z  INFO herdr::server::headless: restored session already has workspaces; ignoring startup cwd cwd=/home/btw
2026-07-30T03:46:50.316240Z  INFO herdr::server::headless: client protocol socket listening path=/home/btw/.config/herdr/herdr-client.sock
2026-07-30T03:46:50.316262Z  INFO herdr::server::headless: herdr server started api_socket=/home/btw/.config/herdr/herdr.sock client_socket=/home/btw/.config/herdr/herdr-client.sock
2026-07-30T03:46:50.316470Z  INFO herdr::logging: herdr starting event="app.startup" subsystem="server" outcome="started" pid=44407
2026-07-30T03:46:50.569151Z  INFO herdr::server::headless: client connected client_id=2 cols=172 rows=47 cell_width_px=0 cell_height_px=0 render_encoding=SemanticFrame
2026-07-30T03:47:40.872602Z  WARN herdr::config::keybinds: config diagnostic reserved keybinding: keys.command[1].key = "prefix+ctrl+s" uses keys.prefix as the prefix-mode key; pressing the prefix twice sends a literal prefix key, so this binding is disabled
2026-07-30T03:47:40.872808Z  WARN herdr::config::keybinds: config diagnostic reserved keybinding: keys.command[1].key = "prefix+ctrl+s" uses keys.prefix as the prefix-mode key; pressing the prefix twice sends a literal prefix key, so this binding is disabled
2026-07-30T03:48:35.873431Z  INFO herdr::logging: workspace renamed event="workspace.rename" subsystem="workspace" outcome="ok" workspace_id="wB"
2026-07-30T03:48:40.874764Z  INFO herdr::logging: session saved event="persist.save" subsystem="persist" outcome="ok" path=/home/btw/.config/herdr/session.json workspaces=1
2026-07-30T03:48:43.436392Z  INFO herdr::logging: tab renamed event="tab.rename" subsystem="tab" outcome="ok" workspace_id="wB" tab_id="wB:t1"
2026-07-30T03:48:48.438536Z  INFO herdr::logging: session saved event="persist.save" subsystem="persist" outcome="ok" path=/home/btw/.config/herdr/session.json workspaces=1
2026-07-30T03:48:48.650473Z  INFO herdr::logging: spawning pane terminal event="pane.spawn.start" subsystem="pane" outcome="started" pane_id=2 rows=46 cols=146 scrollback_limit_bytes=10000000
2026-07-30T03:48:48.651664Z  INFO herdr::logging: pane child spawned event="pane.spawned" subsystem="pane" outcome="ok" pane_id=2 pid=45365
2026-07-30T03:48:48.651866Z  INFO herdr::logging: tab renamed event="tab.rename" subsystem="tab" outcome="ok" workspace_id="wB" tab_id="wB:t2"
2026-07-30T03:48:48.651883Z  INFO herdr::logging: tab focused event="tab.focus" subsystem="tab" outcome="ok" workspace_id="wB" tab_id="wB:t2"
2026-07-30T03:48:51.284720Z  INFO herdr::logging: api request received event="api.request.start" subsystem="api" outcome="started" request_id="cli:workspace:focus" method="workspace.focus" changes_ui=true
2026-07-30T03:48:51.284772Z  INFO herdr::logging: workspace focused event="workspace.focus" subsystem="workspace" outcome="ok" workspace_id="wB"
2026-07-30T03:48:51.284792Z  INFO herdr::logging: tab focused event="tab.focus" subsystem="tab" outcome="ok" workspace_id="wB" tab_id="wB:t2"
2026-07-30T03:48:51.284823Z  INFO herdr::logging: api request completed event="api.request.complete" subsystem="api" outcome="ok" request_id="cli:workspace:focus" method="workspace.focus"
2026-07-30T03:48:52.823303Z  INFO herdr::logging: tab focused event="tab.focus" subsystem="tab" outcome="ok" workspace_id="wB" tab_id="wB:t1"
2026-07-30T03:48:53.651374Z  INFO herdr::logging: tab focused event="tab.focus" subsystem="tab" outcome="ok" workspace_id="wB" tab_id="wB:t2"
2026-07-30T03:48:58.653440Z  INFO herdr::logging: session saved event="persist.save" subsystem="persist" outcome="ok" path=/home/btw/.config/herdr/session.json workspaces=1
2026-07-30T03:49:05.848215Z  INFO herdr::logging: tab focused event="tab.focus" subsystem="tab" outcome="ok" workspace_id="wB" tab_id="wB:t1"
2026-07-30T03:49:06.498163Z  INFO herdr::logging: tab focused event="tab.focus" subsystem="tab" outcome="ok" workspace_id="wB" tab_id="wB:t2"
2026-07-30T03:49:11.500142Z  INFO herdr::logging: session saved event="persist.save" subsystem="persist" outcome="ok" path=/home/btw/.config/herdr/session.json workspaces=1
2026-07-30T03:49:35.554957Z  INFO herdr::logging: tab focused event="tab.focus" subsystem="tab" outcome="ok" workspace_id="wB" tab_id="wB:t1"
2026-07-30T03:49:40.532054Z  INFO herdr::logging: spawning pane terminal event="pane.spawn.start" subsystem="pane" outcome="started" pane_id=3 rows=46 cols=146 scrollback_limit_bytes=10000000
2026-07-30T03:49:40.533497Z  INFO herdr::logging: pane child spawned event="pane.spawned" subsystem="pane" outcome="ok" pane_id=3 pid=45941
2026-07-30T03:49:40.533701Z  INFO herdr::logging: workspace created event="workspace.create" subsystem="workspace" outcome="ok" workspace_id="wC" pane_id=3
2026-07-30T03:49:40.533710Z  INFO herdr::logging: workspace focused event="workspace.focus" subsystem="workspace" outcome="ok" workspace_id="wC"
2026-07-30T03:49:40.533788Z  INFO herdr::logging: tab focused event="tab.focus" subsystem="tab" outcome="ok" workspace_id="wC" tab_id="wC:t1"
2026-07-30T03:49:45.537441Z  INFO herdr::logging: session saved event="persist.save" subsystem="persist" outcome="ok" path=/home/btw/.config/herdr/session.json workspaces=2
2026-07-30T03:49:54.760654Z  INFO herdr::logging: workspace renamed event="workspace.rename" subsystem="workspace" outcome="ok" workspace_id="wC"
2026-07-30T03:49:59.762348Z  INFO herdr::logging: session saved event="persist.save" subsystem="persist" outcome="ok" path=/home/btw/.config/herdr/session.json workspaces=2
2026-07-30T03:52:00.619747Z  INFO herdr::server::headless: client resize client_id=2 cols=173 rows=48 cell_width_px=0 cell_height_px=0
2026-07-30T03:52:04.842806Z  INFO herdr::logging: spawning pane terminal event="pane.spawn.start" subsystem="pane" outcome="started" pane_id=4 rows=47 cols=147 scrollback_limit_bytes=10000000
2026-07-30T03:52:04.844175Z  INFO herdr::logging: pane child spawned event="pane.spawned" subsystem="pane" outcome="ok" pane_id=4 pid=47553
2026-07-30T03:52:04.844385Z  INFO herdr::logging: workspace created event="workspace.create" subsystem="workspace" outcome="ok" workspace_id="wD" pane_id=4
2026-07-30T03:52:04.844395Z  INFO herdr::logging: workspace focused event="workspace.focus" subsystem="workspace" outcome="ok" workspace_id="wD"
2026-07-30T03:52:04.844447Z  INFO herdr::logging: tab focused event="tab.focus" subsystem="tab" outcome="ok" workspace_id="wD" tab_id="wD:t1"
2026-07-30T03:52:09.848200Z  INFO herdr::logging: session saved event="persist.save" subsystem="persist" outcome="ok" path=/home/btw/.config/herdr/session.json workspaces=3
2026-07-30T03:52:11.116667Z  INFO herdr::logging: workspace renamed event="workspace.rename" subsystem="workspace" outcome="ok" workspace_id="wD"
2026-07-30T03:52:16.118232Z  INFO herdr::logging: session saved event="persist.save" subsystem="persist" outcome="ok" path=/home/btw/.config/herdr/session.json workspaces=3
2026-07-30T03:52:51.484275Z  INFO herdr::logging: tab renamed event="tab.rename" subsystem="tab" outcome="ok" workspace_id="wD" tab_id="wD:t1"
2026-07-30T03:52:55.758625Z  INFO herdr::logging: spawning pane terminal event="pane.spawn.start" subsystem="pane" outcome="started" pane_id=5 rows=47 cols=147 scrollback_limit_bytes=10000000
2026-07-30T03:52:55.759997Z  INFO herdr::logging: pane child spawned event="pane.spawned" subsystem="pane" outcome="ok" pane_id=5 pid=48084
2026-07-30T03:52:55.760165Z  INFO herdr::logging: tab renamed event="tab.rename" subsystem="tab" outcome="ok" workspace_id="wD" tab_id="wD:t2"
2026-07-30T03:52:55.760203Z  INFO herdr::logging: tab focused event="tab.focus" subsystem="tab" outcome="ok" workspace_id="wD" tab_id="wD:t2"
2026-07-30T03:53:00.763042Z  INFO herdr::logging: session saved event="persist.save" subsystem="persist" outcome="ok" path=/home/btw/.config/herdr/session.json workspaces=3
2026-07-30T03:53:01.307157Z  INFO herdr::logging: spawning pane terminal event="pane.spawn.start" subsystem="pane" outcome="started" pane_id=6 rows=47 cols=147 scrollback_limit_bytes=10000000
2026-07-30T03:53:01.308463Z  INFO herdr::logging: pane child spawned event="pane.spawned" subsystem="pane" outcome="ok" pane_id=6 pid=48254
2026-07-30T03:53:01.308645Z  INFO herdr::logging: tab renamed event="tab.rename" subsystem="tab" outcome="ok" workspace_id="wD" tab_id="wD:t3"
2026-07-30T03:53:01.308767Z  INFO herdr::logging: tab focused event="tab.focus" subsystem="tab" outcome="ok" workspace_id="wD" tab_id="wD:t3"
2026-07-30T03:53:06.311043Z  INFO herdr::logging: session saved event="persist.save" subsystem="persist" outcome="ok" path=/home/btw/.config/herdr/session.json workspaces=3
2026-07-30T03:53:06.879326Z  INFO herdr::logging: workspace focused event="workspace.focus" subsystem="workspace" outcome="ok" workspace_id="wC"
2026-07-30T03:53:06.879360Z  INFO herdr::logging: tab focused event="tab.focus" subsystem="tab" outcome="ok" workspace_id="wC" tab_id="wC:t1"
2026-07-30T03:53:11.882569Z  INFO herdr::logging: session saved event="persist.save" subsystem="persist" outcome="ok" path=/home/btw/.config/herdr/session.json workspaces=3
2026-07-30T03:53:14.004152Z  INFO herdr::logging: tab renamed event="tab.rename" subsystem="tab" outcome="ok" workspace_id="wC" tab_id="wC:t1"
2026-07-30T03:53:17.750269Z  INFO herdr::logging: spawning pane terminal event="pane.spawn.start" subsystem="pane" outcome="started" pane_id=7 rows=47 cols=147 scrollback_limit_bytes=10000000
2026-07-30T03:53:17.751756Z  INFO herdr::logging: pane child spawned event="pane.spawned" subsystem="pane" outcome="ok" pane_id=7 pid=48470
2026-07-30T03:53:17.751923Z  INFO herdr::logging: tab renamed event="tab.rename" subsystem="tab" outcome="ok" workspace_id="wC" tab_id="wC:t2"
2026-07-30T03:53:17.751951Z  INFO herdr::logging: tab focused event="tab.focus" subsystem="tab" outcome="ok" workspace_id="wC" tab_id="wC:t2"
2026-07-30T03:53:21.843203Z  INFO herdr::logging: spawning pane terminal event="pane.spawn.start" subsystem="pane" outcome="started" pane_id=8 rows=47 cols=147 scrollback_limit_bytes=10000000
2026-07-30T03:53:21.844822Z  INFO herdr::logging: pane child spawned event="pane.spawned" subsystem="pane" outcome="ok" pane_id=8 pid=48616
2026-07-30T03:53:21.845014Z  INFO herdr::logging: tab renamed event="tab.rename" subsystem="tab" outcome="ok" workspace_id="wC" tab_id="wC:t3"
2026-07-30T03:53:21.845038Z  INFO herdr::logging: tab focused event="tab.focus" subsystem="tab" outcome="ok" workspace_id="wC" tab_id="wC:t3"
2026-07-30T03:53:26.849166Z  INFO herdr::logging: session saved event="persist.save" subsystem="persist" outcome="ok" path=/home/btw/.config/herdr/session.json workspaces=3
2026-07-30T03:53:27.022119Z  INFO herdr::logging: tab focused event="tab.focus" subsystem="tab" outcome="ok" workspace_id="wC" tab_id="wC:t2"
2026-07-30T03:53:27.939097Z  INFO herdr::logging: tab focused event="tab.focus" subsystem="tab" outcome="ok" workspace_id="wC" tab_id="wC:t1"
2026-07-30T03:53:29.386123Z  INFO herdr::server::headless: client disconnected client_id=2
2026-07-30T03:53:30.139901Z  INFO herdr::server::headless: client connected client_id=4 cols=172 rows=47 cell_width_px=0 cell_height_px=0 render_encoding=SemanticFrame
2026-07-30T03:53:32.941431Z  INFO herdr::logging: session saved event="persist.save" subsystem="persist" outcome="ok" path=/home/btw/.config/herdr/session.json workspaces=3
2026-07-30T03:53:52.059874Z  INFO herdr::server::headless: client disconnected client_id=4
2026-07-30T03:53:55.917879Z  INFO herdr::server::headless: server shutdown initiated
2026-07-30T03:53:55.967966Z  INFO herdr::server::headless: completing server shutdown
2026-07-30T03:53:55.968556Z  INFO herdr::logging: session saved event="persist.save" subsystem="persist" outcome="ok" path=/home/btw/.config/herdr/session.json workspaces=3
2026-07-30T03:53:55.968568Z  INFO herdr::server::headless: headless server exiting
2026-07-30T03:53:55.969536Z  INFO herdr::logging: pane child exited event="pane.exit" subsystem="pane" outcome="completed" pane_id=7 status="ExitStatus { code: 1, signal: None }"
2026-07-30T03:53:55.973841Z  INFO herdr::pane: pane session terminated pane=7 pid=48470 signal=Hangup
2026-07-30T03:53:55.974838Z  INFO herdr::logging: pane child exited event="pane.exit" subsystem="pane" outcome="completed" pane_id=8 status="ExitStatus { code: 1, signal: None }"
2026-07-30T03:53:55.978386Z  INFO herdr::pane: pane session terminated pane=8 pid=48616 signal=Hangup
2026-07-30T03:53:55.979254Z  INFO herdr::logging: pane child exited event="pane.exit" subsystem="pane" outcome="completed" pane_id=4 status="ExitStatus { code: 1, signal: None }"
2026-07-30T03:53:55.982740Z  INFO herdr::pane: pane session terminated pane=4 pid=47553 signal=Hangup
2026-07-30T03:53:55.983594Z  INFO herdr::logging: pane child exited event="pane.exit" subsystem="pane" outcome="completed" pane_id=5 status="ExitStatus { code: 1, signal: None }"
2026-07-30T03:53:55.987274Z  INFO herdr::pane: pane session terminated pane=5 pid=48084 signal=Hangup
2026-07-30T03:53:55.988091Z  INFO herdr::logging: pane child exited event="pane.exit" subsystem="pane" outcome="completed" pane_id=3 status="ExitStatus { code: 1, signal: None }"
2026-07-30T03:53:55.991619Z  INFO herdr::pane: pane session terminated pane=3 pid=45941 signal=Hangup
2026-07-30T03:53:55.992402Z  INFO herdr::logging: pane child exited event="pane.exit" subsystem="pane" outcome="completed" pane_id=6 status="ExitStatus { code: 1, signal: None }"
2026-07-30T03:53:55.995918Z  INFO herdr::pane: pane session terminated pane=6 pid=48254 signal=Hangup
2026-07-30T03:53:55.996816Z  INFO herdr::logging: pane child exited event="pane.exit" subsystem="pane" outcome="completed" pane_id=2 status="ExitStatus { code: 1, signal: None }"
2026-07-30T03:53:56.000243Z  INFO herdr::pane: pane session terminated pane=2 pid=45365 signal=Hangup
2026-07-30T03:53:56.001155Z  INFO herdr::logging: pane child exited event="pane.exit" subsystem="pane" outcome="completed" pane_id=1 status="ExitStatus { code: 1, signal: None }"
2026-07-30T03:53:56.004513Z  INFO herdr::pane: pane session terminated pane=1 pid=44424 signal=Hangup
2026-07-30T03:53:56.005169Z  INFO herdr::logging: herdr exiting event="app.shutdown" subsystem="server" outcome="completed" pid=44407
2026-07-30T03:53:57.171630Z  INFO herdr::api::server: api server listening path=/home/btw/.config/herdr/herdr.sock
2026-07-30T03:53:57.172522Z  INFO herdr::logging: spawning pane terminal event="pane.spawn.start" subsystem="pane" outcome="started" pane_id=1 rows=24 cols=80 scrollback_limit_bytes=10000000
2026-07-30T03:53:57.173251Z  INFO herdr::logging: pane child spawned event="pane.spawned" subsystem="pane" outcome="ok" pane_id=1 pid=49584
2026-07-30T03:53:57.173438Z  INFO herdr::logging: spawning pane terminal event="pane.spawn.start" subsystem="pane" outcome="started" pane_id=2 rows=24 cols=80 scrollback_limit_bytes=10000000
2026-07-30T03:53:57.174055Z  INFO herdr::logging: pane child spawned event="pane.spawned" subsystem="pane" outcome="ok" pane_id=2 pid=49587
2026-07-30T03:53:57.174273Z  INFO herdr::logging: spawning pane terminal event="pane.spawn.start" subsystem="pane" outcome="started" pane_id=3 rows=24 cols=80 scrollback_limit_bytes=10000000
2026-07-30T03:53:57.174925Z  INFO herdr::logging: pane child spawned event="pane.spawned" subsystem="pane" outcome="ok" pane_id=3 pid=49590
2026-07-30T03:53:57.175127Z  INFO herdr::logging: spawning pane terminal event="pane.spawn.start" subsystem="pane" outcome="started" pane_id=4 rows=24 cols=80 scrollback_limit_bytes=10000000
2026-07-30T03:53:57.175788Z  INFO herdr::logging: pane child spawned event="pane.spawned" subsystem="pane" outcome="ok" pane_id=4 pid=49593
2026-07-30T03:53:57.175947Z  INFO herdr::logging: spawning pane terminal event="pane.spawn.start" subsystem="pane" outcome="started" pane_id=5 rows=24 cols=80 scrollback_limit_bytes=10000000
2026-07-30T03:53:57.176648Z  INFO herdr::logging: pane child spawned event="pane.spawned" subsystem="pane" outcome="ok" pane_id=5 pid=49596
2026-07-30T03:53:57.176892Z  INFO herdr::logging: spawning pane terminal event="pane.spawn.start" subsystem="pane" outcome="started" pane_id=6 rows=24 cols=80 scrollback_limit_bytes=10000000
2026-07-30T03:53:57.177631Z  INFO herdr::logging: pane child spawned event="pane.spawned" subsystem="pane" outcome="ok" pane_id=6 pid=49599
2026-07-30T03:53:57.177839Z  INFO herdr::logging: spawning pane terminal event="pane.spawn.start" subsystem="pane" outcome="started" pane_id=7 rows=24 cols=80 scrollback_limit_bytes=10000000
2026-07-30T03:53:57.178813Z  INFO herdr::logging: pane child spawned event="pane.spawned" subsystem="pane" outcome="ok" pane_id=7 pid=49602
2026-07-30T03:53:57.179039Z  INFO herdr::logging: spawning pane terminal event="pane.spawn.start" subsystem="pane" outcome="started" pane_id=8 rows=24 cols=80 scrollback_limit_bytes=10000000
2026-07-30T03:53:57.180085Z  INFO herdr::logging: pane child spawned event="pane.spawned" subsystem="pane" outcome="ok" pane_id=8 pid=49605
2026-07-30T03:53:57.180417Z  INFO herdr::logging: session restore evaluated event="persist.restore" subsystem="persist" outcome="ok" workspaces=3
2026-07-30T03:53:57.180440Z  INFO herdr::app: using pane scrollback configuration pane_scrollback_limit_bytes=10000000
2026-07-30T03:53:57.272343Z  INFO herdr::logging: checking for updates event="update.check.start" subsystem="update" outcome="started"
2026-07-30T03:53:57.274368Z  INFO herdr::server::headless: restored session already has workspaces; ignoring startup cwd cwd=/home/btw
2026-07-30T03:53:57.274457Z  INFO herdr::server::headless: client protocol socket listening path=/home/btw/.config/herdr/herdr-client.sock
2026-07-30T03:53:57.274484Z  INFO herdr::server::headless: herdr server started api_socket=/home/btw/.config/herdr/herdr.sock client_socket=/home/btw/.config/herdr/herdr-client.sock
2026-07-30T03:53:57.274704Z  INFO herdr::logging: herdr starting event="app.startup" subsystem="server" outcome="started" pid=49567
2026-07-30T03:53:57.529748Z  INFO herdr::server::headless: client connected client_id=2 cols=172 rows=47 cell_width_px=0 cell_height_px=0 render_encoding=SemanticFrame
2026-07-30T03:54:06.127620Z  INFO herdr::logging: tab focused event="tab.focus" subsystem="tab" outcome="ok" workspace_id="wC" tab_id="wC:t2"
2026-07-30T03:54:06.720637Z  INFO herdr::logging: tab focused event="tab.focus" subsystem="tab" outcome="ok" workspace_id="wC" tab_id="wC:t1"
2026-07-30T03:54:09.776757Z  INFO herdr::logging: tab focused event="tab.focus" subsystem="tab" outcome="ok" workspace_id="wC" tab_id="wC:t3"
2026-07-30T03:54:14.779255Z  INFO herdr::logging: session saved event="persist.save" subsystem="persist" outcome="ok" path=/home/btw/.config/herdr/session.json workspaces=3
2026-07-30T03:54:15.398644Z  INFO herdr::logging: api request received event="api.request.start" subsystem="api" outcome="started" request_id="cli:workspace:focus" method="workspace.focus" changes_ui=true
2026-07-30T03:54:15.398712Z  INFO herdr::logging: workspace focused event="workspace.focus" subsystem="workspace" outcome="ok" workspace_id="wC"
2026-07-30T03:54:15.398736Z  INFO herdr::logging: tab focused event="tab.focus" subsystem="tab" outcome="ok" workspace_id="wC" tab_id="wC:t3"
2026-07-30T03:54:15.398763Z  INFO herdr::logging: api request completed event="api.request.complete" subsystem="api" outcome="ok" request_id="cli:workspace:focus" method="workspace.focus"
2026-07-30T03:54:20.400051Z  INFO herdr::logging: session saved event="persist.save" subsystem="persist" outcome="ok" path=/home/btw/.config/herdr/session.json workspaces=3
2026-07-30T03:54:24.245124Z  INFO herdr::logging: api request received event="api.request.start" subsystem="api" outcome="started" request_id="cli:workspace:focus" method="workspace.focus" changes_ui=true
2026-07-30T03:54:24.245210Z  INFO herdr::logging: workspace focused event="workspace.focus" subsystem="workspace" outcome="ok" workspace_id="wC"
2026-07-30T03:54:24.245233Z  INFO herdr::logging: tab focused event="tab.focus" subsystem="tab" outcome="ok" workspace_id="wC" tab_id="wC:t3"
2026-07-30T03:54:24.245261Z  INFO herdr::logging: api request completed event="api.request.complete" subsystem="api" outcome="ok" request_id="cli:workspace:focus" method="workspace.focus"
2026-07-30T03:54:29.246395Z  INFO herdr::logging: session saved event="persist.save" subsystem="persist" outcome="ok" path=/home/btw/.config/herdr/session.json workspaces=3
2026-07-30T03:54:29.595600Z  INFO herdr::logging: tab focused event="tab.focus" subsystem="tab" outcome="ok" workspace_id="wC" tab_id="wC:t1"
2026-07-30T03:54:34.598238Z  INFO herdr::logging: session saved event="persist.save" subsystem="persist" outcome="ok" path=/home/btw/.config/herdr/session.json workspaces=3
2026-07-30T03:54:59.290051Z  INFO herdr::logging: workspace focused event="workspace.focus" subsystem="workspace" outcome="ok" workspace_id="wD"
2026-07-30T03:54:59.290099Z  INFO herdr::logging: tab focused event="tab.focus" subsystem="tab" outcome="ok" workspace_id="wD" tab_id="wD:t3"
2026-07-30T03:55:00.766045Z  INFO herdr::logging: tab focused event="tab.focus" subsystem="tab" outcome="ok" workspace_id="wD" tab_id="wD:t2"
2026-07-30T03:55:05.768410Z  INFO herdr::logging: session saved event="persist.save" subsystem="persist" outcome="ok" path=/home/btw/.config/herdr/session.json workspaces=3
2026-07-30T03:56:33.166435Z  INFO herdr::logging: workspace focused event="workspace.focus" subsystem="workspace" outcome="ok" workspace_id="wC"
2026-07-30T03:56:33.166491Z  INFO herdr::logging: tab focused event="tab.focus" subsystem="tab" outcome="ok" workspace_id="wC" tab_id="wC:t2"
2026-07-30T03:56:38.168809Z  INFO herdr::logging: session saved event="persist.save" subsystem="persist" outcome="ok" path=/home/btw/.config/herdr/session.json workspaces=3
2026-07-30T03:59:42.684095Z  INFO herdr::server::headless: client resize client_id=2 cols=173 rows=48 cell_width_px=0 cell_height_px=0
2026-07-30T04:09:45.395793Z  INFO herdr::logging: workspace focused event="workspace.focus" subsystem="workspace" outcome="ok" workspace_id="wB"
2026-07-30T04:09:45.395842Z  INFO herdr::logging: tab focused event="tab.focus" subsystem="tab" outcome="ok" workspace_id="wB" tab_id="wB:t1"
2026-07-30T04:09:50.398346Z  INFO herdr::logging: session saved event="persist.save" subsystem="persist" outcome="ok" path=/home/btw/.config/herdr/session.json workspaces=3
2026-07-30T04:10:08.739567Z  INFO herdr::server::headless: client resize client_id=2 cols=172 rows=47 cell_width_px=0 cell_height_px=0
2026-07-30T04:10:41.318957Z  INFO herdr::logging: session saved event="persist.save" subsystem="persist" outcome="ok" path=/home/btw/.config/herdr/session.json workspaces=3
2026-07-30T04:10:58.626999Z  INFO herdr::logging: session saved event="persist.save" subsystem="persist" outcome="ok" path=/home/btw/.config/herdr/session.json workspaces=3
2026-07-30T04:16:52.589830Z  INFO herdr::server::headless: client resize client_id=2 cols=173 rows=48 cell_width_px=0 cell_height_px=0
2026-07-30T04:17:06.493350Z  INFO herdr::logging: workspace focused event="workspace.focus" subsystem="workspace" outcome="ok" workspace_id="wC"
2026-07-30T04:17:06.493385Z  INFO herdr::logging: tab focused event="tab.focus" subsystem="tab" outcome="ok" workspace_id="wC" tab_id="wC:t1"
2026-07-30T04:17:11.533799Z  INFO herdr::logging: session saved event="persist.save" subsystem="persist" outcome="ok" path=/home/btw/.config/herdr/session.json workspaces=3
2026-07-30T04:22:42.194297Z  INFO herdr::pane: agent changed pane=3 previous_agent=None agent=Some(OpenCode) process=opencode pgid=Some(81919)
2026-07-30T04:22:45.012871Z  INFO herdr::logging: api request received event="api.request.start" subsystem="api" outcome="started" request_id="cli:workspace:focus" method="workspace.focus" changes_ui=true
2026-07-30T04:22:45.013354Z  INFO herdr::logging: workspace focused event="workspace.focus" subsystem="workspace" outcome="ok" workspace_id="wC"
2026-07-30T04:22:45.013382Z  INFO herdr::logging: tab focused event="tab.focus" subsystem="tab" outcome="ok" workspace_id="wC" tab_id="wC:t1"
2026-07-30T04:22:45.013410Z  INFO herdr::logging: api request completed event="api.request.complete" subsystem="api" outcome="ok" request_id="cli:workspace:focus" method="workspace.focus"
2026-07-30T04:22:55.427015Z  INFO herdr::logging: session saved event="persist.save" subsystem="persist" outcome="ok" path=/home/btw/.config/herdr/session.json workspaces=3
2026-07-30T04:23:28.026903Z  INFO herdr::pane: agent changed pane=3 previous_agent=Some(OpenCode) agent=None pgid=Some(49590)
2026-07-30T04:23:57.273523Z  INFO herdr::logging: checking for updates event="update.check.start" subsystem="update" outcome="started"
2026-07-30T04:24:26.198104Z  INFO herdr::pane: agent changed pane=3 previous_agent=None agent=Some(OpenCode) process=opencode pgid=Some(84842)
2026-07-30T04:24:45.080222Z  INFO herdr::logging: tab focused event="tab.focus" subsystem="tab" outcome="ok" workspace_id="wC" tab_id="wC:t2"
2026-07-30T04:24:46.924199Z  INFO herdr::logging: tab focused event="tab.focus" subsystem="tab" outcome="ok" workspace_id="wC" tab_id="wC:t1"
2026-07-30T04:24:51.926720Z  INFO herdr::logging: session saved event="persist.save" subsystem="persist" outcome="ok" path=/home/btw/.config/herdr/session.json workspaces=3
2026-07-30T04:30:46.960921Z  INFO herdr::pane: agent changed pane=3 previous_agent=Some(OpenCode) agent=None pgid=Some(49590)
2026-07-30T04:30:52.708345Z  INFO herdr::logging: workspace focused event="workspace.focus" subsystem="workspace" outcome="ok" workspace_id="wB"
2026-07-30T04:30:52.708383Z  INFO herdr::logging: tab focused event="tab.focus" subsystem="tab" outcome="ok" workspace_id="wB" tab_id="wB:t1"
2026-07-30T04:30:57.711338Z  INFO herdr::logging: session saved event="persist.save" subsystem="persist" outcome="ok" path=/home/btw/.config/herdr/session.json workspaces=3
2026-07-30T04:53:57.280397Z  INFO herdr::logging: checking for updates event="update.check.start" subsystem="update" outcome="started"
2026-07-30T04:59:20.411816Z  INFO herdr::logging: workspace focused event="workspace.focus" subsystem="workspace" outcome="ok" workspace_id="wC"
2026-07-30T04:59:20.411996Z  INFO herdr::logging: tab focused event="tab.focus" subsystem="tab" outcome="ok" workspace_id="wC" tab_id="wC:t2"
2026-07-30T04:59:23.884933Z  INFO herdr::logging: tab focused event="tab.focus" subsystem="tab" outcome="ok" workspace_id="wC" tab_id="wC:t1"
2026-07-30T04:59:28.886727Z  INFO herdr::logging: session saved event="persist.save" subsystem="persist" outcome="ok" path=/home/btw/.config/herdr/session.json workspaces=3
2026-07-30T04:59:36.117748Z  INFO herdr::pane: agent changed pane=3 previous_agent=None agent=Some(OpenCode) process=opencode pgid=Some(107587)
2026-07-30T05:01:08.467458Z  INFO herdr::pane: agent changed pane=3 previous_agent=Some(OpenCode) agent=None pgid=Some(49590)
2026-07-30T05:02:09.287094Z  INFO herdr::logging: workspace focused event="workspace.focus" subsystem="workspace" outcome="ok" workspace_id="wB"
2026-07-30T05:02:09.287267Z  INFO herdr::logging: tab focused event="tab.focus" subsystem="tab" outcome="ok" workspace_id="wB" tab_id="wB:t1"
2026-07-30T05:02:14.291439Z  INFO herdr::logging: session saved event="persist.save" subsystem="persist" outcome="ok" path=/home/btw/.config/herdr/session.json workspaces=3
2026-07-30T05:03:17.357483Z  INFO herdr::logging: workspace focused event="workspace.focus" subsystem="workspace" outcome="ok" workspace_id="wC"
2026-07-30T05:03:17.357520Z  INFO herdr::logging: tab focused event="tab.focus" subsystem="tab" outcome="ok" workspace_id="wC" tab_id="wC:t1"
2026-07-30T05:03:22.360343Z  INFO herdr::logging: session saved event="persist.save" subsystem="persist" outcome="ok" path=/home/btw/.config/herdr/session.json workspaces=3
2026-07-30T05:05:52.045579Z  INFO herdr::logging: workspace focused event="workspace.focus" subsystem="workspace" outcome="ok" workspace_id="wB"
2026-07-30T05:05:52.046098Z  INFO herdr::logging: tab focused event="tab.focus" subsystem="tab" outcome="ok" workspace_id="wB" tab_id="wB:t1"
2026-07-30T05:05:57.049115Z  INFO herdr::logging: session saved event="persist.save" subsystem="persist" outcome="ok" path=/home/btw/.config/herdr/session.json workspaces=3
2026-07-30T05:06:26.493449Z  INFO herdr::logging: workspace focused event="workspace.focus" subsystem="workspace" outcome="ok" workspace_id="wC"
2026-07-30T05:06:26.493498Z  INFO herdr::logging: tab focused event="tab.focus" subsystem="tab" outcome="ok" workspace_id="wC" tab_id="wC:t1"
2026-07-30T05:06:31.496004Z  INFO herdr::logging: session saved event="persist.save" subsystem="persist" outcome="ok" path=/home/btw/.config/herdr/session.json workspaces=3
2026-07-30T05:14:04.985281Z  INFO herdr::pane: agent changed pane=3 previous_agent=None agent=Some(OpenCode) process=opencode pgid=Some(115237)
2026-07-30T05:14:25.777530Z  INFO herdr::pane: agent changed pane=3 previous_agent=Some(OpenCode) agent=None pgid=Some(49590)
2026-07-30T05:15:59.567131Z  INFO herdr::logging: workspace focused event="workspace.focus" subsystem="workspace" outcome="ok" workspace_id="wB"
2026-07-30T05:15:59.567194Z  INFO herdr::logging: tab focused event="tab.focus" subsystem="tab" outcome="ok" workspace_id="wB" tab_id="wB:t1"
2026-07-30T05:16:04.570507Z  INFO herdr::logging: session saved event="persist.save" subsystem="persist" outcome="ok" path=/home/btw/.config/herdr/session.json workspaces=3
2026-07-30T05:16:32.455159Z  INFO herdr::logging: spawning pane terminal event="pane.spawn.start" subsystem="pane" outcome="started" pane_id=9 rows=47 cols=145 scrollback_limit_bytes=10000000
2026-07-30T05:16:32.461915Z  INFO herdr::logging: pane child spawned event="pane.spawned" subsystem="pane" outcome="ok" pane_id=9 pid=119494
2026-07-30T05:16:32.463185Z  INFO herdr::logging: tab focused event="tab.focus" subsystem="tab" outcome="ok" workspace_id="wB" tab_id="wB:t3"
2026-07-30T05:16:37.466873Z  INFO herdr::logging: session saved event="persist.save" subsystem="persist" outcome="ok" path=/home/btw/.config/herdr/session.json workspaces=3
2026-07-30T05:16:56.900974Z  INFO herdr::logging: pane child exited event="pane.exit" subsystem="pane" outcome="completed" pane_id=9 status="ExitStatus { code: 1, signal: None }"
2026-07-30T05:16:56.905550Z  INFO herdr::pane: pane session terminated pane=9 pid=119494 signal=Hangup
2026-07-30T05:16:56.906764Z  WARN herdr::app::actions: PaneDied for unknown pane pane=9
2026-07-30T05:16:57.694021Z  INFO herdr::logging: tab focused event="tab.focus" subsystem="tab" outcome="ok" workspace_id="wB" tab_id="wB:t1"
2026-07-30T05:17:02.696240Z  INFO herdr::logging: session saved event="persist.save" subsystem="persist" outcome="ok" path=/home/btw/.config/herdr/session.json workspaces=3
2026-07-30T05:19:24.564905Z  INFO herdr::logging: spawning pane terminal event="pane.spawn.start" subsystem="pane" outcome="started" pane_id=10 rows=47 cols=145 scrollback_limit_bytes=10000000
2026-07-30T05:19:24.566527Z  INFO herdr::logging: pane child spawned event="pane.spawned" subsystem="pane" outcome="ok" pane_id=10 pid=120956
2026-07-30T05:19:24.566807Z  INFO herdr::logging: tab focused event="tab.focus" subsystem="tab" outcome="ok" workspace_id="wB" tab_id="wB:t4"
2026-07-30T05:19:29.570098Z  INFO herdr::logging: session saved event="persist.save" subsystem="persist" outcome="ok" path=/home/btw/.config/herdr/session.json workspaces=3
2026-07-30T05:20:17.773176Z  INFO herdr::logging: pane child exited event="pane.exit" subsystem="pane" outcome="completed" pane_id=10 status="ExitStatus { code: 1, signal: None }"
2026-07-30T05:20:17.778279Z  INFO herdr::pane: pane session terminated pane=10 pid=120956 signal=Hangup
2026-07-30T05:20:17.778716Z  WARN herdr::app::actions: PaneDied for unknown pane pane=10
2026-07-30T05:20:18.599339Z  INFO herdr::logging: tab focused event="tab.focus" subsystem="tab" outcome="ok" workspace_id="wB" tab_id="wB:t1"
2026-07-30T05:20:23.602472Z  INFO herdr::logging: session saved event="persist.save" subsystem="persist" outcome="ok" path=/home/btw/.config/herdr/session.json workspaces=3
2026-07-30T05:23:57.276353Z  INFO herdr::logging: checking for updates event="update.check.start" subsystem="update" outcome="started"
2026-07-30T05:30:25.015489Z  INFO herdr::logging: tab focused event="tab.focus" subsystem="tab" outcome="ok" workspace_id="wB" tab_id="wB:t2"
2026-07-30T05:30:30.018224Z  INFO herdr::logging: session saved event="persist.save" subsystem="persist" outcome="ok" path=/home/btw/.config/herdr/session.json workspaces=3
2026-07-30T05:31:14.416024Z  INFO herdr::logging: tab focused event="tab.focus" subsystem="tab" outcome="ok" workspace_id="wB" tab_id="wB:t1"
2026-07-30T05:31:19.418592Z  INFO herdr::logging: session saved event="persist.save" subsystem="persist" outcome="ok" path=/home/btw/.config/herdr/session.json workspaces=3
2026-07-30T05:43:34.841007Z  INFO herdr::logging: spawning pane terminal event="pane.spawn.start" subsystem="pane" outcome="started" pane_id=11 rows=47 cols=145 scrollback_limit_bytes=10000000
2026-07-30T05:43:34.843051Z  INFO herdr::logging: pane child spawned event="pane.spawned" subsystem="pane" outcome="ok" pane_id=11 pid=136143
2026-07-30T05:43:34.843282Z  INFO herdr::logging: tab focused event="tab.focus" subsystem="tab" outcome="ok" workspace_id="wB" tab_id="wB:t5"
2026-07-30T05:43:39.846082Z  INFO herdr::logging: session saved event="persist.save" subsystem="persist" outcome="ok" path=/home/btw/.config/herdr/session.json workspaces=3
2026-07-30T05:44:05.731836Z  INFO herdr::logging: pane child exited event="pane.exit" subsystem="pane" outcome="completed" pane_id=11 status="ExitStatus { code: 1, signal: None }"
2026-07-30T05:44:05.736992Z  INFO herdr::pane: pane session terminated pane=11 pid=136143 signal=Hangup
2026-07-30T05:44:05.737463Z  WARN herdr::app::actions: PaneDied for unknown pane pane=11
2026-07-30T05:44:06.457615Z  INFO herdr::logging: tab focused event="tab.focus" subsystem="tab" outcome="ok" workspace_id="wB" tab_id="wB:t1"
2026-07-30T05:44:11.459380Z  INFO herdr::logging: session saved event="persist.save" subsystem="persist" outcome="ok" path=/home/btw/.config/herdr/session.json workspaces=3
2026-07-30T05:52:41.347917Z  INFO herdr::logging: workspace focused event="workspace.focus" subsystem="workspace" outcome="ok" workspace_id="wC"
2026-07-30T05:52:41.348353Z  INFO herdr::logging: tab focused event="tab.focus" subsystem="tab" outcome="ok" workspace_id="wC" tab_id="wC:t1"
2026-07-30T05:52:46.351320Z  INFO herdr::logging: session saved event="persist.save" subsystem="persist" outcome="ok" path=/home/btw/.config/herdr/session.json workspaces=3
2026-07-30T05:53:02.034572Z  INFO herdr::pane: agent changed pane=3 previous_agent=None agent=Some(OpenCode) process=opencode pgid=Some(142699)
2026-07-30T05:53:57.277969Z  INFO herdr::logging: checking for updates event="update.check.start" subsystem="update" outcome="started"
2026-07-30T05:55:10.550133Z  INFO herdr::pane: agent changed pane=3 previous_agent=Some(OpenCode) agent=None pgid=Some(49590)
2026-07-30T05:55:14.060222Z  INFO herdr::pane: agent changed pane=3 previous_agent=None agent=Some(OpenCode) process=opencode pgid=Some(167849)
2026-07-30T05:55:28.224317Z  INFO herdr::pane: agent changed pane=3 previous_agent=Some(OpenCode) agent=None pgid=Some(49590)
2026-07-30T06:00:50.989666Z  INFO herdr::logging: workspace focused event="workspace.focus" subsystem="workspace" outcome="ok" workspace_id="wB"
2026-07-30T06:00:50.990033Z  INFO herdr::logging: tab focused event="tab.focus" subsystem="tab" outcome="ok" workspace_id="wB" tab_id="wB:t1"
2026-07-30T06:00:55.991915Z  INFO herdr::logging: session saved event="persist.save" subsystem="persist" outcome="ok" path=/home/btw/.config/herdr/session.json workspaces=3
2026-07-30T06:23:45.582908Z  INFO herdr::server::headless: client disconnected client_id=2
2026-07-30T06:23:57.279230Z  INFO herdr::logging: checking for updates event="update.check.start" subsystem="update" outcome="started"
2026-07-30T12:53:48.172833Z  INFO herdr::api::server: api server listening path=/home/btw/.config/herdr/herdr.sock
2026-07-30T12:53:48.179887Z  INFO herdr::logging: spawning pane terminal event="pane.spawn.start" subsystem="pane" outcome="started" pane_id=1 rows=24 cols=80 scrollback_limit_bytes=10000000
2026-07-30T12:53:48.185680Z  INFO herdr::logging: pane child spawned event="pane.spawned" subsystem="pane" outcome="ok" pane_id=1 pid=6405
2026-07-30T12:53:48.188807Z  INFO herdr::logging: spawning pane terminal event="pane.spawn.start" subsystem="pane" outcome="started" pane_id=2 rows=24 cols=80 scrollback_limit_bytes=10000000
2026-07-30T12:53:48.189402Z  INFO herdr::logging: pane child spawned event="pane.spawned" subsystem="pane" outcome="ok" pane_id=2 pid=6408
2026-07-30T12:53:48.192684Z  INFO herdr::logging: spawning pane terminal event="pane.spawn.start" subsystem="pane" outcome="started" pane_id=3 rows=24 cols=80 scrollback_limit_bytes=10000000
2026-07-30T12:53:48.193345Z  INFO herdr::logging: pane child spawned event="pane.spawned" subsystem="pane" outcome="ok" pane_id=3 pid=6411
2026-07-30T12:53:48.193540Z  INFO herdr::logging: spawning pane terminal event="pane.spawn.start" subsystem="pane" outcome="started" pane_id=4 rows=24 cols=80 scrollback_limit_bytes=10000000
2026-07-30T12:53:48.194161Z  INFO herdr::logging: pane child spawned event="pane.spawned" subsystem="pane" outcome="ok" pane_id=4 pid=6414
2026-07-30T12:53:48.194326Z  INFO herdr::logging: spawning pane terminal event="pane.spawn.start" subsystem="pane" outcome="started" pane_id=5 rows=24 cols=80 scrollback_limit_bytes=10000000
2026-07-30T12:53:48.194938Z  INFO herdr::logging: pane child spawned event="pane.spawned" subsystem="pane" outcome="ok" pane_id=5 pid=6417
2026-07-30T12:53:48.201340Z  INFO herdr::logging: spawning pane terminal event="pane.spawn.start" subsystem="pane" outcome="started" pane_id=6 rows=24 cols=80 scrollback_limit_bytes=10000000
2026-07-30T12:53:48.202064Z  INFO herdr::logging: pane child spawned event="pane.spawned" subsystem="pane" outcome="ok" pane_id=6 pid=6420
2026-07-30T12:53:48.202255Z  INFO herdr::logging: spawning pane terminal event="pane.spawn.start" subsystem="pane" outcome="started" pane_id=7 rows=24 cols=80 scrollback_limit_bytes=10000000
2026-07-30T12:53:48.202943Z  INFO herdr::logging: pane child spawned event="pane.spawned" subsystem="pane" outcome="ok" pane_id=7 pid=6423
2026-07-30T12:53:48.203111Z  INFO herdr::logging: spawning pane terminal event="pane.spawn.start" subsystem="pane" outcome="started" pane_id=8 rows=24 cols=80 scrollback_limit_bytes=10000000
2026-07-30T12:53:48.203782Z  INFO herdr::logging: pane child spawned event="pane.spawned" subsystem="pane" outcome="ok" pane_id=8 pid=6426
2026-07-30T12:53:48.208123Z  INFO herdr::logging: session restore evaluated event="persist.restore" subsystem="persist" outcome="ok" workspaces=3
2026-07-30T12:53:48.208148Z  INFO herdr::app: using pane scrollback configuration pane_scrollback_limit_bytes=10000000
2026-07-30T12:53:48.310692Z  INFO herdr::logging: checking for updates event="update.check.start" subsystem="update" outcome="started"
2026-07-30T12:53:48.313849Z  INFO herdr::server::headless: restored session already has workspaces; ignoring startup cwd cwd=/home/btw
2026-07-30T12:53:48.314237Z  INFO herdr::server::headless: client protocol socket listening path=/home/btw/.config/herdr/herdr-client.sock
2026-07-30T12:53:48.314264Z  INFO herdr::server::headless: herdr server started api_socket=/home/btw/.config/herdr/herdr.sock client_socket=/home/btw/.config/herdr/herdr-client.sock
2026-07-30T12:53:48.317227Z  INFO herdr::logging: herdr starting event="app.startup" subsystem="server" outcome="started" pid=6391
2026-07-30T12:53:48.326478Z  INFO herdr::server::headless: client connected client_id=2 cols=172 rows=47 cell_width_px=0 cell_height_px=0 render_encoding=SemanticFrame
2026-07-30T12:53:50.323882Z  INFO herdr::server::headless: client resize client_id=2 cols=173 rows=48 cell_width_px=0 cell_height_px=0
2026-07-30T13:06:13.766859Z  INFO herdr::server::headless: client disconnected client_id=2
2026-07-30T13:06:14.270199Z  INFO herdr::server::headless: client connected client_id=4 cols=211 rows=54 cell_width_px=0 cell_height_px=0 render_encoding=SemanticFrame
2026-07-30T13:06:16.577306Z  INFO herdr::server::headless: client resize client_id=4 cols=211 rows=56 cell_width_px=0 cell_height_px=0
2026-07-30T13:06:23.787857Z  INFO herdr::server::headless: client disconnected client_id=4
2026-07-30T13:06:24.542079Z  INFO herdr::server::headless: client connected client_id=6 cols=172 rows=47 cell_width_px=0 cell_height_px=0 render_encoding=SemanticFrame
2026-07-30T13:06:25.347658Z  INFO herdr::server::headless: client resize client_id=6 cols=173 rows=48 cell_width_px=0 cell_height_px=0
2026-07-30T13:06:45.998464Z  INFO herdr::server::headless: client disconnected client_id=6
2026-07-30T13:06:46.753422Z  INFO herdr::server::headless: client connected client_id=8 cols=172 rows=41 cell_width_px=0 cell_height_px=0 render_encoding=SemanticFrame
2026-07-30T13:06:47.756863Z  INFO herdr::server::headless: client resize client_id=8 cols=173 rows=42 cell_width_px=0 cell_height_px=0
2026-07-30T13:12:05.436063Z  INFO herdr::server::headless: client disconnected client_id=8
2026-07-30T13:12:06.190465Z  INFO herdr::server::headless: client connected client_id=10 cols=173 rows=42 cell_width_px=0 cell_height_px=0 render_encoding=SemanticFrame
2026-07-30T13:23:48.311165Z  INFO herdr::logging: checking for updates event="update.check.start" subsystem="update" outcome="started"
2026-07-30T13:23:58.587874Z  INFO herdr::logging: workspace focused event="workspace.focus" subsystem="workspace" outcome="ok" workspace_id="wC"
2026-07-30T13:23:58.587911Z  INFO herdr::logging: tab focused event="tab.focus" subsystem="tab" outcome="ok" workspace_id="wC" tab_id="wC:t1"
2026-07-30T13:24:03.591547Z  INFO herdr::logging: session saved event="persist.save" subsystem="persist" outcome="ok" path=/home/btw/.config/herdr/session.json workspaces=3
2026-07-30T13:34:57.033377Z  INFO herdr::pane: agent changed pane=3 previous_agent=None agent=Some(OpenCode) process=opencode pgid=Some(25791)
2026-07-30T13:35:00.141527Z  INFO herdr::logging: api request received event="api.request.start" subsystem="api" outcome="started" request_id="cli:workspace:focus" method="workspace.focus" changes_ui=true
2026-07-30T13:35:00.141786Z  INFO herdr::logging: workspace focused event="workspace.focus" subsystem="workspace" outcome="ok" workspace_id="wB"
2026-07-30T13:35:00.142007Z  INFO herdr::logging: tab focused event="tab.focus" subsystem="tab" outcome="ok" workspace_id="wB" tab_id="wB:t1"
2026-07-30T13:35:00.142037Z  INFO herdr::logging: api request completed event="api.request.complete" subsystem="api" outcome="ok" request_id="cli:workspace:focus" method="workspace.focus"
2026-07-30T13:35:04.725075Z  INFO herdr::logging: workspace focused event="workspace.focus" subsystem="workspace" outcome="ok" workspace_id="wC"
2026-07-30T13:35:04.725122Z  INFO herdr::logging: tab focused event="tab.focus" subsystem="tab" outcome="ok" workspace_id="wC" tab_id="wC:t1"
2026-07-30T13:35:09.755921Z  INFO herdr::logging: session saved event="persist.save" subsystem="persist" outcome="ok" path=/home/btw/.config/herdr/session.json workspaces=3
2026-07-30T13:36:50.190763Z  INFO herdr::pane: agent changed pane=3 previous_agent=Some(OpenCode) agent=None pgid=Some(6411)
2026-07-30T13:47:24.952620Z  INFO herdr::logging: workspace focused event="workspace.focus" subsystem="workspace" outcome="ok" workspace_id="wB"
2026-07-30T13:47:24.952896Z  INFO herdr::logging: tab focused event="tab.focus" subsystem="tab" outcome="ok" workspace_id="wB" tab_id="wB:t1"
2026-07-30T13:47:29.959861Z  INFO herdr::logging: session saved event="persist.save" subsystem="persist" outcome="ok" path=/home/btw/.config/herdr/session.json workspaces=3
2026-07-30T13:53:48.312498Z  INFO herdr::logging: checking for updates event="update.check.start" subsystem="update" outcome="started"
2026-07-30T13:57:58.029518Z  INFO herdr::logging: workspace focused event="workspace.focus" subsystem="workspace" outcome="ok" workspace_id="wC"
2026-07-30T13:57:58.029569Z  INFO herdr::logging: tab focused event="tab.focus" subsystem="tab" outcome="ok" workspace_id="wC" tab_id="wC:t1"
2026-07-30T13:58:03.031827Z  INFO herdr::logging: session saved event="persist.save" subsystem="persist" outcome="ok" path=/home/btw/.config/herdr/session.json workspaces=3
2026-07-30T14:05:04.394835Z  INFO herdr::pane: agent changed pane=3 previous_agent=None agent=Some(OpenCode) process=opencode pgid=Some(264132)
2026-07-30T14:06:36.856319Z  INFO herdr::pane: agent changed pane=3 previous_agent=Some(OpenCode) agent=None pgid=Some(6411)
2026-07-30T14:08:48.211098Z  INFO herdr::server::headless: client resize client_id=10 cols=85 rows=41 cell_width_px=0 cell_height_px=0
2026-07-30T14:08:51.516819Z  INFO herdr::server::headless: client resize client_id=10 cols=172 rows=41 cell_width_px=0 cell_height_px=0
2026-07-30T14:08:54.018796Z  INFO herdr::server::headless: client resize client_id=10 cols=85 rows=41 cell_width_px=0 cell_height_px=0
2026-07-30T14:08:59.624497Z  INFO herdr::server::headless: client resize client_id=10 cols=172 rows=41 cell_width_px=0 cell_height_px=0
2026-07-30T14:09:08.569853Z  INFO herdr::app::actions: copied selection to clipboard
2026-07-30T14:09:13.347002Z  INFO herdr::logging: workspace focused event="workspace.focus" subsystem="workspace" outcome="ok" workspace_id="wB"
2026-07-30T14:09:13.347036Z  INFO herdr::logging: tab focused event="tab.focus" subsystem="tab" outcome="ok" workspace_id="wB" tab_id="wB:t1"
2026-07-30T14:09:18.348815Z  INFO herdr::logging: session saved event="persist.save" subsystem="persist" outcome="ok" path=/home/btw/.config/herdr/session.json workspaces=3
2026-07-30T14:09:42.401954Z  INFO herdr::server::headless: client resize client_id=10 cols=85 rows=41 cell_width_px=0 cell_height_px=0
2026-07-30T14:09:55.920984Z  INFO herdr::server::headless: client resize client_id=10 cols=172 rows=41 cell_width_px=0 cell_height_px=0
2026-07-30T14:09:58.425591Z  INFO herdr::server::headless: client resize client_id=10 cols=173 rows=42 cell_width_px=0 cell_height_px=0
2026-07-30T14:10:08.239135Z  INFO herdr::server::headless: client resize client_id=10 cols=172 rows=41 cell_width_px=0 cell_height_px=0
2026-07-30T14:16:23.073837Z  INFO herdr::logging: workspace focused event="workspace.focus" subsystem="workspace" outcome="ok" workspace_id="wD"
2026-07-30T14:16:23.073882Z  INFO herdr::logging: tab focused event="tab.focus" subsystem="tab" outcome="ok" workspace_id="wD" tab_id="wD:t1"
2026-07-30T14:16:24.863187Z  INFO herdr::pane: agent changed pane=6 previous_agent=None agent=Some(OpenCode) process=opencode pgid=Some(272595)
2026-07-30T14:16:28.076363Z  INFO herdr::logging: session saved event="persist.save" subsystem="persist" outcome="ok" path=/home/btw/.config/herdr/session.json workspaces=3
2026-07-30T14:18:48.016774Z  INFO herdr::pane: agent changed pane=6 previous_agent=Some(OpenCode) agent=None pgid=Some(6420)
2026-07-30T14:18:51.052173Z  INFO herdr::logging: workspace focused event="workspace.focus" subsystem="workspace" outcome="ok" workspace_id="wC"
2026-07-30T14:18:51.052226Z  INFO herdr::logging: tab focused event="tab.focus" subsystem="tab" outcome="ok" workspace_id="wC" tab_id="wC:t1"
2026-07-30T14:18:52.471294Z  INFO herdr::pane: agent changed pane=3 previous_agent=None agent=Some(OpenCode) process=opencode pgid=Some(274222)
2026-07-30T14:18:56.054578Z  INFO herdr::logging: session saved event="persist.save" subsystem="persist" outcome="ok" path=/home/btw/.config/herdr/session.json workspaces=3
2026-07-30T14:21:26.332715Z  INFO herdr::pane: agent changed pane=3 previous_agent=Some(OpenCode) agent=None pgid=Some(6411)
2026-07-30T14:21:28.340027Z  INFO herdr::pane: agent changed pane=3 previous_agent=None agent=Some(OpenCode) process=opencode pgid=Some(275678)
2026-07-30T14:21:40.392547Z  INFO herdr::pane: agent changed pane=3 previous_agent=Some(OpenCode) agent=None pgid=Some(6411)
2026-07-30T14:23:48.314265Z  INFO herdr::logging: checking for updates event="update.check.start" subsystem="update" outcome="started"
2026-07-30T14:53:48.315420Z  INFO herdr::logging: checking for updates event="update.check.start" subsystem="update" outcome="started"
2026-07-30T15:03:46.369101Z  INFO herdr::pane: agent changed pane=3 previous_agent=None agent=Some(OpenCode) process=opencode pgid=Some(286156)
2026-07-30T15:17:21.582075Z  INFO herdr::logging: tab focused event="tab.focus" subsystem="tab" outcome="ok" workspace_id="wC" tab_id="wC:t2"
2026-07-30T15:17:23.563153Z  INFO herdr::logging: tab focused event="tab.focus" subsystem="tab" outcome="ok" workspace_id="wC" tab_id="wC:t1"
2026-07-30T15:17:24.503423Z  INFO herdr::logging: tab focused event="tab.focus" subsystem="tab" outcome="ok" workspace_id="wC" tab_id="wC:t2"
2026-07-30T15:17:25.320281Z  INFO herdr::logging: tab focused event="tab.focus" subsystem="tab" outcome="ok" workspace_id="wC" tab_id="wC:t1"
2026-07-30T15:17:30.322013Z  INFO herdr::logging: session saved event="persist.save" subsystem="persist" outcome="ok" path=/home/btw/.config/herdr/session.json workspaces=3
2026-07-30T15:17:47.321546Z  INFO herdr::server::headless: client resize client_id=10 cols=173 rows=42 cell_width_px=0 cell_height_px=0
2026-07-30T15:23:48.316181Z  INFO herdr::logging: checking for updates event="update.check.start" subsystem="update" outcome="started"
2026-07-30T15:35:13.430069Z  INFO herdr::logging: tab focused event="tab.focus" subsystem="tab" outcome="ok" workspace_id="wC" tab_id="wC:t2"
2026-07-30T15:35:18.433347Z  INFO herdr::logging: session saved event="persist.save" subsystem="persist" outcome="ok" path=/home/btw/.config/herdr/session.json workspaces=3
2026-07-30T15:35:25.172094Z  INFO herdr::logging: tab focused event="tab.focus" subsystem="tab" outcome="ok" workspace_id="wC" tab_id="wC:t1"
2026-07-30T15:35:30.176227Z  INFO herdr::logging: session saved event="persist.save" subsystem="persist" outcome="ok" path=/home/btw/.config/herdr/session.json workspaces=3
2026-07-30T15:39:34.865143Z  INFO herdr::logging: tab focused event="tab.focus" subsystem="tab" outcome="ok" workspace_id="wC" tab_id="wC:t2"
2026-07-30T15:39:37.315157Z  INFO herdr::logging: tab focused event="tab.focus" subsystem="tab" outcome="ok" workspace_id="wC" tab_id="wC:t1"
2026-07-30T15:39:42.317464Z  INFO herdr::logging: session saved event="persist.save" subsystem="persist" outcome="ok" path=/home/btw/.config/herdr/session.json workspaces=3
2026-07-30T15:40:23.360687Z  INFO herdr::pane: agent changed pane=3 previous_agent=Some(OpenCode) agent=None pgid=Some(6411)
2026-07-30T15:42:07.603077Z  INFO herdr::server::headless: client resize client_id=10 cols=172 rows=41 cell_width_px=0 cell_height_px=0
2026-07-30T15:49:32.012231Z  INFO herdr::logging: workspace focused event="workspace.focus" subsystem="workspace" outcome="ok" workspace_id="wB"
2026-07-30T15:49:32.012268Z  INFO herdr::logging: tab focused event="tab.focus" subsystem="tab" outcome="ok" workspace_id="wB" tab_id="wB:t1"
2026-07-30T15:49:37.014001Z  INFO herdr::logging: session saved event="persist.save" subsystem="persist" outcome="ok" path=/home/btw/.config/herdr/session.json workspaces=3
2026-07-30T15:53:48.316627Z  INFO herdr::logging: checking for updates event="update.check.start" subsystem="update" outcome="started"
2026-07-30T15:56:20.230233Z  INFO herdr::logging: workspace focused event="workspace.focus" subsystem="workspace" outcome="ok" workspace_id="wC"
2026-07-30T15:56:20.230280Z  INFO herdr::logging: tab focused event="tab.focus" subsystem="tab" outcome="ok" workspace_id="wC" tab_id="wC:t1"
2026-07-30T15:56:25.232659Z  INFO herdr::logging: session saved event="persist.save" subsystem="persist" outcome="ok" path=/home/btw/.config/herdr/session.json workspaces=3
2026-07-30T16:12:33.360407Z  INFO herdr::server::headless: client disconnected client_id=10
2026-07-30T16:15:00.265141Z  INFO herdr::server::headless: client connected client_id=12 cols=173 rows=42 cell_width_px=0 cell_height_px=0 render_encoding=SemanticFrame
2026-07-30T16:15:00.646397Z  INFO herdr::server::headless: client disconnected client_id=12
2026-07-30T22:24:18.665832Z  INFO herdr::api::server: api server listening path=/home/btw/.config/herdr/herdr.sock
2026-07-30T22:24:18.674519Z  INFO herdr::logging: spawning pane terminal event="pane.spawn.start" subsystem="pane" outcome="started" pane_id=1 rows=24 cols=80 scrollback_limit_bytes=10000000
2026-07-30T22:24:18.680768Z  INFO herdr::logging: pane child spawned event="pane.spawned" subsystem="pane" outcome="ok" pane_id=1 pid=6299
2026-07-30T22:24:18.684183Z  INFO herdr::logging: spawning pane terminal event="pane.spawn.start" subsystem="pane" outcome="started" pane_id=2 rows=24 cols=80 scrollback_limit_bytes=10000000
2026-07-30T22:24:18.684906Z  INFO herdr::logging: pane child spawned event="pane.spawned" subsystem="pane" outcome="ok" pane_id=2 pid=6302
2026-07-30T22:24:18.689936Z  INFO herdr::logging: spawning pane terminal event="pane.spawn.start" subsystem="pane" outcome="started" pane_id=3 rows=24 cols=80 scrollback_limit_bytes=10000000
2026-07-30T22:24:18.690687Z  INFO herdr::logging: pane child spawned event="pane.spawned" subsystem="pane" outcome="ok" pane_id=3 pid=6305
2026-07-30T22:24:18.690881Z  INFO herdr::logging: spawning pane terminal event="pane.spawn.start" subsystem="pane" outcome="started" pane_id=4 rows=24 cols=80 scrollback_limit_bytes=10000000
2026-07-30T22:24:18.691541Z  INFO herdr::logging: pane child spawned event="pane.spawned" subsystem="pane" outcome="ok" pane_id=4 pid=6308
2026-07-30T22:24:18.691678Z  INFO herdr::logging: spawning pane terminal event="pane.spawn.start" subsystem="pane" outcome="started" pane_id=5 rows=24 cols=80 scrollback_limit_bytes=10000000
2026-07-30T22:24:18.692340Z  INFO herdr::logging: pane child spawned event="pane.spawned" subsystem="pane" outcome="ok" pane_id=5 pid=6311
2026-07-30T22:24:18.698538Z  INFO herdr::logging: spawning pane terminal event="pane.spawn.start" subsystem="pane" outcome="started" pane_id=6 rows=24 cols=80 scrollback_limit_bytes=10000000
2026-07-30T22:24:18.699342Z  INFO herdr::logging: pane child spawned event="pane.spawned" subsystem="pane" outcome="ok" pane_id=6 pid=6314
2026-07-30T22:24:18.699593Z  INFO herdr::logging: spawning pane terminal event="pane.spawn.start" subsystem="pane" outcome="started" pane_id=7 rows=24 cols=80 scrollback_limit_bytes=10000000
2026-07-30T22:24:18.700465Z  INFO herdr::logging: pane child spawned event="pane.spawned" subsystem="pane" outcome="ok" pane_id=7 pid=6317
2026-07-30T22:24:18.700636Z  INFO herdr::logging: spawning pane terminal event="pane.spawn.start" subsystem="pane" outcome="started" pane_id=8 rows=24 cols=80 scrollback_limit_bytes=10000000
2026-07-30T22:24:18.701337Z  INFO herdr::logging: pane child spawned event="pane.spawned" subsystem="pane" outcome="ok" pane_id=8 pid=6320
2026-07-30T22:24:18.705182Z  INFO herdr::logging: session restore evaluated event="persist.restore" subsystem="persist" outcome="ok" workspaces=3
2026-07-30T22:24:18.705200Z  INFO herdr::app: using pane scrollback configuration pane_scrollback_limit_bytes=10000000
2026-07-30T22:24:18.816417Z  INFO herdr::logging: checking for updates event="update.check.start" subsystem="update" outcome="started"
2026-07-30T22:24:18.821917Z  INFO herdr::server::headless: restored session already has workspaces; ignoring startup cwd cwd=/home/btw
2026-07-30T22:24:18.823145Z  INFO herdr::server::headless: client protocol socket listening path=/home/btw/.config/herdr/herdr-client.sock
2026-07-30T22:24:18.823169Z  INFO herdr::server::headless: herdr server started api_socket=/home/btw/.config/herdr/herdr.sock client_socket=/home/btw/.config/herdr/herdr-client.sock
2026-07-30T22:24:18.829150Z  INFO herdr::logging: herdr starting event="app.startup" subsystem="server" outcome="started" pid=6285
2026-07-30T22:24:19.066758Z  INFO herdr::server::headless: client connected client_id=2 cols=173 rows=42 cell_width_px=0 cell_height_px=0 render_encoding=SemanticFrame
2026-07-30T22:24:51.651557Z  INFO herdr::logging: workspace focused event="workspace.focus" subsystem="workspace" outcome="ok" workspace_id="wB"
2026-07-30T22:24:51.651590Z  INFO herdr::logging: tab focused event="tab.focus" subsystem="tab" outcome="ok" workspace_id="wB" tab_id="wB:t1"
2026-07-30T22:24:56.656061Z  INFO herdr::logging: session saved event="persist.save" subsystem="persist" outcome="ok" path=/home/btw/.config/herdr/session.json workspaces=3
2026-07-30T22:54:18.817693Z  INFO herdr::logging: checking for updates event="update.check.start" subsystem="update" outcome="started"
2026-07-30T23:24:18.819340Z  INFO herdr::logging: checking for updates event="update.check.start" subsystem="update" outcome="started"
2026-07-30T23:54:18.820564Z  INFO herdr::logging: checking for updates event="update.check.start" subsystem="update" outcome="started"
2026-07-31T00:08:24.750988Z  INFO herdr::pane: agent changed pane=1 previous_agent=None agent=Some(OpenCode) process=opencode pgid=Some(50994)
2026-07-31T00:08:27.785787Z  INFO herdr::logging: api request received event="api.request.start" subsystem="api" outcome="started" request_id="cli:workspace:focus" method="workspace.focus" changes_ui=true
2026-07-31T00:08:27.785861Z  INFO herdr::logging: workspace focused event="workspace.focus" subsystem="workspace" outcome="ok" workspace_id="wC"
2026-07-31T00:08:27.785886Z  INFO herdr::logging: tab focused event="tab.focus" subsystem="tab" outcome="ok" workspace_id="wC" tab_id="wC:t1"
2026-07-31T00:08:27.785916Z  INFO herdr::logging: api request completed event="api.request.complete" subsystem="api" outcome="ok" request_id="cli:workspace:focus" method="workspace.focus"
2026-07-31T00:08:32.788086Z  INFO herdr::logging: session saved event="persist.save" subsystem="persist" outcome="ok" path=/home/btw/.config/herdr/session.json workspaces=3
2026-07-31T00:08:42.069086Z  INFO herdr::logging: workspace focused event="workspace.focus" subsystem="workspace" outcome="ok" workspace_id="wB"
2026-07-31T00:08:42.069123Z  INFO herdr::logging: tab focused event="tab.focus" subsystem="tab" outcome="ok" workspace_id="wB" tab_id="wB:t1"
2026-07-31T00:08:47.072048Z  INFO herdr::logging: session saved event="persist.save" subsystem="persist" outcome="ok" path=/home/btw/.config/herdr/session.json workspaces=3
2026-07-31T00:09:00.300778Z  INFO herdr::pane: agent changed pane=1 previous_agent=Some(OpenCode) agent=None pgid=Some(6299)
2026-07-31T00:09:03.192698Z  INFO herdr::logging: workspace focused event="workspace.focus" subsystem="workspace" outcome="ok" workspace_id="wC"
2026-07-31T00:09:03.192734Z  INFO herdr::logging: tab focused event="tab.focus" subsystem="tab" outcome="ok" workspace_id="wC" tab_id="wC:t1"
2026-07-31T00:09:08.194814Z  INFO herdr::logging: session saved event="persist.save" subsystem="persist" outcome="ok" path=/home/btw/.config/herdr/session.json workspaces=3
2026-07-31T00:09:11.060839Z  INFO herdr::pane: agent changed pane=3 previous_agent=None agent=Some(OpenCode) process=opencode pgid=Some(51617)
2026-07-31T00:09:41.734371Z  INFO herdr::logging: pane child exited event="pane.exit" subsystem="pane" outcome="completed" pane_id=3 status="ExitStatus { code: 0, signal: None }"
2026-07-31T00:09:41.735181Z  INFO herdr::pane: pane session terminated pane=3 pid=6305 signal=Hangup
2026-07-31T00:09:46.737821Z  INFO herdr::logging: session saved event="persist.save" subsystem="persist" outcome="ok" path=/home/btw/.config/herdr/session.json workspaces=3
2026-07-31T00:09:52.813133Z  INFO herdr::logging: spawning pane terminal event="pane.spawn.start" subsystem="pane" outcome="started" pane_id=9 rows=41 cols=145 scrollback_limit_bytes=10000000
2026-07-31T00:09:52.814606Z  INFO herdr::logging: pane child spawned event="pane.spawned" subsystem="pane" outcome="ok" pane_id=9 pid=52060
2026-07-31T00:09:52.814799Z  INFO herdr::logging: tab focused event="tab.focus" subsystem="tab" outcome="ok" workspace_id="wC" tab_id="wC:t4"
2026-07-31T00:09:53.184224Z  INFO herdr::logging: pane child exited event="pane.exit" subsystem="pane" outcome="completed" pane_id=9 status="ExitStatus { code: 0, signal: None }"
2026-07-31T00:09:53.185305Z  INFO herdr::pane: pane session terminated pane=9 pid=52060 signal=Hangup
2026-07-31T00:09:56.034034Z  INFO herdr::logging: tab focused event="tab.focus" subsystem="tab" outcome="ok" workspace_id="wC" tab_id="wC:t2"
2026-07-31T00:10:01.037137Z  INFO herdr::logging: session saved event="persist.save" subsystem="persist" outcome="ok" path=/home/btw/.config/herdr/session.json workspaces=3
2026-07-31T00:10:01.268047Z  INFO herdr::logging: spawning pane terminal event="pane.spawn.start" subsystem="pane" outcome="started" pane_id=10 rows=41 cols=145 scrollback_limit_bytes=10000000
2026-07-31T00:10:01.269468Z  INFO herdr::logging: pane child spawned event="pane.spawned" subsystem="pane" outcome="ok" pane_id=10 pid=52198
2026-07-31T00:10:01.269610Z  INFO herdr::logging: tab renamed event="tab.rename" subsystem="tab" outcome="ok" workspace_id="wC" tab_id="wC:t5"
2026-07-31T00:10:01.269635Z  INFO herdr::logging: tab focused event="tab.focus" subsystem="tab" outcome="ok" workspace_id="wC" tab_id="wC:t5"
2026-07-31T00:10:05.999825Z  INFO herdr::logging: workspace focused event="workspace.focus" subsystem="workspace" outcome="ok" workspace_id="wB"
2026-07-31T00:10:05.999860Z  INFO herdr::logging: tab focused event="tab.focus" subsystem="tab" outcome="ok" workspace_id="wB" tab_id="wB:t1"
2026-07-31T00:10:11.001917Z  INFO herdr::logging: session saved event="persist.save" subsystem="persist" outcome="ok" path=/home/btw/.config/herdr/session.json workspaces=3
2026-07-31T00:12:35.889149Z  INFO herdr::logging: workspace focused event="workspace.focus" subsystem="workspace" outcome="ok" workspace_id="wC"
2026-07-31T00:12:35.889205Z  INFO herdr::logging: tab focused event="tab.focus" subsystem="tab" outcome="ok" workspace_id="wC" tab_id="wC:t5"
2026-07-31T00:12:40.891782Z  INFO herdr::logging: session saved event="persist.save" subsystem="persist" outcome="ok" path=/home/btw/.config/herdr/session.json workspaces=3
2026-07-31T00:16:43.944263Z  INFO herdr::pane: agent changed pane=10 previous_agent=None agent=Some(Kimi) process=kimi pgid=Some(55889)
2026-07-31T00:21:02.225282Z  INFO herdr::app::actions: copied selection to clipboard
2026-07-31T00:21:03.427303Z  INFO herdr::app::actions: copied selection to clipboard
2026-07-31T00:21:24.662675Z  INFO herdr::pane: agent changed pane=10 previous_agent=Some(Kimi) agent=None pgid=Some(52198)
2026-07-31T00:24:18.821237Z  INFO herdr::logging: checking for updates event="update.check.start" subsystem="update" outcome="started"
2026-07-31T00:51:02.571914Z  INFO herdr::logging: tab focused event="tab.focus" subsystem="tab" outcome="ok" workspace_id="wC" tab_id="wC:t2"
2026-07-31T00:51:03.130807Z  INFO herdr::logging: tab focused event="tab.focus" subsystem="tab" outcome="ok" workspace_id="wC" tab_id="wC:t5"
2026-07-31T00:51:08.132899Z  INFO herdr::logging: session saved event="persist.save" subsystem="persist" outcome="ok" path=/home/btw/.config/herdr/session.json workspaces=3
2026-07-31T00:53:27.542633Z  INFO herdr::logging: workspace focused event="workspace.focus" subsystem="workspace" outcome="ok" workspace_id="wD"
2026-07-31T00:53:27.542674Z  INFO herdr::logging: tab focused event="tab.focus" subsystem="tab" outcome="ok" workspace_id="wD" tab_id="wD:t1"
2026-07-31T00:53:32.545205Z  INFO herdr::logging: session saved event="persist.save" subsystem="persist" outcome="ok" path=/home/btw/.config/herdr/session.json workspaces=3
2026-07-31T00:53:48.355715Z  INFO herdr::logging: tab focused event="tab.focus" subsystem="tab" outcome="ok" workspace_id="wD" tab_id="wD:t3"
2026-07-31T00:53:51.844367Z  INFO herdr::logging: tab focused event="tab.focus" subsystem="tab" outcome="ok" workspace_id="wD" tab_id="wD:t1"
2026-07-31T00:53:56.216451Z  INFO herdr::logging: tab focused event="tab.focus" subsystem="tab" outcome="ok" workspace_id="wD" tab_id="wD:t2"
2026-07-31T00:54:01.217701Z  INFO herdr::logging: session saved event="persist.save" subsystem="persist" outcome="ok" path=/home/btw/.config/herdr/session.json workspaces=3
2026-07-31T00:54:01.740257Z  INFO herdr::logging: tab focused event="tab.focus" subsystem="tab" outcome="ok" workspace_id="wD" tab_id="wD:t1"
2026-07-31T00:54:03.897476Z  INFO herdr::pane: agent changed pane=6 previous_agent=None agent=Some(OpenCode) process=opencode pgid=Some(78126)
2026-07-31T00:54:06.742015Z  INFO herdr::logging: session saved event="persist.save" subsystem="persist" outcome="ok" path=/home/btw/.config/herdr/session.json workspaces=3
2026-07-31T00:54:10.933567Z  INFO herdr::logging: tab focused event="tab.focus" subsystem="tab" outcome="ok" workspace_id="wD" tab_id="wD:t3"
2026-07-31T00:54:15.935044Z  INFO herdr::logging: session saved event="persist.save" subsystem="persist" outcome="ok" path=/home/btw/.config/herdr/session.json workspaces=3
2026-07-31T00:54:18.822727Z  INFO herdr::logging: checking for updates event="update.check.start" subsystem="update" outcome="started"
2026-07-31T00:54:19.618201Z  INFO herdr::logging: tab focused event="tab.focus" subsystem="tab" outcome="ok" workspace_id="wD" tab_id="wD:t1"
2026-07-31T00:54:24.620889Z  INFO herdr::logging: session saved event="persist.save" subsystem="persist" outcome="ok" path=/home/btw/.config/herdr/session.json workspaces=3
2026-07-31T00:54:34.285270Z  INFO herdr::logging: tab focused event="tab.focus" subsystem="tab" outcome="ok" workspace_id="wD" tab_id="wD:t3"
2026-07-31T00:54:35.709027Z  INFO herdr::logging: tab focused event="tab.focus" subsystem="tab" outcome="ok" workspace_id="wD" tab_id="wD:t1"
2026-07-31T00:54:40.711687Z  INFO herdr::logging: session saved event="persist.save" subsystem="persist" outcome="ok" path=/home/btw/.config/herdr/session.json workspaces=3
2026-07-31T00:59:00.492379Z  INFO herdr::pane: agent changed pane=6 previous_agent=Some(OpenCode) agent=None pgid=Some(6314)
2026-07-31T00:59:01.731927Z  INFO herdr::logging: tab focused event="tab.focus" subsystem="tab" outcome="ok" workspace_id="wD" tab_id="wD:t2"
2026-07-31T00:59:06.733155Z  INFO herdr::logging: session saved event="persist.save" subsystem="persist" outcome="ok" path=/home/btw/.config/herdr/session.json workspaces=3
2026-07-31T00:59:13.134907Z  INFO herdr::logging: tab focused event="tab.focus" subsystem="tab" outcome="ok" workspace_id="wD" tab_id="wD:t1"
2026-07-31T00:59:15.032746Z  INFO herdr::pane: agent changed pane=6 previous_agent=None agent=Some(OpenCode) process=opencode pgid=Some(81253)
2026-07-31T00:59:18.137620Z  INFO herdr::logging: session saved event="persist.save" subsystem="persist" outcome="ok" path=/home/btw/.config/herdr/session.json workspaces=3
2026-07-31T00:59:34.318555Z  INFO herdr::logging: tab focused event="tab.focus" subsystem="tab" outcome="ok" workspace_id="wD" tab_id="wD:t2"
2026-07-31T00:59:39.012515Z  INFO herdr::logging: tab focused event="tab.focus" subsystem="tab" outcome="ok" workspace_id="wD" tab_id="wD:t1"
2026-07-31T00:59:40.555613Z  INFO herdr::logging: tab focused event="tab.focus" subsystem="tab" outcome="ok" workspace_id="wD" tab_id="wD:t2"
2026-07-31T00:59:45.557231Z  INFO herdr::logging: session saved event="persist.save" subsystem="persist" outcome="ok" path=/home/btw/.config/herdr/session.json workspaces=3
2026-07-31T00:59:51.672585Z  INFO herdr::logging: tab focused event="tab.focus" subsystem="tab" outcome="ok" workspace_id="wD" tab_id="wD:t1"
2026-07-31T00:59:56.676077Z  INFO herdr::logging: session saved event="persist.save" subsystem="persist" outcome="ok" path=/home/btw/.config/herdr/session.json workspaces=3
2026-07-31T01:00:03.587405Z  INFO herdr::pane: agent changed pane=6 previous_agent=Some(OpenCode) agent=None pgid=Some(6314)
2026-07-31T01:00:03.988576Z  INFO herdr::logging: tab focused event="tab.focus" subsystem="tab" outcome="ok" workspace_id="wD" tab_id="wD:t2"
2026-07-31T01:00:08.990873Z  INFO herdr::logging: session saved event="persist.save" subsystem="persist" outcome="ok" path=/home/btw/.config/herdr/session.json workspaces=3
2026-07-31T01:00:32.278559Z  INFO herdr::logging: tab focused event="tab.focus" subsystem="tab" outcome="ok" workspace_id="wD" tab_id="wD:t1"
2026-07-31T01:00:35.170819Z  INFO herdr::pane: agent changed pane=6 previous_agent=None agent=Some(OpenCode) process=opencode pgid=Some(82890)
2026-07-31T01:00:37.280307Z  INFO herdr::logging: session saved event="persist.save" subsystem="persist" outcome="ok" path=/home/btw/.config/herdr/session.json workspaces=3
2026-07-31T01:07:10.124872Z  INFO herdr::logging: tab focused event="tab.focus" subsystem="tab" outcome="ok" workspace_id="wD" tab_id="wD:t2"
2026-07-31T01:07:15.127866Z  INFO herdr::logging: session saved event="persist.save" subsystem="persist" outcome="ok" path=/home/btw/.config/herdr/session.json workspaces=3
2026-07-31T01:20:03.796142Z  INFO herdr::logging: tab focused event="tab.focus" subsystem="tab" outcome="ok" workspace_id="wD" tab_id="wD:t1"
2026-07-31T01:20:04.567374Z  INFO herdr::logging: tab focused event="tab.focus" subsystem="tab" outcome="ok" workspace_id="wD" tab_id="wD:t2"
2026-07-31T01:20:09.570543Z  INFO herdr::logging: session saved event="persist.save" subsystem="persist" outcome="ok" path=/home/btw/.config/herdr/session.json workspaces=3
2026-07-31T01:22:55.229724Z  INFO herdr::logging: tab focused event="tab.focus" subsystem="tab" outcome="ok" workspace_id="wD" tab_id="wD:t1"
2026-07-31T01:23:00.231230Z  INFO herdr::logging: session saved event="persist.save" subsystem="persist" outcome="ok" path=/home/btw/.config/herdr/session.json workspaces=3
2026-07-31T01:23:24.698334Z  INFO herdr::logging: tab focused event="tab.focus" subsystem="tab" outcome="ok" workspace_id="wD" tab_id="wD:t2"
2026-07-31T01:23:26.486405Z  INFO herdr::logging: tab focused event="tab.focus" subsystem="tab" outcome="ok" workspace_id="wD" tab_id="wD:t1"
2026-07-31T01:23:31.488058Z  INFO herdr::logging: session saved event="persist.save" subsystem="persist" outcome="ok" path=/home/btw/.config/herdr/session.json workspaces=3
2026-07-31T01:23:35.665297Z  INFO herdr::logging: tab focused event="tab.focus" subsystem="tab" outcome="ok" workspace_id="wD" tab_id="wD:t2"
2026-07-31T01:23:39.052563Z  INFO herdr::logging: tab focused event="tab.focus" subsystem="tab" outcome="ok" workspace_id="wD" tab_id="wD:t1"
2026-07-31T01:23:40.538161Z  INFO herdr::logging: tab focused event="tab.focus" subsystem="tab" outcome="ok" workspace_id="wD" tab_id="wD:t2"
2026-07-31T01:23:41.097626Z  INFO herdr::logging: tab focused event="tab.focus" subsystem="tab" outcome="ok" workspace_id="wD" tab_id="wD:t1"
2026-07-31T01:23:46.099059Z  INFO herdr::logging: session saved event="persist.save" subsystem="persist" outcome="ok" path=/home/btw/.config/herdr/session.json workspaces=3
2026-07-31T01:23:48.494101Z  INFO herdr::logging: tab focused event="tab.focus" subsystem="tab" outcome="ok" workspace_id="wD" tab_id="wD:t2"
2026-07-31T01:23:50.114106Z  INFO herdr::logging: tab focused event="tab.focus" subsystem="tab" outcome="ok" workspace_id="wD" tab_id="wD:t1"
2026-07-31T01:23:51.611284Z  INFO herdr::logging: tab focused event="tab.focus" subsystem="tab" outcome="ok" workspace_id="wD" tab_id="wD:t2"
2026-07-31T01:23:53.510214Z  INFO herdr::logging: tab focused event="tab.focus" subsystem="tab" outcome="ok" workspace_id="wD" tab_id="wD:t1"
2026-07-31T01:23:58.512590Z  INFO herdr::logging: session saved event="persist.save" subsystem="persist" outcome="ok" path=/home/btw/.config/herdr/session.json workspaces=3
2026-07-31T01:23:58.795263Z  INFO herdr::logging: tab focused event="tab.focus" subsystem="tab" outcome="ok" workspace_id="wD" tab_id="wD:t2"
2026-07-31T01:24:03.797996Z  INFO herdr::logging: session saved event="persist.save" subsystem="persist" outcome="ok" path=/home/btw/.config/herdr/session.json workspaces=3
2026-07-31T01:24:06.384125Z  INFO herdr::logging: tab focused event="tab.focus" subsystem="tab" outcome="ok" workspace_id="wD" tab_id="wD:t1"
2026-07-31T01:24:11.386985Z  INFO herdr::logging: session saved event="persist.save" subsystem="persist" outcome="ok" path=/home/btw/.config/herdr/session.json workspaces=3
2026-07-31T01:24:12.262891Z  INFO herdr::logging: tab focused event="tab.focus" subsystem="tab" outcome="ok" workspace_id="wD" tab_id="wD:t2"
2026-07-31T01:24:14.832991Z  INFO herdr::logging: tab focused event="tab.focus" subsystem="tab" outcome="ok" workspace_id="wD" tab_id="wD:t1"
2026-07-31T01:24:18.823967Z  INFO herdr::logging: checking for updates event="update.check.start" subsystem="update" outcome="started"
2026-07-31T01:24:19.835157Z  INFO herdr::logging: session saved event="persist.save" subsystem="persist" outcome="ok" path=/home/btw/.config/herdr/session.json workspaces=3
2026-07-31T01:24:22.342859Z  INFO herdr::logging: tab focused event="tab.focus" subsystem="tab" outcome="ok" workspace_id="wD" tab_id="wD:t2"
2026-07-31T01:24:24.219839Z  INFO herdr::logging: tab focused event="tab.focus" subsystem="tab" outcome="ok" workspace_id="wD" tab_id="wD:t1"
2026-07-31T01:24:29.221856Z  INFO herdr::logging: session saved event="persist.save" subsystem="persist" outcome="ok" path=/home/btw/.config/herdr/session.json workspaces=3
2026-07-31T01:24:55.442819Z  INFO herdr::logging: tab focused event="tab.focus" subsystem="tab" outcome="ok" workspace_id="wD" tab_id="wD:t2"
2026-07-31T01:25:00.445538Z  INFO herdr::logging: session saved event="persist.save" subsystem="persist" outcome="ok" path=/home/btw/.config/herdr/session.json workspaces=3
2026-07-31T01:36:46.672321Z  INFO herdr::server::headless: client resize client_id=2 cols=85 rows=41 cell_width_px=0 cell_height_px=0
2026-07-31T01:37:21.834950Z  INFO herdr::server::headless: client resize client_id=2 cols=172 rows=41 cell_width_px=0 cell_height_px=0
2026-07-31T01:37:23.236734Z  INFO herdr::logging: tab focused event="tab.focus" subsystem="tab" outcome="ok" workspace_id="wD" tab_id="wD:t1"
2026-07-31T01:37:28.239142Z  INFO herdr::logging: session saved event="persist.save" subsystem="persist" outcome="ok" path=/home/btw/.config/herdr/session.json workspaces=3
2026-07-31T01:39:26.229843Z  INFO herdr::logging: tab focused event="tab.focus" subsystem="tab" outcome="ok" workspace_id="wD" tab_id="wD:t2"
2026-07-31T01:39:31.231900Z  INFO herdr::logging: session saved event="persist.save" subsystem="persist" outcome="ok" path=/home/btw/.config/herdr/session.json workspaces=3
2026-07-31T01:42:27.209523Z  INFO herdr::logging: tab focused event="tab.focus" subsystem="tab" outcome="ok" workspace_id="wD" tab_id="wD:t3"
2026-07-31T01:42:32.211514Z  INFO herdr::logging: session saved event="persist.save" subsystem="persist" outcome="ok" path=/home/btw/.config/herdr/session.json workspaces=3
2026-07-31T01:42:56.872152Z  INFO herdr::logging: tab focused event="tab.focus" subsystem="tab" outcome="ok" workspace_id="wD" tab_id="wD:t1"
2026-07-31T01:43:01.874239Z  INFO herdr::logging: session saved event="persist.save" subsystem="persist" outcome="ok" path=/home/btw/.config/herdr/session.json workspaces=3
2026-07-31T01:43:12.447329Z  INFO herdr::logging: tab focused event="tab.focus" subsystem="tab" outcome="ok" workspace_id="wD" tab_id="wD:t2"
2026-07-31T01:43:17.450119Z  INFO herdr::logging: session saved event="persist.save" subsystem="persist" outcome="ok" path=/home/btw/.config/herdr/session.json workspaces=3
2026-07-31T01:45:44.414890Z  INFO herdr::logging: tab focused event="tab.focus" subsystem="tab" outcome="ok" workspace_id="wD" tab_id="wD:t1"
2026-07-31T01:45:49.417404Z  INFO herdr::logging: session saved event="persist.save" subsystem="persist" outcome="ok" path=/home/btw/.config/herdr/session.json workspaces=3
2026-07-31T01:46:58.265383Z  INFO herdr::logging: tab focused event="tab.focus" subsystem="tab" outcome="ok" workspace_id="wD" tab_id="wD:t2"
2026-07-31T01:47:03.268066Z  INFO herdr::logging: session saved event="persist.save" subsystem="persist" outcome="ok" path=/home/btw/.config/herdr/session.json workspaces=3
2026-07-31T01:47:08.077510Z  INFO herdr::logging: tab focused event="tab.focus" subsystem="tab" outcome="ok" workspace_id="wD" tab_id="wD:t1"
2026-07-31T01:47:13.079994Z  INFO herdr::logging: session saved event="persist.save" subsystem="persist" outcome="ok" path=/home/btw/.config/herdr/session.json workspaces=3
2026-07-31T01:47:35.986649Z  INFO herdr::logging: tab focused event="tab.focus" subsystem="tab" outcome="ok" workspace_id="wD" tab_id="wD:t2"
2026-07-31T01:47:38.958290Z  INFO herdr::logging: tab focused event="tab.focus" subsystem="tab" outcome="ok" workspace_id="wD" tab_id="wD:t1"
2026-07-31T01:47:43.960183Z  INFO herdr::logging: session saved event="persist.save" subsystem="persist" outcome="ok" path=/home/btw/.config/herdr/session.json workspaces=3
2026-07-31T01:48:07.594793Z  INFO herdr::logging: tab focused event="tab.focus" subsystem="tab" outcome="ok" workspace_id="wD" tab_id="wD:t2"
2026-07-31T01:48:12.597435Z  INFO herdr::logging: session saved event="persist.save" subsystem="persist" outcome="ok" path=/home/btw/.config/herdr/session.json workspaces=3
2026-07-31T01:48:27.438592Z  INFO herdr::logging: tab focused event="tab.focus" subsystem="tab" outcome="ok" workspace_id="wD" tab_id="wD:t1"
2026-07-31T01:48:32.440155Z  INFO herdr::logging: session saved event="persist.save" subsystem="persist" outcome="ok" path=/home/btw/.config/herdr/session.json workspaces=3
2026-07-31T01:48:42.801777Z  INFO herdr::logging: tab focused event="tab.focus" subsystem="tab" outcome="ok" workspace_id="wD" tab_id="wD:t2"
2026-07-31T01:48:45.483757Z  INFO herdr::logging: tab focused event="tab.focus" subsystem="tab" outcome="ok" workspace_id="wD" tab_id="wD:t1"
2026-07-31T01:48:50.485942Z  INFO herdr::logging: session saved event="persist.save" subsystem="persist" outcome="ok" path=/home/btw/.config/herdr/session.json workspaces=3
2026-07-31T01:49:55.900024Z  INFO herdr::logging: tab focused event="tab.focus" subsystem="tab" outcome="ok" workspace_id="wD" tab_id="wD:t2"
2026-07-31T01:50:00.902102Z  INFO herdr::logging: session saved event="persist.save" subsystem="persist" outcome="ok" path=/home/btw/.config/herdr/session.json workspaces=3
2026-07-31T01:50:08.816097Z  INFO herdr::logging: tab focused event="tab.focus" subsystem="tab" outcome="ok" workspace_id="wD" tab_id="wD:t1"
2026-07-31T01:50:13.818000Z  INFO herdr::logging: session saved event="persist.save" subsystem="persist" outcome="ok" path=/home/btw/.config/herdr/session.json workspaces=3
2026-07-31T01:50:16.584948Z  INFO herdr::logging: tab focused event="tab.focus" subsystem="tab" outcome="ok" workspace_id="wD" tab_id="wD:t2"
2026-07-31T01:50:19.163897Z  INFO herdr::logging: tab focused event="tab.focus" subsystem="tab" outcome="ok" workspace_id="wD" tab_id="wD:t1"
2026-07-31T01:50:24.165460Z  INFO herdr::logging: session saved event="persist.save" subsystem="persist" outcome="ok" path=/home/btw/.config/herdr/session.json workspaces=3
2026-07-31T01:50:30.076823Z  INFO herdr::logging: tab focused event="tab.focus" subsystem="tab" outcome="ok" workspace_id="wD" tab_id="wD:t2"
2026-07-31T01:50:35.079583Z  INFO herdr::logging: session saved event="persist.save" subsystem="persist" outcome="ok" path=/home/btw/.config/herdr/session.json workspaces=3
2026-07-31T01:54:18.825460Z  INFO herdr::logging: checking for updates event="update.check.start" subsystem="update" outcome="started"
2026-07-31T02:10:25.212809Z  INFO herdr::logging: workspace focused event="workspace.focus" subsystem="workspace" outcome="ok" workspace_id="wB"
2026-07-31T02:10:25.212850Z  INFO herdr::logging: tab focused event="tab.focus" subsystem="tab" outcome="ok" workspace_id="wB" tab_id="wB:t1"
2026-07-31T02:10:30.214016Z  INFO herdr::logging: session saved event="persist.save" subsystem="persist" outcome="ok" path=/home/btw/.config/herdr/session.json workspaces=3
2026-07-31T02:10:33.465709Z  INFO herdr::app::actions: copied selection to clipboard
2026-07-31T02:16:38.054132Z  INFO herdr::server::headless: client resize client_id=2 cols=85 rows=41 cell_width_px=0 cell_height_px=0
2026-07-31T02:16:39.655371Z  INFO herdr::server::headless: client resize client_id=2 cols=172 rows=41 cell_width_px=0 cell_height_px=0
2026-07-31T02:17:08.592912Z  INFO herdr::server::headless: client resize client_id=2 cols=85 rows=41 cell_width_px=0 cell_height_px=0
2026-07-31T02:17:09.493898Z  INFO herdr::server::headless: client resize client_id=2 cols=172 rows=41 cell_width_px=0 cell_height_px=0
2026-07-31T02:17:15.404036Z  INFO herdr::server::headless: client resize client_id=2 cols=85 rows=41 cell_width_px=0 cell_height_px=0
2026-07-31T02:17:16.205093Z  INFO herdr::server::headless: client resize client_id=2 cols=172 rows=41 cell_width_px=0 cell_height_px=0
2026-07-31T02:17:16.305169Z  INFO herdr::server::headless: client resize client_id=2 cols=85 rows=41 cell_width_px=0 cell_height_px=0
2026-07-31T02:17:17.006312Z  INFO herdr::server::headless: client resize client_id=2 cols=172 rows=41 cell_width_px=0 cell_height_px=0
2026-07-31T02:21:17.495013Z  INFO herdr::logging: workspace focused event="workspace.focus" subsystem="workspace" outcome="ok" workspace_id="wD"
2026-07-31T02:21:17.495364Z  INFO herdr::logging: tab focused event="tab.focus" subsystem="tab" outcome="ok" workspace_id="wD" tab_id="wD:t2"
2026-07-31T02:21:18.766186Z  INFO herdr::logging: tab focused event="tab.focus" subsystem="tab" outcome="ok" workspace_id="wD" tab_id="wD:t1"
2026-07-31T02:21:21.630516Z  INFO herdr::pane: agent changed pane=6 previous_agent=Some(OpenCode) agent=None pgid=Some(6314)
2026-07-31T02:21:23.769184Z  INFO herdr::logging: session saved event="persist.save" subsystem="persist" outcome="ok" path=/home/btw/.config/herdr/session.json workspaces=3
2026-07-31T02:24:18.826977Z  INFO herdr::logging: checking for updates event="update.check.start" subsystem="update" outcome="started"
2026-07-31T02:54:18.828268Z  INFO herdr::logging: checking for updates event="update.check.start" subsystem="update" outcome="started"
2026-07-31T03:18:15.742208Z  INFO herdr::server::headless: client resize client_id=2 cols=173 rows=42 cell_width_px=0 cell_height_px=0
2026-07-31T03:18:17.928550Z  INFO herdr::logging: tab focused event="tab.focus" subsystem="tab" outcome="ok" workspace_id="wD" tab_id="wD:t3"
2026-07-31T03:18:18.935541Z  INFO herdr::logging: tab focused event="tab.focus" subsystem="tab" outcome="ok" workspace_id="wD" tab_id="wD:t1"
2026-07-31T03:18:23.937085Z  INFO herdr::logging: session saved event="persist.save" subsystem="persist" outcome="ok" path=/home/btw/.config/herdr/session.json workspaces=3
2026-07-31T03:18:50.561283Z  INFO herdr::logging: tab focused event="tab.focus" subsystem="tab" outcome="ok" workspace_id="wD" tab_id="wD:t3"
2026-07-31T03:18:52.740501Z  INFO herdr::logging: tab focused event="tab.focus" subsystem="tab" outcome="ok" workspace_id="wD" tab_id="wD:t1"
2026-07-31T03:18:57.742735Z  INFO herdr::logging: session saved event="persist.save" subsystem="persist" outcome="ok" path=/home/btw/.config/herdr/session.json workspaces=3
2026-07-31T03:19:01.594657Z  INFO herdr::server::headless: client disconnected client_id=2
2026-07-31T03:19:11.643444Z  INFO herdr::server::headless: client connected client_id=4 cols=173 rows=42 cell_width_px=0 cell_height_px=0 render_encoding=SemanticFrame
2026-07-31T03:19:12.322499Z  INFO herdr::server::headless: client disconnected client_id=4
2026-07-31T03:19:16.340095Z  INFO herdr::server::headless: client connected client_id=6 cols=173 rows=42 cell_width_px=0 cell_height_px=0 render_encoding=SemanticFrame
2026-07-31T03:19:19.577190Z  INFO herdr::logging: workspace focused event="workspace.focus" subsystem="workspace" outcome="ok" workspace_id="wB"
2026-07-31T03:19:19.577298Z  INFO herdr::logging: tab focused event="tab.focus" subsystem="tab" outcome="ok" workspace_id="wB" tab_id="wB:t1"
2026-07-31T03:19:24.579808Z  INFO herdr::logging: session saved event="persist.save" subsystem="persist" outcome="ok" path=/home/btw/.config/herdr/session.json workspaces=3
2026-07-31T03:24:18.829721Z  INFO herdr::logging: checking for updates event="update.check.start" subsystem="update" outcome="started"
2026-07-31T03:26:27.469512Z  INFO herdr::server::headless: client resize client_id=6 cols=85 rows=41 cell_width_px=0 cell_height_px=0
2026-07-31T03:26:32.074749Z  INFO herdr::server::headless: client resize client_id=6 cols=172 rows=41 cell_width_px=0 cell_height_px=0
2026-07-31T03:36:42.198118Z  INFO herdr::server::headless: client resize client_id=6 cols=85 rows=41 cell_width_px=0 cell_height_px=0
2026-07-31T03:36:43.900500Z  INFO herdr::server::headless: client resize client_id=6 cols=172 rows=41 cell_width_px=0 cell_height_px=0
2026-07-31T03:38:35.373851Z  INFO herdr::server::headless: client connected client_id=8 cols=173 rows=42 cell_width_px=0 cell_height_px=0 render_encoding=SemanticFrame
2026-07-31T03:38:40.349150Z  INFO herdr::server::headless: client resize client_id=6 cols=85 rows=41 cell_width_px=0 cell_height_px=0
2026-07-31T03:38:40.982253Z  INFO herdr::server::headless: client resize client_id=8 cols=85 rows=41 cell_width_px=0 cell_height_px=0
2026-07-31T03:38:42.674301Z  INFO herdr::server::headless: client disconnected client_id=8
2026-07-31T03:38:42.751014Z  INFO herdr::server::headless: client resize client_id=6 cols=172 rows=41 cell_width_px=0 cell_height_px=0
2026-07-31T03:38:43.452002Z  INFO herdr::server::headless: client resize client_id=6 cols=173 rows=42 cell_width_px=0 cell_height_px=0
2026-07-31T03:45:22.032886Z  INFO herdr::server::headless: client resize client_id=6 cols=85 rows=41 cell_width_px=0 cell_height_px=0
2026-07-31T03:45:40.260284Z  INFO herdr::server::headless: client resize client_id=6 cols=172 rows=41 cell_width_px=0 cell_height_px=0
2026-07-31T03:54:18.831186Z  INFO herdr::logging: checking for updates event="update.check.start" subsystem="update" outcome="started"
2026-07-31T04:02:04.926581Z  INFO herdr::logging: tab focused event="tab.focus" subsystem="tab" outcome="ok" workspace_id="wB" tab_id="wB:t2"
2026-07-31T04:02:05.838900Z  INFO herdr::logging: tab focused event="tab.focus" subsystem="tab" outcome="ok" workspace_id="wB" tab_id="wB:t1"
2026-07-31T04:02:08.275709Z  INFO herdr::server::headless: client disconnected client_id=6
2026-07-31T04:02:10.842149Z  INFO herdr::logging: session saved event="persist.save" subsystem="persist" outcome="ok" path=/home/btw/.config/herdr/session.json workspaces=3
2026-07-31T04:03:52.545710Z  INFO herdr::api::server: api server listening path=/home/btw/.config/herdr/herdr.sock
2026-07-31T04:03:52.553648Z  INFO herdr::logging: spawning pane terminal event="pane.spawn.start" subsystem="pane" outcome="started" pane_id=1 rows=24 cols=80 scrollback_limit_bytes=10000000
2026-07-31T04:03:52.560409Z  INFO herdr::logging: pane child spawned event="pane.spawned" subsystem="pane" outcome="ok" pane_id=1 pid=7473
2026-07-31T04:03:52.564001Z  INFO herdr::logging: spawning pane terminal event="pane.spawn.start" subsystem="pane" outcome="started" pane_id=2 rows=24 cols=80 scrollback_limit_bytes=10000000
2026-07-31T04:03:52.564699Z  INFO herdr::logging: pane child spawned event="pane.spawned" subsystem="pane" outcome="ok" pane_id=2 pid=7476
2026-07-31T04:03:52.568278Z  INFO herdr::logging: spawning pane terminal event="pane.spawn.start" subsystem="pane" outcome="started" pane_id=3 rows=24 cols=80 scrollback_limit_bytes=10000000
2026-07-31T04:03:52.568985Z  INFO herdr::logging: pane child spawned event="pane.spawned" subsystem="pane" outcome="ok" pane_id=3 pid=7479
2026-07-31T04:03:52.569206Z  INFO herdr::logging: spawning pane terminal event="pane.spawn.start" subsystem="pane" outcome="started" pane_id=4 rows=24 cols=80 scrollback_limit_bytes=10000000
2026-07-31T04:03:52.569904Z  INFO herdr::logging: pane child spawned event="pane.spawned" subsystem="pane" outcome="ok" pane_id=4 pid=7482
2026-07-31T04:03:52.570066Z  INFO herdr::logging: spawning pane terminal event="pane.spawn.start" subsystem="pane" outcome="started" pane_id=5 rows=24 cols=80 scrollback_limit_bytes=10000000
2026-07-31T04:03:52.570700Z  INFO herdr::logging: pane child spawned event="pane.spawned" subsystem="pane" outcome="ok" pane_id=5 pid=7485
2026-07-31T04:03:52.576223Z  INFO herdr::logging: spawning pane terminal event="pane.spawn.start" subsystem="pane" outcome="started" pane_id=6 rows=24 cols=80 scrollback_limit_bytes=10000000
2026-07-31T04:03:52.577003Z  INFO herdr::logging: pane child spawned event="pane.spawned" subsystem="pane" outcome="ok" pane_id=6 pid=7488
2026-07-31T04:03:52.577206Z  INFO herdr::logging: spawning pane terminal event="pane.spawn.start" subsystem="pane" outcome="started" pane_id=7 rows=24 cols=80 scrollback_limit_bytes=10000000
2026-07-31T04:03:52.577962Z  INFO herdr::logging: pane child spawned event="pane.spawned" subsystem="pane" outcome="ok" pane_id=7 pid=7491
2026-07-31T04:03:52.578171Z  INFO herdr::logging: spawning pane terminal event="pane.spawn.start" subsystem="pane" outcome="started" pane_id=8 rows=24 cols=80 scrollback_limit_bytes=10000000
2026-07-31T04:03:52.578950Z  INFO herdr::logging: pane child spawned event="pane.spawned" subsystem="pane" outcome="ok" pane_id=8 pid=7494
2026-07-31T04:03:52.583208Z  INFO herdr::logging: session restore evaluated event="persist.restore" subsystem="persist" outcome="ok" workspaces=3
2026-07-31T04:03:52.583235Z  INFO herdr::app: using pane scrollback configuration pane_scrollback_limit_bytes=10000000
2026-07-31T04:03:52.690490Z  INFO herdr::logging: checking for updates event="update.check.start" subsystem="update" outcome="started"
2026-07-31T04:03:52.694057Z  INFO herdr::server::headless: restored session already has workspaces; ignoring startup cwd cwd=/home/btw
2026-07-31T04:03:52.694497Z  INFO herdr::server::headless: client protocol socket listening path=/home/btw/.config/herdr/herdr-client.sock
2026-07-31T04:03:52.694527Z  INFO herdr::server::headless: herdr server started api_socket=/home/btw/.config/herdr/herdr.sock client_socket=/home/btw/.config/herdr/herdr-client.sock
2026-07-31T04:03:52.698343Z  INFO herdr::logging: herdr starting event="app.startup" subsystem="server" outcome="started" pid=7459
2026-07-31T04:03:52.930531Z  INFO herdr::server::headless: client connected client_id=2 cols=173 rows=42 cell_width_px=0 cell_height_px=0 render_encoding=SemanticFrame
2026-07-31T04:06:58.065756Z  INFO herdr::server::headless: client resize client_id=2 cols=85 rows=41 cell_width_px=0 cell_height_px=0
2026-07-31T04:06:59.666955Z  INFO herdr::server::headless: client resize client_id=2 cols=172 rows=41 cell_width_px=0 cell_height_px=0
2026-07-31T04:07:39.036713Z  INFO herdr::server::headless: client resize client_id=2 cols=85 rows=41 cell_width_px=0 cell_height_px=0
2026-07-31T04:07:40.437968Z  INFO herdr::server::headless: client resize client_id=2 cols=172 rows=41 cell_width_px=0 cell_height_px=0
2026-07-31T04:10:30.439737Z  INFO herdr::server::headless: client disconnected client_id=2
2026-07-31T04:20:46.396932Z  INFO herdr::api::server: api server listening path=/home/btw/.config/herdr/herdr.sock
2026-07-31T04:20:46.404644Z  INFO herdr::logging: spawning pane terminal event="pane.spawn.start" subsystem="pane" outcome="started" pane_id=1 rows=24 cols=80 scrollback_limit_bytes=10000000
2026-07-31T04:20:46.410978Z  INFO herdr::logging: pane child spawned event="pane.spawned" subsystem="pane" outcome="ok" pane_id=1 pid=8420
2026-07-31T04:20:46.414304Z  INFO herdr::logging: spawning pane terminal event="pane.spawn.start" subsystem="pane" outcome="started" pane_id=2 rows=24 cols=80 scrollback_limit_bytes=10000000
2026-07-31T04:20:46.415034Z  INFO herdr::logging: pane child spawned event="pane.spawned" subsystem="pane" outcome="ok" pane_id=2 pid=8423
2026-07-31T04:20:46.418439Z  INFO herdr::logging: spawning pane terminal event="pane.spawn.start" subsystem="pane" outcome="started" pane_id=3 rows=24 cols=80 scrollback_limit_bytes=10000000
2026-07-31T04:20:46.419066Z  INFO herdr::logging: pane child spawned event="pane.spawned" subsystem="pane" outcome="ok" pane_id=3 pid=8426
2026-07-31T04:20:46.419297Z  INFO herdr::logging: spawning pane terminal event="pane.spawn.start" subsystem="pane" outcome="started" pane_id=4 rows=24 cols=80 scrollback_limit_bytes=10000000
2026-07-31T04:20:46.420039Z  INFO herdr::logging: pane child spawned event="pane.spawned" subsystem="pane" outcome="ok" pane_id=4 pid=8429
2026-07-31T04:20:46.420207Z  INFO herdr::logging: spawning pane terminal event="pane.spawn.start" subsystem="pane" outcome="started" pane_id=5 rows=24 cols=80 scrollback_limit_bytes=10000000
2026-07-31T04:20:46.420902Z  INFO herdr::logging: pane child spawned event="pane.spawned" subsystem="pane" outcome="ok" pane_id=5 pid=8432
2026-07-31T04:20:46.427218Z  INFO herdr::logging: spawning pane terminal event="pane.spawn.start" subsystem="pane" outcome="started" pane_id=6 rows=24 cols=80 scrollback_limit_bytes=10000000
2026-07-31T04:20:46.427968Z  INFO herdr::logging: pane child spawned event="pane.spawned" subsystem="pane" outcome="ok" pane_id=6 pid=8435
2026-07-31T04:20:46.428143Z  INFO herdr::logging: spawning pane terminal event="pane.spawn.start" subsystem="pane" outcome="started" pane_id=7 rows=24 cols=80 scrollback_limit_bytes=10000000
2026-07-31T04:20:46.428938Z  INFO herdr::logging: pane child spawned event="pane.spawned" subsystem="pane" outcome="ok" pane_id=7 pid=8438
2026-07-31T04:20:46.429183Z  INFO herdr::logging: spawning pane terminal event="pane.spawn.start" subsystem="pane" outcome="started" pane_id=8 rows=24 cols=80 scrollback_limit_bytes=10000000
2026-07-31T04:20:46.430181Z  INFO herdr::logging: pane child spawned event="pane.spawned" subsystem="pane" outcome="ok" pane_id=8 pid=8441
2026-07-31T04:20:46.435637Z  INFO herdr::logging: session restore evaluated event="persist.restore" subsystem="persist" outcome="ok" workspaces=3
2026-07-31T04:20:46.435655Z  INFO herdr::app: using pane scrollback configuration pane_scrollback_limit_bytes=10000000
2026-07-31T04:20:46.554725Z  INFO herdr::logging: checking for updates event="update.check.start" subsystem="update" outcome="started"
2026-07-31T04:20:46.557595Z  INFO herdr::server::headless: restored session already has workspaces; ignoring startup cwd cwd=/home/btw
2026-07-31T04:20:46.558056Z  INFO herdr::server::headless: client protocol socket listening path=/home/btw/.config/herdr/herdr-client.sock
2026-07-31T04:20:46.558088Z  INFO herdr::server::headless: herdr server started api_socket=/home/btw/.config/herdr/herdr.sock client_socket=/home/btw/.config/herdr/herdr-client.sock
2026-07-31T04:20:46.562134Z  INFO herdr::logging: herdr starting event="app.startup" subsystem="server" outcome="started" pid=8406
2026-07-31T04:20:46.776031Z  INFO herdr::server::headless: client connected client_id=2 cols=173 rows=42 cell_width_px=0 cell_height_px=0 render_encoding=SemanticFrame
2026-07-31T04:20:47.732560Z  INFO herdr::server::headless: client disconnected client_id=2
2026-07-31T04:40:10.927392Z  INFO herdr::server::headless: client connected client_id=4 cols=173 rows=42 cell_width_px=0 cell_height_px=0 render_encoding=SemanticFrame
2026-07-31T04:40:56.714618Z  INFO herdr::server::headless: client disconnected client_id=4
2026-07-31T04:42:30.805802Z  INFO herdr::api::server: api server listening path=/home/btw/.config/herdr/herdr.sock
2026-07-31T04:42:30.813506Z  INFO herdr::logging: spawning pane terminal event="pane.spawn.start" subsystem="pane" outcome="started" pane_id=1 rows=24 cols=80 scrollback_limit_bytes=10000000
2026-07-31T04:42:30.819826Z  INFO herdr::logging: pane child spawned event="pane.spawned" subsystem="pane" outcome="ok" pane_id=1 pid=6635
2026-07-31T04:42:30.822705Z  INFO herdr::logging: spawning pane terminal event="pane.spawn.start" subsystem="pane" outcome="started" pane_id=2 rows=24 cols=80 scrollback_limit_bytes=10000000
2026-07-31T04:42:30.823371Z  INFO herdr::logging: pane child spawned event="pane.spawned" subsystem="pane" outcome="ok" pane_id=2 pid=6638
2026-07-31T04:42:30.827378Z  INFO herdr::logging: spawning pane terminal event="pane.spawn.start" subsystem="pane" outcome="started" pane_id=3 rows=24 cols=80 scrollback_limit_bytes=10000000
2026-07-31T04:42:30.828051Z  INFO herdr::logging: pane child spawned event="pane.spawned" subsystem="pane" outcome="ok" pane_id=3 pid=6641
2026-07-31T04:42:30.828255Z  INFO herdr::logging: spawning pane terminal event="pane.spawn.start" subsystem="pane" outcome="started" pane_id=4 rows=24 cols=80 scrollback_limit_bytes=10000000
2026-07-31T04:42:30.828986Z  INFO herdr::logging: pane child spawned event="pane.spawned" subsystem="pane" outcome="ok" pane_id=4 pid=6644
2026-07-31T04:42:30.829169Z  INFO herdr::logging: spawning pane terminal event="pane.spawn.start" subsystem="pane" outcome="started" pane_id=5 rows=24 cols=80 scrollback_limit_bytes=10000000
2026-07-31T04:42:30.829833Z  INFO herdr::logging: pane child spawned event="pane.spawned" subsystem="pane" outcome="ok" pane_id=5 pid=6647
2026-07-31T04:42:30.836273Z  INFO herdr::logging: spawning pane terminal event="pane.spawn.start" subsystem="pane" outcome="started" pane_id=6 rows=24 cols=80 scrollback_limit_bytes=10000000
2026-07-31T04:42:30.837070Z  INFO herdr::logging: pane child spawned event="pane.spawned" subsystem="pane" outcome="ok" pane_id=6 pid=6650
2026-07-31T04:42:30.837271Z  INFO herdr::logging: spawning pane terminal event="pane.spawn.start" subsystem="pane" outcome="started" pane_id=7 rows=24 cols=80 scrollback_limit_bytes=10000000
2026-07-31T04:42:30.838048Z  INFO herdr::logging: pane child spawned event="pane.spawned" subsystem="pane" outcome="ok" pane_id=7 pid=6653
2026-07-31T04:42:30.838253Z  INFO herdr::logging: spawning pane terminal event="pane.spawn.start" subsystem="pane" outcome="started" pane_id=8 rows=24 cols=80 scrollback_limit_bytes=10000000
2026-07-31T04:42:30.839094Z  INFO herdr::logging: pane child spawned event="pane.spawned" subsystem="pane" outcome="ok" pane_id=8 pid=6656
2026-07-31T04:42:30.843891Z  INFO herdr::logging: session restore evaluated event="persist.restore" subsystem="persist" outcome="ok" workspaces=3
2026-07-31T04:42:30.843914Z  INFO herdr::app: using pane scrollback configuration pane_scrollback_limit_bytes=10000000
2026-07-31T04:42:30.951689Z  INFO herdr::logging: checking for updates event="update.check.start" subsystem="update" outcome="started"
2026-07-31T04:42:30.955802Z  INFO herdr::server::headless: restored session already has workspaces; ignoring startup cwd cwd=/home/btw
2026-07-31T04:42:30.956492Z  INFO herdr::server::headless: client protocol socket listening path=/home/btw/.config/herdr/herdr-client.sock
2026-07-31T04:42:30.956517Z  INFO herdr::server::headless: herdr server started api_socket=/home/btw/.config/herdr/herdr.sock client_socket=/home/btw/.config/herdr/herdr-client.sock
2026-07-31T04:42:30.961478Z  INFO herdr::logging: herdr starting event="app.startup" subsystem="server" outcome="started" pid=6621
2026-07-31T04:42:31.186318Z  INFO herdr::server::headless: client connected client_id=2 cols=173 rows=42 cell_width_px=0 cell_height_px=0 render_encoding=SemanticFrame
2026-07-31T04:45:08.696619Z  INFO herdr::server::headless: client disconnected client_id=2
2026-07-31T04:50:37.821382Z  INFO herdr::api::server: api server listening path=/home/btw/.config/herdr/herdr.sock
2026-07-31T04:50:37.829197Z  INFO herdr::logging: spawning pane terminal event="pane.spawn.start" subsystem="pane" outcome="started" pane_id=1 rows=24 cols=80 scrollback_limit_bytes=10000000
2026-07-31T04:50:37.835977Z  INFO herdr::logging: pane child spawned event="pane.spawned" subsystem="pane" outcome="ok" pane_id=1 pid=8631
2026-07-31T04:50:37.839422Z  INFO herdr::logging: spawning pane terminal event="pane.spawn.start" subsystem="pane" outcome="started" pane_id=2 rows=24 cols=80 scrollback_limit_bytes=10000000
2026-07-31T04:50:37.840142Z  INFO herdr::logging: pane child spawned event="pane.spawned" subsystem="pane" outcome="ok" pane_id=2 pid=8634
2026-07-31T04:50:37.843678Z  INFO herdr::logging: spawning pane terminal event="pane.spawn.start" subsystem="pane" outcome="started" pane_id=3 rows=24 cols=80 scrollback_limit_bytes=10000000
2026-07-31T04:50:37.844305Z  INFO herdr::logging: pane child spawned event="pane.spawned" subsystem="pane" outcome="ok" pane_id=3 pid=8637
2026-07-31T04:50:37.844534Z  INFO herdr::logging: spawning pane terminal event="pane.spawn.start" subsystem="pane" outcome="started" pane_id=4 rows=24 cols=80 scrollback_limit_bytes=10000000
2026-07-31T04:50:37.845298Z  INFO herdr::logging: pane child spawned event="pane.spawned" subsystem="pane" outcome="ok" pane_id=4 pid=8640
2026-07-31T04:50:37.845470Z  INFO herdr::logging: spawning pane terminal event="pane.spawn.start" subsystem="pane" outcome="started" pane_id=5 rows=24 cols=80 scrollback_limit_bytes=10000000
2026-07-31T04:50:37.846110Z  INFO herdr::logging: pane child spawned event="pane.spawned" subsystem="pane" outcome="ok" pane_id=5 pid=8643
2026-07-31T04:50:37.851066Z  INFO herdr::logging: spawning pane terminal event="pane.spawn.start" subsystem="pane" outcome="started" pane_id=6 rows=24 cols=80 scrollback_limit_bytes=10000000
2026-07-31T04:50:37.851829Z  INFO herdr::logging: pane child spawned event="pane.spawned" subsystem="pane" outcome="ok" pane_id=6 pid=8646
2026-07-31T04:50:37.852027Z  INFO herdr::logging: spawning pane terminal event="pane.spawn.start" subsystem="pane" outcome="started" pane_id=7 rows=24 cols=80 scrollback_limit_bytes=10000000
2026-07-31T04:50:37.852741Z  INFO herdr::logging: pane child spawned event="pane.spawned" subsystem="pane" outcome="ok" pane_id=7 pid=8649
2026-07-31T04:50:37.852950Z  INFO herdr::logging: spawning pane terminal event="pane.spawn.start" subsystem="pane" outcome="started" pane_id=8 rows=24 cols=80 scrollback_limit_bytes=10000000
2026-07-31T04:50:37.853829Z  INFO herdr::logging: pane child spawned event="pane.spawned" subsystem="pane" outcome="ok" pane_id=8 pid=8652
2026-07-31T04:50:37.858671Z  INFO herdr::logging: session restore evaluated event="persist.restore" subsystem="persist" outcome="ok" workspaces=3
2026-07-31T04:50:37.858689Z  INFO herdr::app: using pane scrollback configuration pane_scrollback_limit_bytes=10000000
2026-07-31T04:50:37.974744Z  INFO herdr::logging: checking for updates event="update.check.start" subsystem="update" outcome="started"
2026-07-31T04:50:37.978570Z  INFO herdr::server::headless: restored session already has workspaces; ignoring startup cwd cwd=/home/btw
2026-07-31T04:50:37.979000Z  INFO herdr::server::headless: client protocol socket listening path=/home/btw/.config/herdr/herdr-client.sock
2026-07-31T04:50:37.979025Z  INFO herdr::server::headless: herdr server started api_socket=/home/btw/.config/herdr/herdr.sock client_socket=/home/btw/.config/herdr/herdr-client.sock
2026-07-31T04:50:37.983596Z  INFO herdr::logging: herdr starting event="app.startup" subsystem="server" outcome="started" pid=8617
2026-07-31T04:50:38.187713Z  INFO herdr::server::headless: client connected client_id=2 cols=173 rows=42 cell_width_px=0 cell_height_px=0 render_encoding=SemanticFrame
2026-07-31T04:50:41.590746Z  INFO herdr::logging: workspace focused event="workspace.focus" subsystem="workspace" outcome="ok" workspace_id="wD"
2026-07-31T04:50:41.590782Z  INFO herdr::logging: tab focused event="tab.focus" subsystem="tab" outcome="ok" workspace_id="wD" tab_id="wD:t3"
2026-07-31T04:50:43.672370Z  INFO herdr::logging: tab focused event="tab.focus" subsystem="tab" outcome="ok" workspace_id="wD" tab_id="wD:t1"
2026-07-31T04:50:44.454833Z  INFO herdr::logging: tab focused event="tab.focus" subsystem="tab" outcome="ok" workspace_id="wD" tab_id="wD:t2"
2026-07-31T04:50:45.987681Z  INFO herdr::logging: tab focused event="tab.focus" subsystem="tab" outcome="ok" workspace_id="wD" tab_id="wD:t3"
2026-07-31T04:50:46.636669Z  INFO herdr::logging: tab focused event="tab.focus" subsystem="tab" outcome="ok" workspace_id="wD" tab_id="wD:t1"
2026-07-31T04:50:49.634643Z  INFO herdr::logging: workspace focused event="workspace.focus" subsystem="workspace" outcome="ok" workspace_id="wB"
2026-07-31T04:50:49.634691Z  INFO herdr::logging: tab focused event="tab.focus" subsystem="tab" outcome="ok" workspace_id="wB" tab_id="wB:t1"
2026-07-31T04:50:54.638553Z  INFO herdr::logging: session saved event="persist.save" subsystem="persist" outcome="ok" path=/home/btw/.config/herdr/session.json workspaces=3
2026-07-31T05:01:00.774943Z  INFO herdr::server::headless: client resize client_id=2 cols=85 rows=41 cell_width_px=0 cell_height_px=0
2026-07-31T05:01:03.177802Z  INFO herdr::server::headless: client resize client_id=2 cols=172 rows=41 cell_width_px=0 cell_height_px=0
2026-07-31T05:01:03.377970Z  INFO herdr::server::headless: client resize client_id=2 cols=85 rows=41 cell_width_px=0 cell_height_px=0
2026-07-31T05:01:04.882157Z  INFO herdr::server::headless: client resize client_id=2 cols=172 rows=41 cell_width_px=0 cell_height_px=0
2026-07-31T05:04:29.725125Z  INFO herdr::server::headless: client disconnected client_id=2
2026-07-31T05:04:59.631972Z  INFO herdr::server::headless: client connected client_id=4 cols=173 rows=42 cell_width_px=0 cell_height_px=0 render_encoding=SemanticFrame
2026-07-31T05:05:23.694160Z  INFO herdr::server::headless: client disconnected client_id=4
2026-07-31T05:05:38.263498Z  INFO herdr::server::headless: client connected client_id=6 cols=173 rows=42 cell_width_px=0 cell_height_px=0 render_encoding=SemanticFrame
2026-07-31T05:05:41.324056Z  INFO herdr::server::headless: client disconnected client_id=6
2026-07-31T05:06:01.170394Z  INFO herdr::server::headless: client connected client_id=8 cols=173 rows=42 cell_width_px=0 cell_height_px=0 render_encoding=SemanticFrame
2026-07-31T05:06:40.341204Z  INFO herdr::server::headless: client disconnected client_id=8
2026-07-31T05:06:43.860277Z  INFO herdr::server::headless: client connected client_id=10 cols=173 rows=42 cell_width_px=0 cell_height_px=0 render_encoding=SemanticFrame
2026-07-31T05:07:19.128031Z  INFO herdr::server::headless: client disconnected client_id=10
2026-07-31T05:07:20.887111Z  INFO herdr::server::headless: client connected client_id=12 cols=173 rows=42 cell_width_px=0 cell_height_px=0 render_encoding=SemanticFrame
2026-07-31T05:07:22.205809Z  INFO herdr::server::headless: client disconnected client_id=12
2026-07-31T05:14:45.296670Z  INFO herdr::server::headless: client connected client_id=14 cols=173 rows=42 cell_width_px=0 cell_height_px=0 render_encoding=SemanticFrame
2026-07-31T05:17:09.179180Z  INFO herdr::server::headless: client resize client_id=14 cols=172 rows=41 cell_width_px=0 cell_height_px=0
2026-07-31T05:20:03.855769Z  INFO herdr::server::headless: client disconnected client_id=14
2026-07-31T05:20:04.610900Z  INFO herdr::server::headless: client connected client_id=16 cols=173 rows=42 cell_width_px=0 cell_height_px=0 render_encoding=SemanticFrame
2026-07-31T05:20:37.976102Z  INFO herdr::logging: checking for updates event="update.check.start" subsystem="update" outcome="started"
2026-07-31T05:50:37.977406Z  INFO herdr::logging: checking for updates event="update.check.start" subsystem="update" outcome="started"
2026-07-31T05:54:49.021235Z  INFO herdr::logging: spawning pane terminal event="pane.spawn.start" subsystem="pane" outcome="started" pane_id=9 rows=41 cols=145 scrollback_limit_bytes=10000000
2026-07-31T05:54:49.022698Z  INFO herdr::logging: pane child spawned event="pane.spawned" subsystem="pane" outcome="ok" pane_id=9 pid=82068
2026-07-31T05:54:49.022986Z  INFO herdr::logging: tab focused event="tab.focus" subsystem="tab" outcome="ok" workspace_id="wB" tab_id="wB:t6"
2026-07-31T05:54:51.706237Z  INFO herdr::logging: api request received event="api.request.start" subsystem="api" outcome="started" request_id="cli:workspace:focus" method="workspace.focus" changes_ui=true
2026-07-31T05:54:51.706286Z  INFO herdr::logging: workspace focused event="workspace.focus" subsystem="workspace" outcome="ok" workspace_id="wB"
2026-07-31T05:54:51.706306Z  INFO herdr::logging: tab focused event="tab.focus" subsystem="tab" outcome="ok" workspace_id="wB" tab_id="wB:t6"
2026-07-31T05:54:51.706328Z  INFO herdr::logging: api request completed event="api.request.complete" subsystem="api" outcome="ok" request_id="cli:workspace:focus" method="workspace.focus"
2026-07-31T05:54:56.708425Z  INFO herdr::logging: session saved event="persist.save" subsystem="persist" outcome="ok" path=/home/btw/.config/herdr/session.json workspaces=3
2026-07-31T05:55:13.722541Z  INFO herdr::logging: pane child exited event="pane.exit" subsystem="pane" outcome="completed" pane_id=9 status="ExitStatus { code: 1, signal: None }"
2026-07-31T05:55:13.727513Z  INFO herdr::pane: pane session terminated pane=9 pid=82068 signal=Hangup
2026-07-31T05:55:13.727956Z  WARN herdr::app::actions: PaneDied for unknown pane pane=9
2026-07-31T05:55:15.040884Z  INFO herdr::logging: tab focused event="tab.focus" subsystem="tab" outcome="ok" workspace_id="wB" tab_id="wB:t1"
2026-07-31T05:55:20.043620Z  INFO herdr::logging: session saved event="persist.save" subsystem="persist" outcome="ok" path=/home/btw/.config/herdr/session.json workspaces=3
2026-07-31T05:58:27.909336Z  INFO herdr::logging: spawning pane terminal event="pane.spawn.start" subsystem="pane" outcome="started" pane_id=10 rows=41 cols=145 scrollback_limit_bytes=10000000
2026-07-31T05:58:27.910749Z  INFO herdr::logging: pane child spawned event="pane.spawned" subsystem="pane" outcome="ok" pane_id=10 pid=84529
2026-07-31T05:58:27.911012Z  INFO herdr::logging: tab focused event="tab.focus" subsystem="tab" outcome="ok" workspace_id="wB" tab_id="wB:t7"
2026-07-31T05:58:31.503202Z  INFO herdr::logging: pane child exited event="pane.exit" subsystem="pane" outcome="completed" pane_id=10 status="ExitStatus { code: 1, signal: None }"
2026-07-31T05:58:31.507874Z  INFO herdr::pane: pane session terminated pane=10 pid=84529 signal=Hangup
2026-07-31T05:58:31.508261Z  WARN herdr::app::actions: PaneDied for unknown pane pane=10
2026-07-31T05:58:32.486108Z  INFO herdr::logging: tab focused event="tab.focus" subsystem="tab" outcome="ok" workspace_id="wB" tab_id="wB:t1"
2026-07-31T05:58:37.488455Z  INFO herdr::logging: session saved event="persist.save" subsystem="persist" outcome="ok" path=/home/btw/.config/herdr/session.json workspaces=3
2026-07-31T06:01:26.701866Z  INFO herdr::app::actions: copied selection to clipboard
2026-07-31T06:06:14.073640Z  INFO herdr::server::headless: server shutdown initiated
2026-07-31T06:06:14.123742Z  INFO herdr::server::headless: completing server shutdown
2026-07-31T06:06:14.174360Z  INFO herdr::logging: session saved event="persist.save" subsystem="persist" outcome="ok" path=/home/btw/.config/herdr/session.json workspaces=3
2026-07-31T06:06:14.174381Z  INFO herdr::server::headless: headless server exiting
2026-07-31T06:06:14.176893Z  INFO herdr::logging: pane child exited event="pane.exit" subsystem="pane" outcome="completed" pane_id=1 status="ExitStatus { code: 1, signal: None }"
2026-07-31T06:06:14.179742Z  INFO herdr::pane: pane session terminated pane=1 pid=8631 signal=Hangup
2026-07-31T06:06:14.180915Z  INFO herdr::logging: pane child exited event="pane.exit" subsystem="pane" outcome="completed" pane_id=7 status="ExitStatus { code: 1, signal: None }"
2026-07-31T06:06:14.185096Z  INFO herdr::pane: pane session terminated pane=7 pid=8649 signal=Hangup
2026-07-31T06:06:14.186632Z  INFO herdr::logging: pane child exited event="pane.exit" subsystem="pane" outcome="completed" pane_id=8 status="ExitStatus { code: 1, signal: None }"
2026-07-31T06:06:14.190356Z  INFO herdr::pane: pane session terminated pane=8 pid=8652 signal=Hangup
2026-07-31T06:06:14.191313Z  INFO herdr::logging: pane child exited event="pane.exit" subsystem="pane" outcome="completed" pane_id=3 status="ExitStatus { code: 1, signal: None }"
2026-07-31T06:06:14.195632Z  INFO herdr::pane: pane session terminated pane=3 pid=8637 signal=Hangup
2026-07-31T06:06:14.196470Z  INFO herdr::logging: pane child exited event="pane.exit" subsystem="pane" outcome="completed" pane_id=4 status="ExitStatus { code: 1, signal: None }"
2026-07-31T06:06:14.200861Z  INFO herdr::pane: pane session terminated pane=4 pid=8640 signal=Hangup
2026-07-31T06:06:14.201673Z  INFO herdr::logging: pane child exited event="pane.exit" subsystem="pane" outcome="completed" pane_id=2 status="ExitStatus { code: 1, signal: None }"
2026-07-31T06:06:14.205862Z  INFO herdr::pane: pane session terminated pane=2 pid=8634 signal=Hangup
2026-07-31T06:06:14.206745Z  INFO herdr::logging: pane child exited event="pane.exit" subsystem="pane" outcome="completed" pane_id=5 status="ExitStatus { code: 1, signal: None }"
2026-07-31T06:06:14.211102Z  INFO herdr::pane: pane session terminated pane=5 pid=8643 signal=Hangup
2026-07-31T06:06:14.212703Z  INFO herdr::logging: pane child exited event="pane.exit" subsystem="pane" outcome="completed" pane_id=6 status="ExitStatus { code: 1, signal: None }"
2026-07-31T06:06:14.216004Z  INFO herdr::pane: pane session terminated pane=6 pid=8646 signal=Hangup
2026-07-31T06:06:14.220009Z  INFO herdr::logging: herdr exiting event="app.shutdown" subsystem="server" outcome="completed" pid=8617
2026-07-31T06:06:15.612150Z  INFO herdr::api::server: api server listening path=/home/btw/.config/herdr/herdr.sock
2026-07-31T06:06:15.613066Z  INFO herdr::logging: spawning pane terminal event="pane.spawn.start" subsystem="pane" outcome="started" pane_id=1 rows=24 cols=80 scrollback_limit_bytes=10000000
2026-07-31T06:06:15.613779Z  INFO herdr::logging: pane child spawned event="pane.spawned" subsystem="pane" outcome="ok" pane_id=1 pid=102213
2026-07-31T06:06:15.613993Z  INFO herdr::logging: spawning pane terminal event="pane.spawn.start" subsystem="pane" outcome="started" pane_id=2 rows=24 cols=80 scrollback_limit_bytes=10000000
2026-07-31T06:06:15.614652Z  INFO herdr::logging: pane child spawned event="pane.spawned" subsystem="pane" outcome="ok" pane_id=2 pid=102216
2026-07-31T06:06:15.614919Z  INFO herdr::logging: spawning pane terminal event="pane.spawn.start" subsystem="pane" outcome="started" pane_id=3 rows=24 cols=80 scrollback_limit_bytes=10000000
2026-07-31T06:06:15.615582Z  INFO herdr::logging: pane child spawned event="pane.spawned" subsystem="pane" outcome="ok" pane_id=3 pid=102219
2026-07-31T06:06:15.615768Z  INFO herdr::logging: spawning pane terminal event="pane.spawn.start" subsystem="pane" outcome="started" pane_id=4 rows=24 cols=80 scrollback_limit_bytes=10000000
2026-07-31T06:06:15.616422Z  INFO herdr::logging: pane child spawned event="pane.spawned" subsystem="pane" outcome="ok" pane_id=4 pid=102222
2026-07-31T06:06:15.616576Z  INFO herdr::logging: spawning pane terminal event="pane.spawn.start" subsystem="pane" outcome="started" pane_id=5 rows=24 cols=80 scrollback_limit_bytes=10000000
2026-07-31T06:06:15.617304Z  INFO herdr::logging: pane child spawned event="pane.spawned" subsystem="pane" outcome="ok" pane_id=5 pid=102225
2026-07-31T06:06:15.617579Z  INFO herdr::logging: spawning pane terminal event="pane.spawn.start" subsystem="pane" outcome="started" pane_id=6 rows=24 cols=80 scrollback_limit_bytes=10000000
2026-07-31T06:06:15.618318Z  INFO herdr::logging: pane child spawned event="pane.spawned" subsystem="pane" outcome="ok" pane_id=6 pid=102228
2026-07-31T06:06:15.618555Z  INFO herdr::logging: spawning pane terminal event="pane.spawn.start" subsystem="pane" outcome="started" pane_id=7 rows=24 cols=80 scrollback_limit_bytes=10000000
2026-07-31T06:06:15.619506Z  INFO herdr::logging: pane child spawned event="pane.spawned" subsystem="pane" outcome="ok" pane_id=7 pid=102231
2026-07-31T06:06:15.619725Z  INFO herdr::logging: spawning pane terminal event="pane.spawn.start" subsystem="pane" outcome="started" pane_id=8 rows=24 cols=80 scrollback_limit_bytes=10000000
2026-07-31T06:06:15.620770Z  INFO herdr::logging: pane child spawned event="pane.spawned" subsystem="pane" outcome="ok" pane_id=8 pid=102234
2026-07-31T06:06:15.621087Z  INFO herdr::logging: session restore evaluated event="persist.restore" subsystem="persist" outcome="ok" workspaces=3
2026-07-31T06:06:15.621109Z  INFO herdr::app: using pane scrollback configuration pane_scrollback_limit_bytes=10000000
2026-07-31T06:06:15.708802Z  INFO herdr::logging: checking for updates event="update.check.start" subsystem="update" outcome="started"
2026-07-31T06:06:15.711076Z  INFO herdr::server::headless: restored session already has workspaces; ignoring startup cwd cwd=/home/btw
2026-07-31T06:06:15.711171Z  INFO herdr::server::headless: client protocol socket listening path=/home/btw/.config/herdr/herdr-client.sock
2026-07-31T06:06:15.711197Z  INFO herdr::server::headless: herdr server started api_socket=/home/btw/.config/herdr/herdr.sock client_socket=/home/btw/.config/herdr/herdr-client.sock
2026-07-31T06:06:15.711491Z  INFO herdr::logging: herdr starting event="app.startup" subsystem="server" outcome="started" pid=102196
2026-07-31T06:06:15.713987Z  INFO herdr::server::headless: client connected client_id=2 cols=173 rows=42 cell_width_px=11 cell_height_px=25 render_encoding=SemanticFrame
2026-07-31T06:16:20.158877Z  INFO herdr::logging: workspace focused event="workspace.focus" subsystem="workspace" outcome="ok" workspace_id="wD"
2026-07-31T06:16:20.158913Z  INFO herdr::logging: tab focused event="tab.focus" subsystem="tab" outcome="ok" workspace_id="wD" tab_id="wD:t2"
2026-07-31T06:16:25.161350Z  INFO herdr::logging: session saved event="persist.save" subsystem="persist" outcome="ok" path=/home/btw/.config/herdr/session.json workspaces=3
2026-07-31T06:16:30.542770Z  INFO herdr::server::headless: client disconnected client_id=2
2026-07-31T06:16:45.611545Z  INFO herdr::server::headless: client connected client_id=4 cols=173 rows=42 cell_width_px=11 cell_height_px=25 render_encoding=SemanticFrame
2026-07-31T06:16:49.613760Z  INFO herdr::logging: workspace focused event="workspace.focus" subsystem="workspace" outcome="ok" workspace_id="wB"
2026-07-31T06:16:49.613805Z  INFO herdr::logging: tab focused event="tab.focus" subsystem="tab" outcome="ok" workspace_id="wB" tab_id="wB:t1"
2026-07-31T06:16:54.616203Z  INFO herdr::logging: session saved event="persist.save" subsystem="persist" outcome="ok" path=/home/btw/.config/herdr/session.json workspaces=3
2026-07-31T06:17:22.987063Z  INFO herdr::server::headless: client disconnected client_id=4
2026-07-31T15:22:30.602858Z  INFO herdr::api::server: api server listening path=/home/btw/.config/herdr/herdr.sock
2026-07-31T15:22:30.634682Z  INFO herdr::logging: spawning pane terminal event="pane.spawn.start" subsystem="pane" outcome="started" pane_id=1 rows=24 cols=80 scrollback_limit_bytes=10000000
2026-07-31T15:22:30.686956Z  INFO herdr::logging: pane child spawned event="pane.spawned" subsystem="pane" outcome="ok" pane_id=1 pid=8890
2026-07-31T15:22:30.694701Z  INFO herdr::logging: spawning pane terminal event="pane.spawn.start" subsystem="pane" outcome="started" pane_id=2 rows=24 cols=80 scrollback_limit_bytes=10000000
2026-07-31T15:22:30.695439Z  INFO herdr::logging: pane child spawned event="pane.spawned" subsystem="pane" outcome="ok" pane_id=2 pid=8893
2026-07-31T15:22:30.705844Z  INFO herdr::logging: spawning pane terminal event="pane.spawn.start" subsystem="pane" outcome="started" pane_id=3 rows=24 cols=80 scrollback_limit_bytes=10000000
2026-07-31T15:22:30.706590Z  INFO herdr::logging: pane child spawned event="pane.spawned" subsystem="pane" outcome="ok" pane_id=3 pid=8896
2026-07-31T15:22:30.706824Z  INFO herdr::logging: spawning pane terminal event="pane.spawn.start" subsystem="pane" outcome="started" pane_id=4 rows=24 cols=80 scrollback_limit_bytes=10000000
2026-07-31T15:22:30.707486Z  INFO herdr::logging: pane child spawned event="pane.spawned" subsystem="pane" outcome="ok" pane_id=4 pid=8899
2026-07-31T15:22:30.707691Z  INFO herdr::logging: spawning pane terminal event="pane.spawn.start" subsystem="pane" outcome="started" pane_id=5 rows=24 cols=80 scrollback_limit_bytes=10000000
2026-07-31T15:22:30.708366Z  INFO herdr::logging: pane child spawned event="pane.spawned" subsystem="pane" outcome="ok" pane_id=5 pid=8902
2026-07-31T15:22:30.723651Z  INFO herdr::logging: spawning pane terminal event="pane.spawn.start" subsystem="pane" outcome="started" pane_id=6 rows=24 cols=80 scrollback_limit_bytes=10000000
2026-07-31T15:22:30.724439Z  INFO herdr::logging: pane child spawned event="pane.spawned" subsystem="pane" outcome="ok" pane_id=6 pid=8905
2026-07-31T15:22:30.724677Z  INFO herdr::logging: spawning pane terminal event="pane.spawn.start" subsystem="pane" outcome="started" pane_id=7 rows=24 cols=80 scrollback_limit_bytes=10000000
2026-07-31T15:22:30.725610Z  INFO herdr::logging: pane child spawned event="pane.spawned" subsystem="pane" outcome="ok" pane_id=7 pid=8909
2026-07-31T15:22:30.725860Z  INFO herdr::logging: spawning pane terminal event="pane.spawn.start" subsystem="pane" outcome="started" pane_id=8 rows=24 cols=80 scrollback_limit_bytes=10000000
2026-07-31T15:22:30.726720Z  INFO herdr::logging: pane child spawned event="pane.spawned" subsystem="pane" outcome="ok" pane_id=8 pid=8912
2026-07-31T15:22:30.749901Z  INFO herdr::logging: session restore evaluated event="persist.restore" subsystem="persist" outcome="ok" workspaces=3
2026-07-31T15:22:30.749931Z  INFO herdr::app: using pane scrollback configuration pane_scrollback_limit_bytes=10000000
2026-07-31T15:22:31.095577Z  INFO herdr::logging: checking for updates event="update.check.start" subsystem="update" outcome="started"
2026-07-31T15:22:31.103385Z  INFO herdr::server::headless: restored session already has workspaces; ignoring startup cwd cwd=/home/btw
2026-07-31T15:22:31.108686Z  INFO herdr::server::headless: client protocol socket listening path=/home/btw/.config/herdr/herdr-client.sock
2026-07-31T15:22:31.108718Z  INFO herdr::server::headless: herdr server started api_socket=/home/btw/.config/herdr/herdr.sock client_socket=/home/btw/.config/herdr/herdr-client.sock
2026-07-31T15:22:31.130418Z  INFO herdr::logging: herdr starting event="app.startup" subsystem="server" outcome="started" pid=8874
2026-07-31T15:22:31.175287Z  INFO herdr::server::headless: client connected client_id=2 cols=173 rows=42 cell_width_px=11 cell_height_px=25 render_encoding=SemanticFrame
2026-07-31T15:25:52.714097Z  INFO herdr::server::headless: client disconnected client_id=2
2026-07-31T15:25:53.216698Z  INFO herdr::server::headless: client connected client_id=4 cols=173 rows=42 cell_width_px=11 cell_height_px=25 render_encoding=SemanticFrame
2026-07-31T15:26:02.258741Z  INFO herdr::server::headless: client disconnected client_id=4
2026-07-31T15:26:02.762627Z  INFO herdr::server::headless: client connected client_id=6 cols=173 rows=42 cell_width_px=11 cell_height_px=25 render_encoding=SemanticFrame
2026-07-31T15:26:09.790319Z  INFO herdr::server::headless: client disconnected client_id=6
2026-07-31T15:26:10.294088Z  INFO herdr::server::headless: client connected client_id=8 cols=173 rows=42 cell_width_px=11 cell_height_px=25 render_encoding=SemanticFrame
2026-07-31T15:26:13.927521Z  INFO herdr::server::headless: client disconnected client_id=8
2026-07-31T15:26:14.682466Z  INFO herdr::server::headless: client connected client_id=10 cols=173 rows=42 cell_width_px=11 cell_height_px=25 render_encoding=SemanticFrame
2026-07-31T15:26:19.118805Z  INFO herdr::server::headless: client disconnected client_id=10
2026-07-31T15:26:19.621472Z  INFO herdr::server::headless: client connected client_id=12 cols=173 rows=42 cell_width_px=11 cell_height_px=25 render_encoding=SemanticFrame
2026-07-31T15:26:22.854920Z  INFO herdr::server::headless: client disconnected client_id=12
2026-07-31T15:26:23.609110Z  INFO herdr::server::headless: client connected client_id=14 cols=173 rows=42 cell_width_px=11 cell_height_px=25 render_encoding=SemanticFrame
2026-07-31T15:26:33.563526Z  INFO herdr::server::headless: client disconnected client_id=14
2026-07-31T15:26:34.067007Z  INFO herdr::server::headless: client connected client_id=16 cols=173 rows=42 cell_width_px=11 cell_height_px=25 render_encoding=SemanticFrame
2026-07-31T15:26:41.816130Z  INFO herdr::logging: tab focused event="tab.focus" subsystem="tab" outcome="ok" workspace_id="wB" tab_id="wB:t2"
2026-07-31T15:26:42.465090Z  INFO herdr::logging: tab focused event="tab.focus" subsystem="tab" outcome="ok" workspace_id="wB" tab_id="wB:t1"
2026-07-31T15:26:45.989989Z  INFO herdr::logging: workspace focused event="workspace.focus" subsystem="workspace" outcome="ok" workspace_id="wD"
2026-07-31T15:26:45.990025Z  INFO herdr::logging: tab focused event="tab.focus" subsystem="tab" outcome="ok" workspace_id="wD" tab_id="wD:t1"
2026-07-31T15:26:50.992720Z  INFO herdr::logging: session saved event="persist.save" subsystem="persist" outcome="ok" path=/home/btw/.config/herdr/session.json workspaces=3
2026-07-31T15:27:32.156955Z  INFO herdr::server::headless: client disconnected client_id=16
2026-07-31T15:27:32.659951Z  INFO herdr::server::headless: client connected client_id=18 cols=173 rows=42 cell_width_px=11 cell_height_px=25 render_encoding=SemanticFrame
2026-07-31T15:27:41.133592Z  INFO herdr::server::headless: client disconnected client_id=18
2026-07-31T15:27:41.636703Z  INFO herdr::server::headless: client connected client_id=20 cols=173 rows=42 cell_width_px=11 cell_height_px=25 render_encoding=SemanticFrame
2026-07-31T15:27:46.462009Z  INFO herdr::server::headless: client disconnected client_id=20
2026-07-31T15:27:47.215939Z  INFO herdr::server::headless: client connected client_id=22 cols=173 rows=42 cell_width_px=11 cell_height_px=25 render_encoding=SemanticFrame
2026-07-31T15:52:31.094573Z  INFO herdr::logging: checking for updates event="update.check.start" subsystem="update" outcome="started"
2026-07-31T16:22:31.095864Z  INFO herdr::logging: checking for updates event="update.check.start" subsystem="update" outcome="started"
2026-07-31T16:36:24.986446Z  INFO herdr::server::headless: client disconnected client_id=22
2026-07-31T16:36:25.489664Z  INFO herdr::server::headless: client connected client_id=24 cols=146 rows=38 cell_width_px=13 cell_height_px=28 render_encoding=SemanticFrame
2026-07-31T16:36:32.090121Z  INFO herdr::server::headless: client disconnected client_id=24
2026-07-31T16:36:32.844076Z  INFO herdr::server::headless: client connected client_id=26 cols=158 rows=40 cell_width_px=12 cell_height_px=26 render_encoding=SemanticFrame
2026-07-31T16:36:43.160879Z  INFO herdr::server::headless: client disconnected client_id=26
2026-07-31T16:36:43.663834Z  INFO herdr::server::headless: client connected client_id=28 cols=173 rows=42 cell_width_px=11 cell_height_px=25 render_encoding=SemanticFrame
2026-07-31T21:03:53.689298Z  INFO herdr::api::server: api server listening path=/home/btw/.config/herdr/herdr.sock
2026-07-31T21:03:53.696944Z  INFO herdr::logging: spawning pane terminal event="pane.spawn.start" subsystem="pane" outcome="started" pane_id=1 rows=24 cols=80 scrollback_limit_bytes=10000000
2026-07-31T21:03:53.703445Z  INFO herdr::logging: pane child spawned event="pane.spawned" subsystem="pane" outcome="ok" pane_id=1 pid=6692
2026-07-31T21:03:53.706798Z  INFO herdr::logging: spawning pane terminal event="pane.spawn.start" subsystem="pane" outcome="started" pane_id=2 rows=24 cols=80 scrollback_limit_bytes=10000000
2026-07-31T21:03:53.707523Z  INFO herdr::logging: pane child spawned event="pane.spawned" subsystem="pane" outcome="ok" pane_id=2 pid=6695
2026-07-31T21:03:53.710324Z  INFO herdr::logging: spawning pane terminal event="pane.spawn.start" subsystem="pane" outcome="started" pane_id=3 rows=24 cols=80 scrollback_limit_bytes=10000000
2026-07-31T21:03:53.711014Z  INFO herdr::logging: pane child spawned event="pane.spawned" subsystem="pane" outcome="ok" pane_id=3 pid=6698
2026-07-31T21:03:53.711196Z  INFO herdr::logging: spawning pane terminal event="pane.spawn.start" subsystem="pane" outcome="started" pane_id=4 rows=24 cols=80 scrollback_limit_bytes=10000000
2026-07-31T21:03:53.711818Z  INFO herdr::logging: pane child spawned event="pane.spawned" subsystem="pane" outcome="ok" pane_id=4 pid=6701
2026-07-31T21:03:53.711985Z  INFO herdr::logging: spawning pane terminal event="pane.spawn.start" subsystem="pane" outcome="started" pane_id=5 rows=24 cols=80 scrollback_limit_bytes=10000000
2026-07-31T21:03:53.712675Z  INFO herdr::logging: pane child spawned event="pane.spawned" subsystem="pane" outcome="ok" pane_id=5 pid=6704
2026-07-31T21:03:53.718934Z  INFO herdr::logging: spawning pane terminal event="pane.spawn.start" subsystem="pane" outcome="started" pane_id=6 rows=24 cols=80 scrollback_limit_bytes=10000000
2026-07-31T21:03:53.719696Z  INFO herdr::logging: pane child spawned event="pane.spawned" subsystem="pane" outcome="ok" pane_id=6 pid=6707
2026-07-31T21:03:53.719910Z  INFO herdr::logging: spawning pane terminal event="pane.spawn.start" subsystem="pane" outcome="started" pane_id=7 rows=24 cols=80 scrollback_limit_bytes=10000000
2026-07-31T21:03:53.720619Z  INFO herdr::logging: pane child spawned event="pane.spawned" subsystem="pane" outcome="ok" pane_id=7 pid=6710
2026-07-31T21:03:53.720790Z  INFO herdr::logging: spawning pane terminal event="pane.spawn.start" subsystem="pane" outcome="started" pane_id=8 rows=24 cols=80 scrollback_limit_bytes=10000000
2026-07-31T21:03:53.721504Z  INFO herdr::logging: pane child spawned event="pane.spawned" subsystem="pane" outcome="ok" pane_id=8 pid=6713
2026-07-31T21:03:53.724379Z  INFO herdr::logging: session restore evaluated event="persist.restore" subsystem="persist" outcome="ok" workspaces=3
2026-07-31T21:03:53.724402Z  INFO herdr::app: using pane scrollback configuration pane_scrollback_limit_bytes=10000000
2026-07-31T21:03:53.838832Z  INFO herdr::logging: checking for updates event="update.check.start" subsystem="update" outcome="started"
2026-07-31T21:03:53.842505Z  INFO herdr::server::headless: restored session already has workspaces; ignoring startup cwd cwd=/home/btw
2026-07-31T21:03:53.842972Z  INFO herdr::server::headless: client protocol socket listening path=/home/btw/.config/herdr/herdr-client.sock
2026-07-31T21:03:53.842995Z  INFO herdr::server::headless: herdr server started api_socket=/home/btw/.config/herdr/herdr.sock client_socket=/home/btw/.config/herdr/herdr-client.sock
2026-07-31T21:03:53.848655Z  INFO herdr::logging: herdr starting event="app.startup" subsystem="server" outcome="started" pid=6678
2026-07-31T21:03:54.067469Z  INFO herdr::server::headless: client connected client_id=2 cols=173 rows=42 cell_width_px=11 cell_height_px=25 render_encoding=SemanticFrame
2026-07-31T21:03:58.444720Z  INFO herdr::server::headless: client disconnected client_id=2
2026-07-31T21:05:00.252948Z  INFO herdr::server::headless: client connected client_id=4 cols=173 rows=42 cell_width_px=11 cell_height_px=25 render_encoding=SemanticFrame
2026-07-31T21:05:21.032741Z  INFO herdr::logging: tab focused event="tab.focus" subsystem="tab" outcome="ok" workspace_id="wD" tab_id="wD:t2"
2026-07-31T21:05:21.692233Z  INFO herdr::logging: tab focused event="tab.focus" subsystem="tab" outcome="ok" workspace_id="wD" tab_id="wD:t1"
2026-07-31T21:05:22.980379Z  INFO herdr::logging: spawning pane terminal event="pane.spawn.start" subsystem="pane" outcome="started" pane_id=9 rows=41 cols=145 scrollback_limit_bytes=10000000
2026-07-31T21:05:22.981884Z  INFO herdr::logging: pane child spawned event="pane.spawned" subsystem="pane" outcome="ok" pane_id=9 pid=10826
2026-07-31T21:05:22.982091Z  INFO herdr::logging: tab focused event="tab.focus" subsystem="tab" outcome="ok" workspace_id="wD" tab_id="wD:t1"
2026-07-31T21:05:25.310156Z  INFO herdr::logging: spawning pane terminal event="pane.spawn.start" subsystem="pane" outcome="started" pane_id=10 rows=41 cols=73 scrollback_limit_bytes=10000000
2026-07-31T21:05:25.311447Z  INFO herdr::logging: pane child spawned event="pane.spawned" subsystem="pane" outcome="ok" pane_id=10 pid=10990
2026-07-31T21:05:25.311676Z  INFO herdr::logging: tab focused event="tab.focus" subsystem="tab" outcome="ok" workspace_id="wD" tab_id="wD:t1"
2026-07-31T21:05:25.889619Z  INFO herdr::logging: api request received event="api.request.start" subsystem="api" outcome="started" request_id="cli:workspace:focus" method="workspace.focus" changes_ui=true
2026-07-31T21:05:25.889679Z  INFO herdr::logging: workspace focused event="workspace.focus" subsystem="workspace" outcome="ok" workspace_id="wB"
2026-07-31T21:05:25.889702Z  INFO herdr::logging: tab focused event="tab.focus" subsystem="tab" outcome="ok" workspace_id="wB" tab_id="wB:t1"
2026-07-31T21:05:25.889729Z  INFO herdr::logging: api request completed event="api.request.complete" subsystem="api" outcome="ok" request_id="cli:workspace:focus" method="workspace.focus"
2026-07-31T21:05:30.892741Z  INFO herdr::logging: session saved event="persist.save" subsystem="persist" outcome="ok" path=/home/btw/.config/herdr/session.json workspaces=3
2026-07-31T21:05:33.552967Z  INFO herdr::logging: spawning pane terminal event="pane.spawn.start" subsystem="pane" outcome="started" pane_id=11 rows=41 cols=145 scrollback_limit_bytes=10000000
2026-07-31T21:05:33.554330Z  INFO herdr::logging: pane child spawned event="pane.spawned" subsystem="pane" outcome="ok" pane_id=11 pid=11218
2026-07-31T21:05:33.554549Z  INFO herdr::logging: tab focused event="tab.focus" subsystem="tab" outcome="ok" workspace_id="wB" tab_id="wB:t1"
2026-07-31T21:05:36.534136Z  INFO herdr::logging: pane child exited event="pane.exit" subsystem="pane" outcome="completed" pane_id=11 status="ExitStatus { code: 1, signal: None }"
2026-07-31T21:05:36.537787Z  INFO herdr::pane: pane session terminated pane=11 pid=11218 signal=Hangup
2026-07-31T21:05:36.538165Z  WARN herdr::app::actions: PaneDied for unknown pane pane=11
2026-07-31T21:05:41.538916Z  INFO herdr::logging: session saved event="persist.save" subsystem="persist" outcome="ok" path=/home/btw/.config/herdr/session.json workspaces=3
2026-07-31T21:05:45.044828Z  INFO herdr::logging: workspace focused event="workspace.focus" subsystem="workspace" outcome="ok" workspace_id="wC"
2026-07-31T21:05:45.044873Z  INFO herdr::logging: tab focused event="tab.focus" subsystem="tab" outcome="ok" workspace_id="wC" tab_id="wC:t5"
2026-07-31T21:05:46.618178Z  INFO herdr::pane: agent changed pane=3 previous_agent=None agent=Some(OpenCode) process=opencode pgid=Some(11449)
2026-07-31T21:05:48.605691Z  INFO herdr::logging: tab focused event="tab.focus" subsystem="tab" outcome="ok" workspace_id="wC" tab_id="wC:t2"
2026-07-31T21:05:53.608730Z  INFO herdr::logging: session saved event="persist.save" subsystem="persist" outcome="ok" path=/home/btw/.config/herdr/session.json workspaces=3
2026-07-31T21:05:56.110426Z  INFO herdr::logging: tab focused event="tab.focus" subsystem="tab" outcome="ok" workspace_id="wC" tab_id="wC:t5"
2026-07-31T21:06:01.113217Z  INFO herdr::logging: session saved event="persist.save" subsystem="persist" outcome="ok" path=/home/btw/.config/herdr/session.json workspaces=3
2026-07-31T21:06:01.631617Z  INFO herdr::logging: tab focused event="tab.focus" subsystem="tab" outcome="ok" workspace_id="wC" tab_id="wC:t5"
2026-07-31T21:06:02.785662Z  INFO herdr::logging: tab focused event="tab.focus" subsystem="tab" outcome="ok" workspace_id="wC" tab_id="wC:t2"
2026-07-31T21:06:07.788208Z  INFO herdr::logging: session saved event="persist.save" subsystem="persist" outcome="ok" path=/home/btw/.config/herdr/session.json workspaces=3
2026-07-31T21:06:10.424587Z  INFO herdr::logging: tab focused event="tab.focus" subsystem="tab" outcome="ok" workspace_id="wC" tab_id="wC:t5"
2026-07-31T21:06:15.428017Z  INFO herdr::logging: session saved event="persist.save" subsystem="persist" outcome="ok" path=/home/btw/.config/herdr/session.json workspaces=3
2026-07-31T21:06:18.151417Z  INFO herdr::logging: tab focused event="tab.focus" subsystem="tab" outcome="ok" workspace_id="wC" tab_id="wC:t2"
2026-07-31T21:06:20.078470Z  INFO herdr::logging: tab focused event="tab.focus" subsystem="tab" outcome="ok" workspace_id="wC" tab_id="wC:t3"
2026-07-31T21:06:21.601206Z  INFO herdr::logging: tab focused event="tab.focus" subsystem="tab" outcome="ok" workspace_id="wC" tab_id="wC:t2"
2026-07-31T21:06:25.857184Z  INFO herdr::logging: tab focused event="tab.focus" subsystem="tab" outcome="ok" workspace_id="wC" tab_id="wC:t5"
2026-07-31T21:06:27.702934Z  INFO herdr::pane: agent changed pane=3 previous_agent=Some(OpenCode) agent=None pgid=Some(6698)
2026-07-31T21:06:30.860362Z  INFO herdr::logging: session saved event="persist.save" subsystem="persist" outcome="ok" path=/home/btw/.config/herdr/session.json workspaces=3
2026-07-31T21:06:38.035805Z  INFO herdr::server::headless: client disconnected client_id=4
2026-07-31T21:06:40.298758Z  INFO herdr::server::headless: client connected client_id=6 cols=173 rows=42 cell_width_px=11 cell_height_px=25 render_encoding=SemanticFrame
2026-07-31T21:07:02.170805Z  INFO herdr::server::headless: client disconnected client_id=6
2026-07-31T21:07:03.428878Z  INFO herdr::server::headless: client connected client_id=8 cols=173 rows=42 cell_width_px=11 cell_height_px=25 render_encoding=SemanticFrame
2026-07-31T21:07:05.660045Z  INFO herdr::logging: workspace focused event="workspace.focus" subsystem="workspace" outcome="ok" workspace_id="wB"
2026-07-31T21:07:05.660076Z  INFO herdr::logging: tab focused event="tab.focus" subsystem="tab" outcome="ok" workspace_id="wB" tab_id="wB:t1"
2026-07-31T21:07:09.477934Z  INFO herdr::logging: workspace focused event="workspace.focus" subsystem="workspace" outcome="ok" workspace_id="wC"
2026-07-31T21:07:09.477972Z  INFO herdr::logging: tab focused event="tab.focus" subsystem="tab" outcome="ok" workspace_id="wC" tab_id="wC:t5"
2026-07-31T21:07:10.642880Z  INFO herdr::logging: tab focused event="tab.focus" subsystem="tab" outcome="ok" workspace_id="wC" tab_id="wC:t2"
2026-07-31T21:07:11.190931Z  INFO herdr::logging: tab focused event="tab.focus" subsystem="tab" outcome="ok" workspace_id="wC" tab_id="wC:t3"
2026-07-31T21:07:11.851926Z  INFO herdr::logging: tab focused event="tab.focus" subsystem="tab" outcome="ok" workspace_id="wC" tab_id="wC:t2"
2026-07-31T21:07:14.998714Z  INFO herdr::logging: tab focused event="tab.focus" subsystem="tab" outcome="ok" workspace_id="wC" tab_id="wC:t5"
2026-07-31T21:07:15.856964Z  INFO herdr::pane: agent changed pane=3 previous_agent=None agent=Some(OpenCode) process=opencode pgid=Some(12783)
2026-07-31T21:07:20.001283Z  INFO herdr::logging: session saved event="persist.save" subsystem="persist" outcome="ok" path=/home/btw/.config/herdr/session.json workspaces=3
2026-07-31T21:07:20.977398Z  INFO herdr::pane: agent changed pane=3 previous_agent=Some(OpenCode) agent=None pgid=Some(6698)
2026-07-31T21:07:21.448866Z  INFO herdr::logging: tab focused event="tab.focus" subsystem="tab" outcome="ok" workspace_id="wC" tab_id="wC:t2"
2026-07-31T21:07:21.919870Z  INFO herdr::logging: tab focused event="tab.focus" subsystem="tab" outcome="ok" workspace_id="wC" tab_id="wC:t5"
2026-07-31T21:07:26.921971Z  INFO herdr::logging: session saved event="persist.save" subsystem="persist" outcome="ok" path=/home/btw/.config/herdr/session.json workspaces=3
2026-07-31T21:07:31.929713Z  INFO herdr::logging: tab focused event="tab.focus" subsystem="tab" outcome="ok" workspace_id="wC" tab_id="wC:t2"
2026-07-31T21:07:32.602039Z  INFO herdr::logging: tab focused event="tab.focus" subsystem="tab" outcome="ok" workspace_id="wC" tab_id="wC:t5"
2026-07-31T21:07:33.127693Z  INFO herdr::logging: tab focused event="tab.focus" subsystem="tab" outcome="ok" workspace_id="wC" tab_id="wC:t2"
2026-07-31T21:07:33.922685Z  INFO herdr::logging: tab focused event="tab.focus" subsystem="tab" outcome="ok" workspace_id="wC" tab_id="wC:t5"
2026-07-31T21:07:34.404783Z  INFO herdr::logging: tab focused event="tab.focus" subsystem="tab" outcome="ok" workspace_id="wC" tab_id="wC:t2"
2026-07-31T21:07:36.464701Z  INFO herdr::logging: tab focused event="tab.focus" subsystem="tab" outcome="ok" workspace_id="wC" tab_id="wC:t5"
2026-07-31T21:07:36.935551Z  INFO herdr::logging: tab focused event="tab.focus" subsystem="tab" outcome="ok" workspace_id="wC" tab_id="wC:t2"
2026-07-31T21:07:41.937829Z  INFO herdr::logging: session saved event="persist.save" subsystem="persist" outcome="ok" path=/home/btw/.config/herdr/session.json workspaces=3
2026-07-31T21:08:44.380367Z  INFO herdr::logging: workspace focused event="workspace.focus" subsystem="workspace" outcome="ok" workspace_id="wB"
2026-07-31T21:08:44.380412Z  INFO herdr::logging: tab focused event="tab.focus" subsystem="tab" outcome="ok" workspace_id="wB" tab_id="wB:t1"
2026-07-31T21:08:49.383221Z  INFO herdr::logging: session saved event="persist.save" subsystem="persist" outcome="ok" path=/home/btw/.config/herdr/session.json workspaces=3
2026-07-31T21:09:32.118100Z  INFO herdr::logging: tab focused event="tab.focus" subsystem="tab" outcome="ok" workspace_id="wB" tab_id="wB:t1"
2026-07-31T21:09:35.064148Z  INFO herdr::logging: workspace focused event="workspace.focus" subsystem="workspace" outcome="ok" workspace_id="wC"
2026-07-31T21:09:35.064186Z  INFO herdr::logging: tab focused event="tab.focus" subsystem="tab" outcome="ok" workspace_id="wC" tab_id="wC:t5"
2026-07-31T21:09:35.636176Z  INFO herdr::logging: tab focused event="tab.focus" subsystem="tab" outcome="ok" workspace_id="wC" tab_id="wC:t2"
2026-07-31T21:09:36.778493Z  INFO herdr::logging: tab focused event="tab.focus" subsystem="tab" outcome="ok" workspace_id="wC" tab_id="wC:t5"
2026-07-31T21:09:41.780786Z  INFO herdr::logging: session saved event="persist.save" subsystem="persist" outcome="ok" path=/home/btw/.config/herdr/session.json workspaces=3
2026-07-31T21:16:02.318674Z  INFO herdr::logging: workspace focused event="workspace.focus" subsystem="workspace" outcome="ok" workspace_id="wB"
2026-07-31T21:16:02.318712Z  INFO herdr::logging: tab focused event="tab.focus" subsystem="tab" outcome="ok" workspace_id="wB" tab_id="wB:t1"
2026-07-31T21:16:07.321123Z  INFO herdr::logging: session saved event="persist.save" subsystem="persist" outcome="ok" path=/home/btw/.config/herdr/session.json workspaces=3
2026-07-31T21:16:30.850597Z  INFO herdr::logging: workspace focused event="workspace.focus" subsystem="workspace" outcome="ok" workspace_id="wC"
2026-07-31T21:16:30.850653Z  INFO herdr::logging: tab focused event="tab.focus" subsystem="tab" outcome="ok" workspace_id="wC" tab_id="wC:t5"
2026-07-31T21:16:31.975379Z  INFO herdr::server::headless: client disconnected client_id=8
2026-07-31T21:16:35.853249Z  INFO herdr::logging: session saved event="persist.save" subsystem="persist" outcome="ok" path=/home/btw/.config/herdr/session.json workspaces=3
2026-07-31T21:33:53.840024Z  INFO herdr::logging: checking for updates event="update.check.start" subsystem="update" outcome="started"
2026-07-31T22:03:53.841274Z  INFO herdr::logging: checking for updates event="update.check.start" subsystem="update" outcome="started"
2026-07-31T22:33:53.842590Z  INFO herdr::logging: checking for updates event="update.check.start" subsystem="update" outcome="started"
2026-07-31T23:03:53.844392Z  INFO herdr::logging: checking for updates event="update.check.start" subsystem="update" outcome="started"
2026-07-31T23:33:53.846080Z  INFO herdr::logging: checking for updates event="update.check.start" subsystem="update" outcome="started"
2026-08-01T00:03:53.846517Z  INFO herdr::logging: checking for updates event="update.check.start" subsystem="update" outcome="started"
2026-08-01T00:33:53.848517Z  INFO herdr::logging: checking for updates event="update.check.start" subsystem="update" outcome="started"
2026-08-01T00:54:36.127267Z  INFO herdr::server::headless: client connected client_id=10 cols=173 rows=42 cell_width_px=11 cell_height_px=25 render_encoding=SemanticFrame
2026-08-01T00:54:46.711040Z  INFO herdr::app::actions: copied selection to clipboard
2026-08-01T00:54:50.815237Z  INFO herdr::logging: workspace focused event="workspace.focus" subsystem="workspace" outcome="ok" workspace_id="wB"
2026-08-01T00:54:50.815279Z  INFO herdr::logging: tab focused event="tab.focus" subsystem="tab" outcome="ok" workspace_id="wB" tab_id="wB:t1"
2026-08-01T00:54:55.817815Z  INFO herdr::logging: session saved event="persist.save" subsystem="persist" outcome="ok" path=/home/btw/.config/herdr/session.json workspaces=3
2026-08-01T01:03:20.151197Z  INFO herdr::logging: workspace focused event="workspace.focus" subsystem="workspace" outcome="ok" workspace_id="wD"
2026-08-01T01:03:20.151631Z  INFO herdr::logging: tab focused event="tab.focus" subsystem="tab" outcome="ok" workspace_id="wD" tab_id="wD:t1"
2026-08-01T01:03:21.774024Z  INFO herdr::logging: pane child exited event="pane.exit" subsystem="pane" outcome="completed" pane_id=10 status="ExitStatus { code: 1, signal: None }"
2026-08-01T01:03:21.779604Z  INFO herdr::pane: pane session terminated pane=10 pid=10990 signal=Hangup
2026-08-01T01:03:21.780373Z  WARN herdr::app::actions: PaneDied for unknown pane pane=10
2026-08-01T01:03:22.165039Z  INFO herdr::logging: pane child exited event="pane.exit" subsystem="pane" outcome="completed" pane_id=9 status="ExitStatus { code: 1, signal: None }"
2026-08-01T01:03:22.170027Z  INFO herdr::pane: pane session terminated pane=9 pid=10826 signal=Hangup
2026-08-01T01:03:22.170391Z  WARN herdr::app::actions: PaneDied for unknown pane pane=9
2026-08-01T01:03:27.171748Z  INFO herdr::logging: session saved event="persist.save" subsystem="persist" outcome="ok" path=/home/btw/.config/herdr/session.json workspaces=3
2026-08-01T01:03:53.849543Z  INFO herdr::logging: checking for updates event="update.check.start" subsystem="update" outcome="started"
2026-08-01T01:31:27.511727Z  INFO herdr::logging: workspace focused event="workspace.focus" subsystem="workspace" outcome="ok" workspace_id="wB"
2026-08-01T01:31:27.511767Z  INFO herdr::logging: tab focused event="tab.focus" subsystem="tab" outcome="ok" workspace_id="wB" tab_id="wB:t2"
2026-08-01T01:31:32.514284Z  INFO herdr::logging: session saved event="persist.save" subsystem="persist" outcome="ok" path=/home/btw/.config/herdr/session.json workspaces=3
2026-08-01T01:33:53.850547Z  INFO herdr::logging: checking for updates event="update.check.start" subsystem="update" outcome="started"
2026-08-01T02:03:53.851448Z  INFO herdr::logging: checking for updates event="update.check.start" subsystem="update" outcome="started"
2026-08-01T02:11:00.888962Z  INFO herdr::app::actions: copied selection to clipboard
2026-08-01T02:11:04.542426Z  INFO herdr::logging: tab focused event="tab.focus" subsystem="tab" outcome="ok" workspace_id="wB" tab_id="wB:t1"
2026-08-01T02:11:09.544719Z  INFO herdr::logging: session saved event="persist.save" subsystem="persist" outcome="ok" path=/home/btw/.config/herdr/session.json workspaces=3
2026-08-01T02:12:54.180168Z  INFO herdr::logging: tab focused event="tab.focus" subsystem="tab" outcome="ok" workspace_id="wB" tab_id="wB:t2"
2026-08-01T02:12:59.182068Z  INFO herdr::logging: session saved event="persist.save" subsystem="persist" outcome="ok" path=/home/btw/.config/herdr/session.json workspaces=3
2026-08-01T02:13:00.855873Z  INFO herdr::app::actions: copied selection to clipboard
2026-08-01T02:13:09.183571Z  INFO herdr::logging: tab focused event="tab.focus" subsystem="tab" outcome="ok" workspace_id="wB" tab_id="wB:t1"
2026-08-01T02:13:14.185864Z  INFO herdr::logging: session saved event="persist.save" subsystem="persist" outcome="ok" path=/home/btw/.config/herdr/session.json workspaces=3
2026-08-01T02:13:33.682770Z  INFO herdr::logging: tab focused event="tab.focus" subsystem="tab" outcome="ok" workspace_id="wB" tab_id="wB:t2"
2026-08-01T02:13:38.685328Z  INFO herdr::logging: session saved event="persist.save" subsystem="persist" outcome="ok" path=/home/btw/.config/herdr/session.json workspaces=3
2026-08-01T02:14:28.432185Z  INFO herdr::logging: tab focused event="tab.focus" subsystem="tab" outcome="ok" workspace_id="wB" tab_id="wB:t1"
2026-08-01T02:14:33.434324Z  INFO herdr::logging: session saved event="persist.save" subsystem="persist" outcome="ok" path=/home/btw/.config/herdr/session.json workspaces=3
2026-08-01T02:14:51.923973Z  INFO herdr::logging: tab focused event="tab.focus" subsystem="tab" outcome="ok" workspace_id="wB" tab_id="wB:t2"
2026-08-01T02:14:56.926183Z  INFO herdr::logging: session saved event="persist.save" subsystem="persist" outcome="ok" path=/home/btw/.config/herdr/session.json workspaces=3
2026-08-01T02:15:41.717568Z  INFO herdr::logging: tab focused event="tab.focus" subsystem="tab" outcome="ok" workspace_id="wB" tab_id="wB:t1"
2026-08-01T02:15:46.720145Z  INFO herdr::logging: session saved event="persist.save" subsystem="persist" outcome="ok" path=/home/btw/.config/herdr/session.json workspaces=3
2026-08-01T02:33:53.852607Z  INFO herdr::logging: checking for updates event="update.check.start" subsystem="update" outcome="started"
2026-08-01T02:51:59.699958Z  INFO herdr::logging: workspace focused event="workspace.focus" subsystem="workspace" outcome="ok" workspace_id="wD"
2026-08-01T02:51:59.699997Z  INFO herdr::logging: tab focused event="tab.focus" subsystem="tab" outcome="ok" workspace_id="wD" tab_id="wD:t1"
2026-08-01T02:52:02.428960Z  INFO herdr::logging: tab focused event="tab.focus" subsystem="tab" outcome="ok" workspace_id="wD" tab_id="wD:t3"
2026-08-01T02:52:07.431445Z  INFO herdr::logging: session saved event="persist.save" subsystem="persist" outcome="ok" path=/home/btw/.config/herdr/session.json workspaces=3
2026-08-01T02:54:37.781592Z  INFO herdr::logging: tab focused event="tab.focus" subsystem="tab" outcome="ok" workspace_id="wD" tab_id="wD:t1"
2026-08-01T02:54:42.783807Z  INFO herdr::logging: session saved event="persist.save" subsystem="persist" outcome="ok" path=/home/btw/.config/herdr/session.json workspaces=3
2026-08-01T03:03:53.853694Z  INFO herdr::logging: checking for updates event="update.check.start" subsystem="update" outcome="started"
2026-08-01T03:04:30.975303Z  INFO herdr::logging: workspace focused event="workspace.focus" subsystem="workspace" outcome="ok" workspace_id="wB"
2026-08-01T03:04:30.975342Z  INFO herdr::logging: tab focused event="tab.focus" subsystem="tab" outcome="ok" workspace_id="wB" tab_id="wB:t1"
2026-08-01T03:04:35.977116Z  INFO herdr::logging: session saved event="persist.save" subsystem="persist" outcome="ok" path=/home/btw/.config/herdr/session.json workspaces=3
2026-08-01T03:33:53.854472Z  INFO herdr::logging: checking for updates event="update.check.start" subsystem="update" outcome="started"
2026-08-01T03:38:24.992466Z  INFO herdr::server::headless: client disconnected client_id=10
2026-08-01T03:38:57.635615Z  INFO herdr::server::headless: client connected client_id=12 cols=173 rows=42 cell_width_px=11 cell_height_px=25 render_encoding=SemanticFrame
2026-08-01T03:39:08.351174Z  INFO herdr::server::headless: client resize client_id=12 cols=172 rows=41 cell_width_px=11 cell_height_px=25
2026-08-01T03:55:16.223034Z  INFO herdr::server::headless: client resize client_id=12 cols=172 rows=40 cell_width_px=11 cell_height_px=25
2026-08-01T03:55:19.327248Z  INFO herdr::server::headless: client resize client_id=12 cols=172 rows=41 cell_width_px=11 cell_height_px=25
2026-08-01T03:56:22.312835Z  INFO herdr::server::headless: client resize client_id=12 cols=172 rows=40 cell_width_px=11 cell_height_px=25
2026-08-01T03:56:29.823366Z  INFO herdr::server::headless: client resize client_id=12 cols=172 rows=41 cell_width_px=11 cell_height_px=25
2026-08-01T03:56:37.634422Z  INFO herdr::server::headless: client resize client_id=12 cols=172 rows=40 cell_width_px=11 cell_height_px=25
2026-08-01T03:56:42.741621Z  INFO herdr::server::headless: client resize client_id=12 cols=172 rows=41 cell_width_px=11 cell_height_px=25
2026-08-01T04:00:30.510538Z  INFO herdr::server::headless: client disconnected client_id=12
2026-08-01T14:18:48.354553Z  INFO herdr::api::server: api server listening path=/home/btw/.config/herdr/herdr.sock
2026-08-01T14:18:48.363932Z  INFO herdr::logging: spawning pane terminal event="pane.spawn.start" subsystem="pane" outcome="started" pane_id=1 rows=24 cols=80 scrollback_limit_bytes=10000000
2026-08-01T14:18:48.370360Z  INFO herdr::logging: pane child spawned event="pane.spawned" subsystem="pane" outcome="ok" pane_id=1 pid=7313
2026-08-01T14:18:48.373908Z  INFO herdr::logging: spawning pane terminal event="pane.spawn.start" subsystem="pane" outcome="started" pane_id=2 rows=24 cols=80 scrollback_limit_bytes=10000000
2026-08-01T14:18:48.374640Z  INFO herdr::logging: pane child spawned event="pane.spawned" subsystem="pane" outcome="ok" pane_id=2 pid=7316
2026-08-01T14:18:48.378487Z  INFO herdr::logging: spawning pane terminal event="pane.spawn.start" subsystem="pane" outcome="started" pane_id=3 rows=24 cols=80 scrollback_limit_bytes=10000000
2026-08-01T14:18:48.379206Z  INFO herdr::logging: pane child spawned event="pane.spawned" subsystem="pane" outcome="ok" pane_id=3 pid=7319
2026-08-01T14:18:48.379420Z  INFO herdr::logging: spawning pane terminal event="pane.spawn.start" subsystem="pane" outcome="started" pane_id=4 rows=24 cols=80 scrollback_limit_bytes=10000000
2026-08-01T14:18:48.380100Z  INFO herdr::logging: pane child spawned event="pane.spawned" subsystem="pane" outcome="ok" pane_id=4 pid=7322
2026-08-01T14:18:48.380260Z  INFO herdr::logging: spawning pane terminal event="pane.spawn.start" subsystem="pane" outcome="started" pane_id=5 rows=24 cols=80 scrollback_limit_bytes=10000000
2026-08-01T14:18:48.380936Z  INFO herdr::logging: pane child spawned event="pane.spawned" subsystem="pane" outcome="ok" pane_id=5 pid=7325
2026-08-01T14:18:48.386293Z  INFO herdr::logging: spawning pane terminal event="pane.spawn.start" subsystem="pane" outcome="started" pane_id=6 rows=24 cols=80 scrollback_limit_bytes=10000000
2026-08-01T14:18:48.387033Z  INFO herdr::logging: pane child spawned event="pane.spawned" subsystem="pane" outcome="ok" pane_id=6 pid=7328
2026-08-01T14:18:48.387189Z  INFO herdr::logging: spawning pane terminal event="pane.spawn.start" subsystem="pane" outcome="started" pane_id=7 rows=24 cols=80 scrollback_limit_bytes=10000000
2026-08-01T14:18:48.387942Z  INFO herdr::logging: pane child spawned event="pane.spawned" subsystem="pane" outcome="ok" pane_id=7 pid=7331
2026-08-01T14:18:48.388117Z  INFO herdr::logging: spawning pane terminal event="pane.spawn.start" subsystem="pane" outcome="started" pane_id=8 rows=24 cols=80 scrollback_limit_bytes=10000000
2026-08-01T14:18:48.388848Z  INFO herdr::logging: pane child spawned event="pane.spawned" subsystem="pane" outcome="ok" pane_id=8 pid=7334
2026-08-01T14:18:48.391521Z  INFO herdr::logging: session restore evaluated event="persist.restore" subsystem="persist" outcome="ok" workspaces=3
2026-08-01T14:18:48.391541Z  INFO herdr::app: using pane scrollback configuration pane_scrollback_limit_bytes=10000000
2026-08-01T14:18:48.505258Z  INFO herdr::logging: checking for updates event="update.check.start" subsystem="update" outcome="started"
2026-08-01T14:18:48.509645Z  INFO herdr::server::headless: restored session already has workspaces; ignoring startup cwd cwd=/home/btw
2026-08-01T14:18:48.510537Z  INFO herdr::server::headless: client protocol socket listening path=/home/btw/.config/herdr/herdr-client.sock
2026-08-01T14:18:48.510559Z  INFO herdr::server::headless: herdr server started api_socket=/home/btw/.config/herdr/herdr.sock client_socket=/home/btw/.config/herdr/herdr-client.sock
2026-08-01T14:18:48.515748Z  INFO herdr::logging: herdr starting event="app.startup" subsystem="server" outcome="started" pid=7299
2026-08-01T14:18:48.737277Z  INFO herdr::server::headless: client connected client_id=2 cols=173 rows=42 cell_width_px=11 cell_height_px=25 render_encoding=SemanticFrame
2026-08-01T14:48:48.506274Z  INFO herdr::logging: checking for updates event="update.check.start" subsystem="update" outcome="started"
2026-08-01T14:51:02.693639Z  INFO herdr::server::headless: client resize client_id=2 cols=172 rows=41 cell_width_px=11 cell_height_px=25
2026-08-01T15:11:20.498995Z  INFO herdr::server::headless: client resize client_id=2 cols=173 rows=42 cell_width_px=11 cell_height_px=25
2026-08-01T15:18:48.507504Z  INFO herdr::logging: checking for updates event="update.check.start" subsystem="update" outcome="started"
2026-08-01T15:48:48.507788Z  INFO herdr::logging: checking for updates event="update.check.start" subsystem="update" outcome="started"
2026-08-01T16:06:55.924379Z  INFO herdr::server::headless: client resize client_id=2 cols=85 rows=41 cell_width_px=11 cell_height_px=25
2026-08-01T16:06:57.425855Z  INFO herdr::server::headless: client resize client_id=2 cols=172 rows=41 cell_width_px=11 cell_height_px=25
2026-08-01T16:07:03.132638Z  INFO herdr::server::headless: client resize client_id=2 cols=85 rows=41 cell_width_px=11 cell_height_px=25
2026-08-01T16:07:04.934629Z  INFO herdr::server::headless: client resize client_id=2 cols=172 rows=41 cell_width_px=11 cell_height_px=25
2026-08-01T16:18:48.509049Z  INFO herdr::logging: checking for updates event="update.check.start" subsystem="update" outcome="started"
2026-08-01T16:48:48.509909Z  INFO herdr::logging: checking for updates event="update.check.start" subsystem="update" outcome="started"
2026-08-01T17:02:58.454002Z  INFO herdr::logging: tab focused event="tab.focus" subsystem="tab" outcome="ok" workspace_id="wB" tab_id="wB:t2"
2026-08-01T17:02:59.674345Z  INFO herdr::logging: tab focused event="tab.focus" subsystem="tab" outcome="ok" workspace_id="wB" tab_id="wB:t1"
2026-08-01T17:03:02.147355Z  INFO herdr::logging: spawning pane terminal event="pane.spawn.start" subsystem="pane" outcome="started" pane_id=9 rows=40 cols=144 scrollback_limit_bytes=10000000
2026-08-01T17:03:02.148864Z  INFO herdr::logging: pane child spawned event="pane.spawned" subsystem="pane" outcome="ok" pane_id=9 pid=98493
2026-08-01T17:03:02.149073Z  INFO herdr::logging: tab focused event="tab.focus" subsystem="tab" outcome="ok" workspace_id="wB" tab_id="wB:t8"
2026-08-01T17:03:05.073223Z  INFO herdr::logging: api request received event="api.request.start" subsystem="api" outcome="started" request_id="cli:workspace:focus" method="workspace.focus" changes_ui=true
2026-08-01T17:03:05.073276Z  INFO herdr::logging: workspace focused event="workspace.focus" subsystem="workspace" outcome="ok" workspace_id="wB"
2026-08-01T17:03:05.073310Z  INFO herdr::logging: tab focused event="tab.focus" subsystem="tab" outcome="ok" workspace_id="wB" tab_id="wB:t8"
2026-08-01T17:03:05.073339Z  INFO herdr::logging: api request completed event="api.request.complete" subsystem="api" outcome="ok" request_id="cli:workspace:focus" method="workspace.focus"
2026-08-01T17:03:10.076960Z  INFO herdr::logging: session saved event="persist.save" subsystem="persist" outcome="ok" path=/home/btw/.config/herdr/session.json workspaces=3
2026-08-01T17:04:13.245382Z  INFO herdr::logging: tab focused event="tab.focus" subsystem="tab" outcome="ok" workspace_id="wB" tab_id="wB:t1"
2026-08-01T17:04:15.517464Z  INFO herdr::logging: tab focused event="tab.focus" subsystem="tab" outcome="ok" workspace_id="wB" tab_id="wB:t1"
2026-08-01T17:04:20.520338Z  INFO herdr::logging: session saved event="persist.save" subsystem="persist" outcome="ok" path=/home/btw/.config/herdr/session.json workspaces=3
2026-08-01T17:04:25.084442Z  INFO herdr::logging: tab focused event="tab.focus" subsystem="tab" outcome="ok" workspace_id="wB" tab_id="wB:t8"
2026-08-01T17:04:30.101739Z  INFO herdr::logging: session saved event="persist.save" subsystem="persist" outcome="ok" path=/home/btw/.config/herdr/session.json workspaces=3
2026-08-01T17:04:32.758165Z  INFO herdr::logging: spawning pane terminal event="pane.spawn.start" subsystem="pane" outcome="started" pane_id=10 rows=40 cols=144 scrollback_limit_bytes=10000000
2026-08-01T17:04:32.759762Z  INFO herdr::logging: pane child spawned event="pane.spawned" subsystem="pane" outcome="ok" pane_id=10 pid=99282
2026-08-01T17:04:32.760072Z  INFO herdr::logging: tab focused event="tab.focus" subsystem="tab" outcome="ok" workspace_id="wB" tab_id="wB:t9"
2026-08-01T17:04:37.763776Z  INFO herdr::logging: session saved event="persist.save" subsystem="persist" outcome="ok" path=/home/btw/.config/herdr/session.json workspaces=3
2026-08-01T17:04:49.593987Z  INFO herdr::logging: tab focused event="tab.focus" subsystem="tab" outcome="ok" workspace_id="wB" tab_id="wB:t1"
2026-08-01T17:04:50.722982Z  INFO herdr::logging: tab focused event="tab.focus" subsystem="tab" outcome="ok" workspace_id="wB" tab_id="wB:t8"
2026-08-01T17:04:55.725617Z  INFO herdr::logging: session saved event="persist.save" subsystem="persist" outcome="ok" path=/home/btw/.config/herdr/session.json workspaces=3
2026-08-01T17:05:18.781820Z  INFO herdr::logging: tab focused event="tab.focus" subsystem="tab" outcome="ok" workspace_id="wB" tab_id="wB:t8"
2026-08-01T17:05:20.292106Z  INFO herdr::logging: tab focused event="tab.focus" subsystem="tab" outcome="ok" workspace_id="wB" tab_id="wB:t9"
2026-08-01T17:05:25.294487Z  INFO herdr::logging: session saved event="persist.save" subsystem="persist" outcome="ok" path=/home/btw/.config/herdr/session.json workspaces=3
2026-08-01T17:05:38.734829Z  INFO herdr::logging: tab focused event="tab.focus" subsystem="tab" outcome="ok" workspace_id="wB" tab_id="wB:t8"
2026-08-01T17:05:43.737119Z  INFO herdr::logging: session saved event="persist.save" subsystem="persist" outcome="ok" path=/home/btw/.config/herdr/session.json workspaces=3
2026-08-01T17:05:57.155651Z  INFO herdr::logging: tab focused event="tab.focus" subsystem="tab" outcome="ok" workspace_id="wB" tab_id="wB:t9"
2026-08-01T17:06:02.157943Z  INFO herdr::logging: session saved event="persist.save" subsystem="persist" outcome="ok" path=/home/btw/.config/herdr/session.json workspaces=3
2026-08-01T17:06:13.101419Z  INFO herdr::logging: tab focused event="tab.focus" subsystem="tab" outcome="ok" workspace_id="wB" tab_id="wB:t8"
2026-08-01T17:06:18.103529Z  INFO herdr::logging: session saved event="persist.save" subsystem="persist" outcome="ok" path=/home/btw/.config/herdr/session.json workspaces=3
2026-08-01T17:06:30.384503Z  INFO herdr::logging: tab focused event="tab.focus" subsystem="tab" outcome="ok" workspace_id="wB" tab_id="wB:t8"
2026-08-01T17:06:31.357360Z  INFO herdr::logging: tab focused event="tab.focus" subsystem="tab" outcome="ok" workspace_id="wB" tab_id="wB:t9"
2026-08-01T17:06:36.359151Z  INFO herdr::logging: session saved event="persist.save" subsystem="persist" outcome="ok" path=/home/btw/.config/herdr/session.json workspaces=3
2026-08-01T17:06:39.066398Z  INFO herdr::logging: tab focused event="tab.focus" subsystem="tab" outcome="ok" workspace_id="wB" tab_id="wB:t8"
2026-08-01T17:06:44.068889Z  INFO herdr::logging: session saved event="persist.save" subsystem="persist" outcome="ok" path=/home/btw/.config/herdr/session.json workspaces=3
2026-08-01T17:07:21.117827Z  INFO herdr::logging: tab focused event="tab.focus" subsystem="tab" outcome="ok" workspace_id="wB" tab_id="wB:t9"
2026-08-01T17:07:23.544104Z  INFO herdr::logging: tab focused event="tab.focus" subsystem="tab" outcome="ok" workspace_id="wB" tab_id="wB:t2"
2026-08-01T17:07:27.424871Z  INFO herdr::logging: tab focused event="tab.focus" subsystem="tab" outcome="ok" workspace_id="wB" tab_id="wB:t9"
2026-08-01T17:07:28.990067Z  INFO herdr::logging: tab focused event="tab.focus" subsystem="tab" outcome="ok" workspace_id="wB" tab_id="wB:t9"
2026-08-01T17:07:29.951035Z  INFO herdr::logging: tab focused event="tab.focus" subsystem="tab" outcome="ok" workspace_id="wB" tab_id="wB:t8"
2026-08-01T17:07:34.954099Z  INFO herdr::logging: session saved event="persist.save" subsystem="persist" outcome="ok" path=/home/btw/.config/herdr/session.json workspaces=3
2026-08-01T17:09:09.475260Z  INFO herdr::logging: tab focused event="tab.focus" subsystem="tab" outcome="ok" workspace_id="wB" tab_id="wB:t9"
2026-08-01T17:09:13.233015Z  INFO herdr::logging: tab focused event="tab.focus" subsystem="tab" outcome="ok" workspace_id="wB" tab_id="wB:t9"
2026-08-01T17:09:18.234370Z  INFO herdr::logging: session saved event="persist.save" subsystem="persist" outcome="ok" path=/home/btw/.config/herdr/session.json workspaces=3
2026-08-01T17:09:21.858383Z  INFO herdr::logging: tab focused event="tab.focus" subsystem="tab" outcome="ok" workspace_id="wB" tab_id="wB:t8"
2026-08-01T17:09:26.860835Z  INFO herdr::logging: session saved event="persist.save" subsystem="persist" outcome="ok" path=/home/btw/.config/herdr/session.json workspaces=3
2026-08-01T17:09:35.484951Z  INFO herdr::logging: tab focused event="tab.focus" subsystem="tab" outcome="ok" workspace_id="wB" tab_id="wB:t8"
2026-08-01T17:09:36.537188Z  INFO herdr::logging: tab focused event="tab.focus" subsystem="tab" outcome="ok" workspace_id="wB" tab_id="wB:t9"
2026-08-01T17:09:41.539240Z  INFO herdr::logging: session saved event="persist.save" subsystem="persist" outcome="ok" path=/home/btw/.config/herdr/session.json workspaces=3
2026-08-01T17:09:45.095053Z  INFO herdr::logging: tab focused event="tab.focus" subsystem="tab" outcome="ok" workspace_id="wB" tab_id="wB:t8"
2026-08-01T17:09:47.622858Z  INFO herdr::logging: tab focused event="tab.focus" subsystem="tab" outcome="ok" workspace_id="wB" tab_id="wB:t9"
2026-08-01T17:09:49.246119Z  INFO herdr::logging: spawning pane terminal event="pane.spawn.start" subsystem="pane" outcome="started" pane_id=11 rows=40 cols=144 scrollback_limit_bytes=10000000
2026-08-01T17:09:49.247798Z  INFO herdr::logging: pane child spawned event="pane.spawned" subsystem="pane" outcome="ok" pane_id=11 pid=102539
2026-08-01T17:09:49.248003Z  INFO herdr::logging: tab focused event="tab.focus" subsystem="tab" outcome="ok" workspace_id="wB" tab_id="wB:t9"
2026-08-01T17:09:54.249816Z  INFO herdr::logging: session saved event="persist.save" subsystem="persist" outcome="ok" path=/home/btw/.config/herdr/session.json workspaces=3
2026-08-01T17:09:57.701837Z  INFO herdr::logging: tab focused event="tab.focus" subsystem="tab" outcome="ok" workspace_id="wB" tab_id="wB:t9"
2026-08-01T17:10:02.118739Z  INFO herdr::logging: tab focused event="tab.focus" subsystem="tab" outcome="ok" workspace_id="wB" tab_id="wB:t9"
2026-08-01T17:10:05.462957Z  INFO herdr::logging: tab focused event="tab.focus" subsystem="tab" outcome="ok" workspace_id="wB" tab_id="wB:t9"
2026-08-01T17:10:10.466328Z  INFO herdr::logging: session saved event="persist.save" subsystem="persist" outcome="ok" path=/home/btw/.config/herdr/session.json workspaces=3
2026-08-01T17:10:11.871697Z  INFO herdr::logging: tab focused event="tab.focus" subsystem="tab" outcome="ok" workspace_id="wB" tab_id="wB:t9"
2026-08-01T17:10:13.995922Z  INFO herdr::logging: tab focused event="tab.focus" subsystem="tab" outcome="ok" workspace_id="wB" tab_id="wB:t9"
2026-08-01T17:10:14.990816Z  INFO herdr::logging: tab focused event="tab.focus" subsystem="tab" outcome="ok" workspace_id="wB" tab_id="wB:t8"
2026-08-01T17:10:19.993256Z  INFO herdr::logging: session saved event="persist.save" subsystem="persist" outcome="ok" path=/home/btw/.config/herdr/session.json workspaces=3
2026-08-01T17:10:53.783609Z  INFO herdr::logging: tab focused event="tab.focus" subsystem="tab" outcome="ok" workspace_id="wB" tab_id="wB:t9"
2026-08-01T17:10:55.272396Z  INFO herdr::logging: pane child exited event="pane.exit" subsystem="pane" outcome="completed" pane_id=10 status="ExitStatus { code: 1, signal: None }"
2026-08-01T17:10:55.277878Z  INFO herdr::pane: pane session terminated pane=10 pid=99282 signal=Hangup
2026-08-01T17:10:55.278245Z  WARN herdr::app::actions: PaneDied for unknown pane pane=10
2026-08-01T17:10:56.290091Z  INFO herdr::logging: pane child exited event="pane.exit" subsystem="pane" outcome="completed" pane_id=11 status="ExitStatus { code: 1, signal: None }"
2026-08-01T17:10:56.295316Z  INFO herdr::pane: pane session terminated pane=11 pid=102539 signal=Hangup
2026-08-01T17:10:56.295819Z  WARN herdr::app::actions: PaneDied for unknown pane pane=11
2026-08-01T17:10:57.083546Z  INFO herdr::logging: pane child exited event="pane.exit" subsystem="pane" outcome="completed" pane_id=9 status="ExitStatus { code: 1, signal: None }"
2026-08-01T17:10:57.089325Z  INFO herdr::pane: pane session terminated pane=9 pid=98493 signal=Hangup
2026-08-01T17:10:57.089854Z  WARN herdr::app::actions: PaneDied for unknown pane pane=9
2026-08-01T17:10:57.910605Z  INFO herdr::logging: tab focused event="tab.focus" subsystem="tab" outcome="ok" workspace_id="wB" tab_id="wB:t1"
2026-08-01T17:11:02.914097Z  INFO herdr::logging: session saved event="persist.save" subsystem="persist" outcome="ok" path=/home/btw/.config/herdr/session.json workspaces=3
2026-08-01T17:18:48.510805Z  INFO herdr::logging: checking for updates event="update.check.start" subsystem="update" outcome="started"
2026-08-01T17:26:31.223199Z  INFO herdr::app::actions: copied selection to clipboard
2026-08-01T17:28:02.699361Z  INFO herdr::logging: spawning pane terminal event="pane.spawn.start" subsystem="pane" outcome="started" pane_id=12 rows=40 cols=144 scrollback_limit_bytes=10000000
2026-08-01T17:28:02.702885Z  INFO herdr::logging: pane child spawned event="pane.spawned" subsystem="pane" outcome="ok" pane_id=12 pid=116389
2026-08-01T17:28:02.703155Z  INFO herdr::logging: tab focused event="tab.focus" subsystem="tab" outcome="ok" workspace_id="wB" tab_id="wB:tA"
2026-08-01T17:28:07.706138Z  INFO herdr::logging: session saved event="persist.save" subsystem="persist" outcome="ok" path=/home/btw/.config/herdr/session.json workspaces=3
2026-08-01T17:47:59.414855Z  INFO herdr::logging: tab focused event="tab.focus" subsystem="tab" outcome="ok" workspace_id="wB" tab_id="wB:t1"
2026-08-01T17:48:04.417004Z  INFO herdr::logging: session saved event="persist.save" subsystem="persist" outcome="ok" path=/home/btw/.config/herdr/session.json workspaces=3
2026-08-01T17:48:19.623683Z  INFO herdr::logging: tab focused event="tab.focus" subsystem="tab" outcome="ok" workspace_id="wB" tab_id="wB:tA"
2026-08-01T17:48:24.625793Z  INFO herdr::logging: session saved event="persist.save" subsystem="persist" outcome="ok" path=/home/btw/.config/herdr/session.json workspaces=3
2026-08-01T17:48:48.512034Z  INFO herdr::logging: checking for updates event="update.check.start" subsystem="update" outcome="started"
2026-08-01T17:49:25.621053Z  INFO herdr::logging: spawning pane terminal event="pane.spawn.start" subsystem="pane" outcome="started" pane_id=13 rows=40 cols=144 scrollback_limit_bytes=10000000
2026-08-01T17:49:25.622581Z  INFO herdr::logging: pane child spawned event="pane.spawned" subsystem="pane" outcome="ok" pane_id=13 pid=127098
2026-08-01T17:49:25.622793Z  INFO herdr::logging: tab focused event="tab.focus" subsystem="tab" outcome="ok" workspace_id="wB" tab_id="wB:tB"
2026-08-01T17:49:30.625841Z  INFO herdr::logging: session saved event="persist.save" subsystem="persist" outcome="ok" path=/home/btw/.config/herdr/session.json workspaces=3
2026-08-01T17:51:53.716511Z  INFO herdr::logging: pane child exited event="pane.exit" subsystem="pane" outcome="completed" pane_id=13 status="ExitStatus { code: 1, signal: None }"
2026-08-01T17:51:53.721368Z  INFO herdr::pane: pane session terminated pane=13 pid=127098 signal=Hangup
2026-08-01T17:51:53.721814Z  WARN herdr::app::actions: PaneDied for unknown pane pane=13
2026-08-01T17:51:54.924163Z  INFO herdr::logging: spawning pane terminal event="pane.spawn.start" subsystem="pane" outcome="started" pane_id=14 rows=40 cols=144 scrollback_limit_bytes=10000000
2026-08-01T17:51:54.925779Z  INFO herdr::logging: pane child spawned event="pane.spawned" subsystem="pane" outcome="ok" pane_id=14 pid=129351
2026-08-01T17:51:54.925970Z  INFO herdr::logging: tab focused event="tab.focus" subsystem="tab" outcome="ok" workspace_id="wB" tab_id="wB:tC"
2026-08-01T17:51:59.928175Z  INFO herdr::logging: session saved event="persist.save" subsystem="persist" outcome="ok" path=/home/btw/.config/herdr/session.json workspaces=3
2026-08-01T17:52:06.512204Z  INFO herdr::logging: pane child exited event="pane.exit" subsystem="pane" outcome="completed" pane_id=14 status="ExitStatus { code: 1, signal: None }"
2026-08-01T17:52:06.517472Z  INFO herdr::pane: pane session terminated pane=14 pid=129351 signal=Hangup
2026-08-01T17:52:06.517862Z  WARN herdr::app::actions: PaneDied for unknown pane pane=14
2026-08-01T17:52:11.322072Z  INFO herdr::logging: pane child exited event="pane.exit" subsystem="pane" outcome="completed" pane_id=12 status="ExitStatus { code: 1, signal: None }"
2026-08-01T17:52:11.328440Z  INFO herdr::pane: pane session terminated pane=12 pid=116389 signal=Hangup
2026-08-01T17:52:11.328950Z  WARN herdr::app::actions: PaneDied for unknown pane pane=12
2026-08-01T17:52:12.004048Z  INFO herdr::logging: tab focused event="tab.focus" subsystem="tab" outcome="ok" workspace_id="wB" tab_id="wB:t1"
2026-08-01T17:52:17.006694Z  INFO herdr::logging: session saved event="persist.save" subsystem="persist" outcome="ok" path=/home/btw/.config/herdr/session.json workspaces=3
2026-08-01T17:52:44.623784Z  INFO herdr::logging: tab focused event="tab.focus" subsystem="tab" outcome="ok" workspace_id="wB" tab_id="wB:t2"
2026-08-01T17:52:49.626300Z  INFO herdr::logging: session saved event="persist.save" subsystem="persist" outcome="ok" path=/home/btw/.config/herdr/session.json workspaces=3
2026-08-01T17:52:52.155442Z  INFO herdr::logging: tab focused event="tab.focus" subsystem="tab" outcome="ok" workspace_id="wB" tab_id="wB:t1"
2026-08-01T17:52:57.157391Z  INFO herdr::logging: session saved event="persist.save" subsystem="persist" outcome="ok" path=/home/btw/.config/herdr/session.json workspaces=3
2026-08-01T17:52:59.999875Z  INFO herdr::logging: tab focused event="tab.focus" subsystem="tab" outcome="ok" workspace_id="wB" tab_id="wB:t2"
2026-08-01T17:53:05.002722Z  INFO herdr::logging: session saved event="persist.save" subsystem="persist" outcome="ok" path=/home/btw/.config/herdr/session.json workspaces=3
2026-08-01T17:53:14.524699Z  INFO herdr::logging: spawning pane terminal event="pane.spawn.start" subsystem="pane" outcome="started" pane_id=15 rows=40 cols=144 scrollback_limit_bytes=10000000
2026-08-01T17:53:14.526103Z  INFO herdr::logging: pane child spawned event="pane.spawned" subsystem="pane" outcome="ok" pane_id=15 pid=130239
2026-08-01T17:53:14.526320Z  INFO herdr::logging: tab focused event="tab.focus" subsystem="tab" outcome="ok" workspace_id="wB" tab_id="wB:tD"
2026-08-01T17:53:19.529354Z  INFO herdr::logging: session saved event="persist.save" subsystem="persist" outcome="ok" path=/home/btw/.config/herdr/session.json workspaces=3
2026-08-01T17:53:26.215693Z  INFO herdr::logging: tab focused event="tab.focus" subsystem="tab" outcome="ok" workspace_id="wB" tab_id="wB:t1"
2026-08-01T17:53:31.217833Z  INFO herdr::logging: session saved event="persist.save" subsystem="persist" outcome="ok" path=/home/btw/.config/herdr/session.json workspaces=3
2026-08-01T17:53:33.171441Z  INFO herdr::logging: tab focused event="tab.focus" subsystem="tab" outcome="ok" workspace_id="wB" tab_id="wB:tD"
2026-08-01T17:53:38.173058Z  INFO herdr::logging: session saved event="persist.save" subsystem="persist" outcome="ok" path=/home/btw/.config/herdr/session.json workspaces=3
2026-08-01T17:53:42.491704Z  INFO herdr::logging: tab focused event="tab.focus" subsystem="tab" outcome="ok" workspace_id="wB" tab_id="wB:t1"
2026-08-01T17:53:44.615475Z  INFO herdr::logging: tab focused event="tab.focus" subsystem="tab" outcome="ok" workspace_id="wB" tab_id="wB:tD"
2026-08-01T17:53:49.617948Z  INFO herdr::logging: session saved event="persist.save" subsystem="persist" outcome="ok" path=/home/btw/.config/herdr/session.json workspaces=3
2026-08-01T17:55:15.579698Z  INFO herdr::logging: tab focused event="tab.focus" subsystem="tab" outcome="ok" workspace_id="wB" tab_id="wB:t1"
2026-08-01T17:55:20.582919Z  INFO herdr::logging: session saved event="persist.save" subsystem="persist" outcome="ok" path=/home/btw/.config/herdr/session.json workspaces=3
2026-08-01T17:55:31.694359Z  INFO herdr::logging: tab focused event="tab.focus" subsystem="tab" outcome="ok" workspace_id="wB" tab_id="wB:tD"
2026-08-01T17:55:36.696224Z  INFO herdr::logging: session saved event="persist.save" subsystem="persist" outcome="ok" path=/home/btw/.config/herdr/session.json workspaces=3
2026-08-01T17:56:05.913192Z  INFO herdr::logging: pane child exited event="pane.exit" subsystem="pane" outcome="completed" pane_id=15 status="ExitStatus { code: 1, signal: None }"
2026-08-01T17:56:05.939934Z  INFO herdr::pane: pane session terminated pane=15 pid=130239 signal=Hangup
2026-08-01T17:56:05.940413Z  WARN herdr::app::actions: PaneDied for unknown pane pane=15
2026-08-01T17:56:06.538932Z  INFO herdr::logging: tab focused event="tab.focus" subsystem="tab" outcome="ok" workspace_id="wB" tab_id="wB:t1"
2026-08-01T17:56:11.541677Z  INFO herdr::logging: session saved event="persist.save" subsystem="persist" outcome="ok" path=/home/btw/.config/herdr/session.json workspaces=3
2026-08-01T17:58:11.269550Z  INFO herdr::logging: tab focused event="tab.focus" subsystem="tab" outcome="ok" workspace_id="wB" tab_id="wB:t2"
2026-08-01T17:58:16.271251Z  INFO herdr::logging: session saved event="persist.save" subsystem="persist" outcome="ok" path=/home/btw/.config/herdr/session.json workspaces=3
2026-08-01T17:58:23.622360Z  INFO herdr::logging: tab focused event="tab.focus" subsystem="tab" outcome="ok" workspace_id="wB" tab_id="wB:t1"
2026-08-01T17:58:28.624206Z  INFO herdr::logging: session saved event="persist.save" subsystem="persist" outcome="ok" path=/home/btw/.config/herdr/session.json workspaces=3
2026-08-01T17:58:53.066282Z  INFO herdr::logging: tab focused event="tab.focus" subsystem="tab" outcome="ok" workspace_id="wB" tab_id="wB:t2"
2026-08-01T17:58:58.068843Z  INFO herdr::logging: session saved event="persist.save" subsystem="persist" outcome="ok" path=/home/btw/.config/herdr/session.json workspaces=3
2026-08-01T17:59:11.691903Z  INFO herdr::logging: tab focused event="tab.focus" subsystem="tab" outcome="ok" workspace_id="wB" tab_id="wB:t1"
2026-08-01T17:59:16.695104Z  INFO herdr::logging: session saved event="persist.save" subsystem="persist" outcome="ok" path=/home/btw/.config/herdr/session.json workspaces=3
2026-08-01T18:01:24.919916Z  INFO herdr::logging: tab focused event="tab.focus" subsystem="tab" outcome="ok" workspace_id="wB" tab_id="wB:t2"
2026-08-01T18:01:29.922451Z  INFO herdr::logging: session saved event="persist.save" subsystem="persist" outcome="ok" path=/home/btw/.config/herdr/session.json workspaces=3
2026-08-01T18:01:31.037901Z  INFO herdr::logging: tab focused event="tab.focus" subsystem="tab" outcome="ok" workspace_id="wB" tab_id="wB:t1"
2026-08-01T18:01:36.040194Z  INFO herdr::logging: session saved event="persist.save" subsystem="persist" outcome="ok" path=/home/btw/.config/herdr/session.json workspaces=3
2026-08-01T18:18:48.512963Z  INFO herdr::logging: checking for updates event="update.check.start" subsystem="update" outcome="started"
2026-08-01T18:48:48.513872Z  INFO herdr::logging: checking for updates event="update.check.start" subsystem="update" outcome="started"
2026-08-01T19:18:48.515342Z  INFO herdr::logging: checking for updates event="update.check.start" subsystem="update" outcome="started"
2026-08-01T19:48:48.516787Z  INFO herdr::logging: checking for updates event="update.check.start" subsystem="update" outcome="started"
2026-08-01T20:18:48.518416Z  INFO herdr::logging: checking for updates event="update.check.start" subsystem="update" outcome="started"
2026-08-01T20:48:48.519632Z  INFO herdr::logging: checking for updates event="update.check.start" subsystem="update" outcome="started"
2026-08-01T21:18:48.521022Z  INFO herdr::logging: checking for updates event="update.check.start" subsystem="update" outcome="started"
2026-08-01T21:37:39.637819Z  INFO herdr::server::headless: client disconnected client_id=2
2026-08-01T23:24:11.153420Z  INFO herdr::api::server: api server listening path=/home/btw/.config/herdr/herdr.sock
2026-08-01T23:24:11.161214Z  INFO herdr::logging: spawning pane terminal event="pane.spawn.start" subsystem="pane" outcome="started" pane_id=1 rows=24 cols=80 scrollback_limit_bytes=10000000
2026-08-01T23:24:11.167653Z  INFO herdr::logging: pane child spawned event="pane.spawned" subsystem="pane" outcome="ok" pane_id=1 pid=13659
2026-08-01T23:24:11.169244Z  INFO herdr::logging: spawning pane terminal event="pane.spawn.start" subsystem="pane" outcome="started" pane_id=2 rows=24 cols=80 scrollback_limit_bytes=10000000
2026-08-01T23:24:11.169977Z  INFO herdr::logging: pane child spawned event="pane.spawned" subsystem="pane" outcome="ok" pane_id=2 pid=13662
2026-08-01T23:24:11.172713Z  INFO herdr::logging: spawning pane terminal event="pane.spawn.start" subsystem="pane" outcome="started" pane_id=3 rows=24 cols=80 scrollback_limit_bytes=10000000
2026-08-01T23:24:11.173420Z  INFO herdr::logging: pane child spawned event="pane.spawned" subsystem="pane" outcome="ok" pane_id=3 pid=13665
2026-08-01T23:24:11.173640Z  INFO herdr::logging: spawning pane terminal event="pane.spawn.start" subsystem="pane" outcome="started" pane_id=4 rows=24 cols=80 scrollback_limit_bytes=10000000
2026-08-01T23:24:11.174371Z  INFO herdr::logging: pane child spawned event="pane.spawned" subsystem="pane" outcome="ok" pane_id=4 pid=13668
2026-08-01T23:24:11.174529Z  INFO herdr::logging: spawning pane terminal event="pane.spawn.start" subsystem="pane" outcome="started" pane_id=5 rows=24 cols=80 scrollback_limit_bytes=10000000
2026-08-01T23:24:11.175206Z  INFO herdr::logging: pane child spawned event="pane.spawned" subsystem="pane" outcome="ok" pane_id=5 pid=13671
2026-08-01T23:24:11.180178Z  INFO herdr::logging: spawning pane terminal event="pane.spawn.start" subsystem="pane" outcome="started" pane_id=6 rows=24 cols=80 scrollback_limit_bytes=10000000
2026-08-01T23:24:11.180890Z  INFO herdr::logging: pane child spawned event="pane.spawned" subsystem="pane" outcome="ok" pane_id=6 pid=13674
2026-08-01T23:24:11.181130Z  INFO herdr::logging: spawning pane terminal event="pane.spawn.start" subsystem="pane" outcome="started" pane_id=7 rows=24 cols=80 scrollback_limit_bytes=10000000
2026-08-01T23:24:11.182055Z  INFO herdr::logging: pane child spawned event="pane.spawned" subsystem="pane" outcome="ok" pane_id=7 pid=13677
2026-08-01T23:24:11.182258Z  INFO herdr::logging: spawning pane terminal event="pane.spawn.start" subsystem="pane" outcome="started" pane_id=8 rows=24 cols=80 scrollback_limit_bytes=10000000
2026-08-01T23:24:11.183214Z  INFO herdr::logging: pane child spawned event="pane.spawned" subsystem="pane" outcome="ok" pane_id=8 pid=13680
2026-08-01T23:24:11.185553Z  INFO herdr::logging: session restore evaluated event="persist.restore" subsystem="persist" outcome="ok" workspaces=3
2026-08-01T23:24:11.185583Z  INFO herdr::app: using pane scrollback configuration pane_scrollback_limit_bytes=10000000
2026-08-01T23:24:11.296474Z  INFO herdr::logging: checking for updates event="update.check.start" subsystem="update" outcome="started"
2026-08-01T23:24:11.299509Z  INFO herdr::server::headless: restored session already has workspaces; ignoring startup cwd cwd=/home/btw
2026-08-01T23:24:11.299989Z  INFO herdr::server::headless: client protocol socket listening path=/home/btw/.config/herdr/herdr-client.sock
2026-08-01T23:24:11.300037Z  INFO herdr::server::headless: herdr server started api_socket=/home/btw/.config/herdr/herdr.sock client_socket=/home/btw/.config/herdr/herdr-client.sock
2026-08-01T23:24:11.303468Z  INFO herdr::logging: herdr starting event="app.startup" subsystem="server" outcome="started" pid=13645
2026-08-01T23:24:11.355196Z  INFO herdr::server::headless: client connected client_id=2 cols=173 rows=42 cell_width_px=11 cell_height_px=25 render_encoding=SemanticFrame
2026-08-01T23:34:25.225105Z  INFO herdr::server::headless: client resize client_id=2 cols=172 rows=41 cell_width_px=11 cell_height_px=25
2026-08-01T23:34:31.342054Z  INFO herdr::server::headless: client resize client_id=2 cols=173 rows=42 cell_width_px=11 cell_height_px=25
2026-08-01T23:54:11.296762Z  INFO herdr::logging: checking for updates event="update.check.start" subsystem="update" outcome="started"
2026-08-02T00:24:11.298352Z  INFO herdr::logging: checking for updates event="update.check.start" subsystem="update" outcome="started"
2026-08-02T00:54:11.299533Z  INFO herdr::logging: checking for updates event="update.check.start" subsystem="update" outcome="started"
2026-08-02T01:24:11.301156Z  INFO herdr::logging: checking for updates event="update.check.start" subsystem="update" outcome="started"
2026-08-02T01:54:11.301850Z  INFO herdr::logging: checking for updates event="update.check.start" subsystem="update" outcome="started"
2026-08-02T02:05:04.637826Z  INFO herdr::server::headless: client resize client_id=2 cols=172 rows=41 cell_width_px=11 cell_height_px=25
2026-08-02T02:09:58.471713Z  INFO herdr::server::headless: client resize client_id=2 cols=85 rows=41 cell_width_px=11 cell_height_px=25
2026-08-02T02:10:04.581040Z  INFO herdr::server::headless: client resize client_id=2 cols=172 rows=41 cell_width_px=11 cell_height_px=25
2026-08-02T02:13:32.556346Z  INFO herdr::server::headless: client resize client_id=2 cols=173 rows=42 cell_width_px=11 cell_height_px=25
2026-08-02T02:18:05.713646Z  INFO herdr::server::headless: client resize client_id=2 cols=85 rows=41 cell_width_px=11 cell_height_px=25
2026-08-02T02:18:13.024335Z  INFO herdr::server::headless: client resize client_id=2 cols=172 rows=41 cell_width_px=11 cell_height_px=25
2026-08-02T02:18:15.928748Z  INFO herdr::server::headless: client resize client_id=2 cols=173 rows=42 cell_width_px=11 cell_height_px=25
2026-08-02T02:19:14.818515Z  INFO herdr::server::headless: client resize client_id=2 cols=172 rows=41 cell_width_px=11 cell_height_px=25
2026-08-02T02:19:20.225181Z  INFO herdr::server::headless: client resize client_id=2 cols=85 rows=41 cell_width_px=11 cell_height_px=25
2026-08-02T02:19:24.933050Z  INFO herdr::server::headless: client resize client_id=2 cols=172 rows=41 cell_width_px=11 cell_height_px=25
2026-08-02T02:19:52.276579Z  INFO herdr::server::headless: client resize client_id=2 cols=85 rows=41 cell_width_px=11 cell_height_px=25
2026-08-02T02:20:32.140174Z  INFO herdr::server::headless: client resize client_id=2 cols=172 rows=41 cell_width_px=11 cell_height_px=25
2026-08-02T02:22:33.399121Z  INFO herdr::server::headless: client resize client_id=2 cols=172 rows=40 cell_width_px=11 cell_height_px=25
2026-08-02T02:22:55.829358Z  INFO herdr::server::headless: client resize client_id=2 cols=172 rows=41 cell_width_px=11 cell_height_px=25
2026-08-02T02:24:11.303207Z  INFO herdr::logging: checking for updates event="update.check.start" subsystem="update" outcome="started"
2026-08-02T02:26:16.934434Z  INFO herdr::server::headless: client resize client_id=2 cols=170 rows=40 cell_width_px=11 cell_height_px=25
2026-08-02T02:26:19.337977Z  INFO herdr::server::headless: client resize client_id=2 cols=171 rows=40 cell_width_px=11 cell_height_px=25
2026-08-02T02:26:26.948586Z  INFO herdr::server::headless: client resize client_id=2 cols=170 rows=40 cell_width_px=11 cell_height_px=25
2026-08-02T02:26:39.962619Z  INFO herdr::server::headless: client resize client_id=2 cols=84 rows=40 cell_width_px=11 cell_height_px=25
2026-08-02T02:26:50.073688Z  INFO herdr::server::headless: client resize client_id=2 cols=170 rows=40 cell_width_px=11 cell_height_px=25
2026-08-02T02:26:53.777985Z  INFO herdr::server::headless: client resize client_id=2 cols=172 rows=41 cell_width_px=11 cell_height_px=25
2026-08-02T02:26:57.883620Z  INFO herdr::server::headless: client resize client_id=2 cols=85 rows=41 cell_width_px=11 cell_height_px=25
2026-08-02T02:26:59.685821Z  INFO herdr::server::headless: client resize client_id=2 cols=172 rows=41 cell_width_px=11 cell_height_px=25
2026-08-02T02:27:04.192847Z  INFO herdr::server::headless: client resize client_id=2 cols=85 rows=41 cell_width_px=11 cell_height_px=25
2026-08-02T02:27:10.200879Z  INFO herdr::server::headless: client resize client_id=2 cols=172 rows=41 cell_width_px=11 cell_height_px=25
2026-08-02T02:28:33.017888Z  INFO herdr::logging: spawning pane terminal event="pane.spawn.start" subsystem="pane" outcome="started" pane_id=9 rows=40 cols=144 scrollback_limit_bytes=10000000
2026-08-02T02:28:33.019248Z  INFO herdr::logging: pane child spawned event="pane.spawned" subsystem="pane" outcome="ok" pane_id=9 pid=83398
2026-08-02T02:28:33.019436Z  INFO herdr::logging: tab focused event="tab.focus" subsystem="tab" outcome="ok" workspace_id="wB" tab_id="wB:t1"
2026-08-02T02:28:35.927497Z  INFO herdr::logging: api request received event="api.request.start" subsystem="api" outcome="started" request_id="cli:workspace:focus" method="workspace.focus" changes_ui=true
2026-08-02T02:28:35.927573Z  INFO herdr::logging: workspace focused event="workspace.focus" subsystem="workspace" outcome="ok" workspace_id="wB"
2026-08-02T02:28:35.927598Z  INFO herdr::logging: tab focused event="tab.focus" subsystem="tab" outcome="ok" workspace_id="wB" tab_id="wB:t1"
2026-08-02T02:28:35.927627Z  INFO herdr::logging: api request completed event="api.request.complete" subsystem="api" outcome="ok" request_id="cli:workspace:focus" method="workspace.focus"
2026-08-02T02:28:40.929024Z  INFO herdr::logging: session saved event="persist.save" subsystem="persist" outcome="ok" path=/home/btw/.config/herdr/session.json workspaces=3
2026-08-02T02:33:49.721272Z  INFO herdr::logging: tab focused event="tab.focus" subsystem="tab" outcome="ok" workspace_id="wB" tab_id="wB:t1"
2026-08-02T02:33:54.724684Z  INFO herdr::logging: session saved event="persist.save" subsystem="persist" outcome="ok" path=/home/btw/.config/herdr/session.json workspaces=3
2026-08-02T02:34:07.777364Z  INFO herdr::logging: tab focused event="tab.focus" subsystem="tab" outcome="ok" workspace_id="wB" tab_id="wB:t1"
2026-08-02T02:34:12.780442Z  INFO herdr::logging: session saved event="persist.save" subsystem="persist" outcome="ok" path=/home/btw/.config/herdr/session.json workspaces=3
2026-08-02T02:34:53.558967Z  INFO herdr::logging: tab focused event="tab.focus" subsystem="tab" outcome="ok" workspace_id="wB" tab_id="wB:t1"
2026-08-02T02:34:58.561912Z  INFO herdr::logging: session saved event="persist.save" subsystem="persist" outcome="ok" path=/home/btw/.config/herdr/session.json workspaces=3
2026-08-02T02:34:59.250279Z  INFO herdr::logging: tab focused event="tab.focus" subsystem="tab" outcome="ok" workspace_id="wB" tab_id="wB:t1"
2026-08-02T02:35:04.252207Z  INFO herdr::logging: session saved event="persist.save" subsystem="persist" outcome="ok" path=/home/btw/.config/herdr/session.json workspaces=3
2026-08-02T02:35:10.152998Z  INFO herdr::logging: tab focused event="tab.focus" subsystem="tab" outcome="ok" workspace_id="wB" tab_id="wB:t1"
2026-08-02T02:35:15.156413Z  INFO herdr::logging: session saved event="persist.save" subsystem="persist" outcome="ok" path=/home/btw/.config/herdr/session.json workspaces=3
2026-08-02T02:35:15.624392Z  INFO herdr::logging: tab focused event="tab.focus" subsystem="tab" outcome="ok" workspace_id="wB" tab_id="wB:t1"
2026-08-02T02:35:20.627161Z  INFO herdr::logging: session saved event="persist.save" subsystem="persist" outcome="ok" path=/home/btw/.config/herdr/session.json workspaces=3
2026-08-02T02:35:24.496736Z  INFO herdr::logging: tab focused event="tab.focus" subsystem="tab" outcome="ok" workspace_id="wB" tab_id="wB:t1"
2026-08-02T02:35:29.500077Z  INFO herdr::logging: session saved event="persist.save" subsystem="persist" outcome="ok" path=/home/btw/.config/herdr/session.json workspaces=3
2026-08-02T02:35:29.788531Z  INFO herdr::logging: tab focused event="tab.focus" subsystem="tab" outcome="ok" workspace_id="wB" tab_id="wB:t1"
2026-08-02T02:35:34.791407Z  INFO herdr::logging: session saved event="persist.save" subsystem="persist" outcome="ok" path=/home/btw/.config/herdr/session.json workspaces=3
2026-08-02T02:35:41.004194Z  INFO herdr::logging: tab focused event="tab.focus" subsystem="tab" outcome="ok" workspace_id="wB" tab_id="wB:t1"
2026-08-02T02:35:41.429448Z  INFO herdr::logging: tab focused event="tab.focus" subsystem="tab" outcome="ok" workspace_id="wB" tab_id="wB:t1"
2026-08-02T02:35:41.977338Z  INFO herdr::logging: tab focused event="tab.focus" subsystem="tab" outcome="ok" workspace_id="wB" tab_id="wB:t1"
2026-08-02T02:35:46.979916Z  INFO herdr::logging: session saved event="persist.save" subsystem="persist" outcome="ok" path=/home/btw/.config/herdr/session.json workspaces=3
2026-08-02T02:35:51.764436Z  INFO herdr::logging: tab focused event="tab.focus" subsystem="tab" outcome="ok" workspace_id="wB" tab_id="wB:t1"
2026-08-02T02:35:56.767400Z  INFO herdr::logging: session saved event="persist.save" subsystem="persist" outcome="ok" path=/home/btw/.config/herdr/session.json workspaces=3
2026-08-02T02:36:01.328336Z  INFO herdr::logging: tab focused event="tab.focus" subsystem="tab" outcome="ok" workspace_id="wB" tab_id="wB:t1"
2026-08-02T02:36:06.331097Z  INFO herdr::logging: session saved event="persist.save" subsystem="persist" outcome="ok" path=/home/btw/.config/herdr/session.json workspaces=3
2026-08-02T02:36:19.241589Z  INFO herdr::logging: tab focused event="tab.focus" subsystem="tab" outcome="ok" workspace_id="wB" tab_id="wB:t1"
2026-08-02T02:36:24.244872Z  INFO herdr::logging: session saved event="persist.save" subsystem="persist" outcome="ok" path=/home/btw/.config/herdr/session.json workspaces=3
2026-08-02T02:36:30.673825Z  INFO herdr::logging: tab focused event="tab.focus" subsystem="tab" outcome="ok" workspace_id="wB" tab_id="wB:t1"
2026-08-02T02:36:35.677395Z  INFO herdr::logging: session saved event="persist.save" subsystem="persist" outcome="ok" path=/home/btw/.config/herdr/session.json workspaces=3
2026-08-02T02:36:39.025581Z  INFO herdr::logging: tab focused event="tab.focus" subsystem="tab" outcome="ok" workspace_id="wB" tab_id="wB:t1"
2026-08-02T02:36:44.028311Z  INFO herdr::logging: session saved event="persist.save" subsystem="persist" outcome="ok" path=/home/btw/.config/herdr/session.json workspaces=3
2026-08-02T02:36:46.987673Z  INFO herdr::logging: tab focused event="tab.focus" subsystem="tab" outcome="ok" workspace_id="wB" tab_id="wB:t1"
2026-08-02T02:36:51.990747Z  INFO herdr::logging: session saved event="persist.save" subsystem="persist" outcome="ok" path=/home/btw/.config/herdr/session.json workspaces=3
2026-08-02T02:37:16.033279Z  INFO herdr::logging: tab focused event="tab.focus" subsystem="tab" outcome="ok" workspace_id="wB" tab_id="wB:t1"
2026-08-02T02:37:21.035134Z  INFO herdr::logging: session saved event="persist.save" subsystem="persist" outcome="ok" path=/home/btw/.config/herdr/session.json workspaces=3
2026-08-02T02:37:24.695830Z  INFO herdr::logging: tab focused event="tab.focus" subsystem="tab" outcome="ok" workspace_id="wB" tab_id="wB:t1"
2026-08-02T02:37:29.699788Z  INFO herdr::logging: session saved event="persist.save" subsystem="persist" outcome="ok" path=/home/btw/.config/herdr/session.json workspaces=3
2026-08-02T02:38:22.050752Z  INFO herdr::logging: tab focused event="tab.focus" subsystem="tab" outcome="ok" workspace_id="wB" tab_id="wB:t1"
2026-08-02T02:38:27.053341Z  INFO herdr::logging: session saved event="persist.save" subsystem="persist" outcome="ok" path=/home/btw/.config/herdr/session.json workspaces=3
2026-08-02T02:38:31.116359Z  INFO herdr::logging: tab focused event="tab.focus" subsystem="tab" outcome="ok" workspace_id="wB" tab_id="wB:t1"
2026-08-02T02:38:31.563936Z  INFO herdr::logging: tab focused event="tab.focus" subsystem="tab" outcome="ok" workspace_id="wB" tab_id="wB:t1"
2026-08-02T02:38:31.842936Z  INFO herdr::logging: tab focused event="tab.focus" subsystem="tab" outcome="ok" workspace_id="wB" tab_id="wB:t1"
2026-08-02T02:38:31.943712Z  INFO herdr::logging: tab focused event="tab.focus" subsystem="tab" outcome="ok" workspace_id="wB" tab_id="wB:t1"
2026-08-02T02:38:32.043496Z  INFO herdr::logging: tab focused event="tab.focus" subsystem="tab" outcome="ok" workspace_id="wB" tab_id="wB:t1"
2026-08-02T02:38:32.145184Z  INFO herdr::logging: tab focused event="tab.focus" subsystem="tab" outcome="ok" workspace_id="wB" tab_id="wB:t1"
2026-08-02T02:38:32.222568Z  INFO herdr::logging: tab focused event="tab.focus" subsystem="tab" outcome="ok" workspace_id="wB" tab_id="wB:t1"
2026-08-02T02:38:32.300868Z  INFO herdr::logging: tab focused event="tab.focus" subsystem="tab" outcome="ok" workspace_id="wB" tab_id="wB:t1"
2026-08-02T02:38:32.367522Z  INFO herdr::logging: tab focused event="tab.focus" subsystem="tab" outcome="ok" workspace_id="wB" tab_id="wB:t1"
2026-08-02T02:38:32.446529Z  INFO herdr::logging: tab focused event="tab.focus" subsystem="tab" outcome="ok" workspace_id="wB" tab_id="wB:t1"
2026-08-02T02:38:32.546533Z  INFO herdr::logging: tab focused event="tab.focus" subsystem="tab" outcome="ok" workspace_id="wB" tab_id="wB:t1"
2026-08-02T02:38:32.670347Z  INFO herdr::logging: tab focused event="tab.focus" subsystem="tab" outcome="ok" workspace_id="wB" tab_id="wB:t1"
2026-08-02T02:38:32.781497Z  INFO herdr::logging: tab focused event="tab.focus" subsystem="tab" outcome="ok" workspace_id="wB" tab_id="wB:t1"
2026-08-02T02:38:32.883247Z  INFO herdr::logging: tab focused event="tab.focus" subsystem="tab" outcome="ok" workspace_id="wB" tab_id="wB:t1"
2026-08-02T02:38:32.960751Z  INFO herdr::logging: tab focused event="tab.focus" subsystem="tab" outcome="ok" workspace_id="wB" tab_id="wB:t1"
2026-08-02T02:38:33.062079Z  INFO herdr::logging: tab focused event="tab.focus" subsystem="tab" outcome="ok" workspace_id="wB" tab_id="wB:t1"
2026-08-02T02:38:33.239603Z  INFO herdr::logging: tab focused event="tab.focus" subsystem="tab" outcome="ok" workspace_id="wB" tab_id="wB:t1"
2026-08-02T02:38:33.340515Z  INFO herdr::logging: tab focused event="tab.focus" subsystem="tab" outcome="ok" workspace_id="wB" tab_id="wB:t1"
2026-08-02T02:38:33.451557Z  INFO herdr::logging: tab focused event="tab.focus" subsystem="tab" outcome="ok" workspace_id="wB" tab_id="wB:t1"
2026-08-02T02:38:33.552575Z  INFO herdr::logging: tab focused event="tab.focus" subsystem="tab" outcome="ok" workspace_id="wB" tab_id="wB:t1"
2026-08-02T02:38:33.575563Z  INFO herdr::logging: tab focused event="tab.focus" subsystem="tab" outcome="ok" workspace_id="wB" tab_id="wB:t1"
2026-08-02T02:38:38.578305Z  INFO herdr::logging: session saved event="persist.save" subsystem="persist" outcome="ok" path=/home/btw/.config/herdr/session.json workspaces=3
2026-08-02T02:39:46.685306Z  INFO herdr::logging: tab focused event="tab.focus" subsystem="tab" outcome="ok" workspace_id="wB" tab_id="wB:t1"
2026-08-02T02:39:49.026043Z  INFO herdr::logging: pane child exited event="pane.exit" subsystem="pane" outcome="completed" pane_id=9 status="ExitStatus { code: 0, signal: None }"
2026-08-02T02:39:49.026457Z  INFO herdr::pane: pane session terminated pane=9 pid=83398 signal=Hangup
2026-08-02T02:39:50.378229Z  INFO herdr::pane: agent changed pane=1 previous_agent=None agent=Some(OpenCode) process=opencode pgid=Some(89221)
2026-08-02T02:39:54.028674Z  INFO herdr::logging: session saved event="persist.save" subsystem="persist" outcome="ok" path=/home/btw/.config/herdr/session.json workspaces=3
2026-08-02T02:40:03.933033Z  INFO herdr::pane: agent changed pane=1 previous_agent=Some(OpenCode) agent=None pgid=Some(13659)
2026-08-02T02:40:04.936172Z  INFO herdr::pane: agent changed pane=1 previous_agent=None agent=Some(OpenCode) process=opencode pgid=Some(89420)
2026-08-02T02:40:16.385280Z  INFO herdr::pane: agent changed pane=1 previous_agent=Some(OpenCode) agent=None pgid=Some(13659)
2026-08-02T02:40:16.886997Z  INFO herdr::pane: agent changed pane=1 previous_agent=None agent=Some(OpenCode) process=opencode pgid=Some(89575)
2026-08-02T02:40:18.675051Z  INFO herdr::logging: spawning pane terminal event="pane.spawn.start" subsystem="pane" outcome="started" pane_id=10 rows=40 cols=144 scrollback_limit_bytes=10000000
2026-08-02T02:40:18.676507Z  INFO herdr::logging: pane child spawned event="pane.spawned" subsystem="pane" outcome="ok" pane_id=10 pid=89611
2026-08-02T02:40:18.676715Z  INFO herdr::logging: tab focused event="tab.focus" subsystem="tab" outcome="ok" workspace_id="wB" tab_id="wB:t1"
2026-08-02T02:40:21.234428Z  INFO herdr::pane: agent changed pane=10 previous_agent=None agent=Some(OpenCode) process=opencode pgid=Some(89714)
2026-08-02T02:40:23.679341Z  INFO herdr::logging: session saved event="persist.save" subsystem="persist" outcome="ok" path=/home/btw/.config/herdr/session.json workspaces=3
2026-08-02T02:40:28.692074Z  INFO herdr::logging: tab focused event="tab.focus" subsystem="tab" outcome="ok" workspace_id="wB" tab_id="wB:t1"
2026-08-02T02:40:31.044763Z  INFO herdr::pane: agent changed pane=1 previous_agent=Some(OpenCode) agent=None pgid=Some(13659)
2026-08-02T02:40:32.326063Z  INFO herdr::logging: pane child exited event="pane.exit" subsystem="pane" outcome="completed" pane_id=1 status="ExitStatus { code: 1, signal: None }"
2026-08-02T02:40:32.331200Z  INFO herdr::pane: pane session terminated pane=1 pid=13659 signal=Hangup
2026-08-02T02:40:32.331662Z  WARN herdr::app::actions: PaneDied for unknown pane pane=1
2026-08-02T02:40:34.488554Z  INFO herdr::pane: agent changed pane=10 previous_agent=Some(OpenCode) agent=None pgid=Some(89611)
2026-08-02T02:40:36.997017Z  INFO herdr::pane: agent changed pane=10 previous_agent=None agent=Some(OpenCode) process=opencode pgid=Some(89932)
2026-08-02T02:40:37.333293Z  INFO herdr::logging: session saved event="persist.save" subsystem="persist" outcome="ok" path=/home/btw/.config/herdr/session.json workspaces=3
2026-08-02T02:41:31.233419Z  INFO herdr::pane: agent changed pane=10 previous_agent=Some(OpenCode) agent=None pgid=Some(89611)
2026-08-02T02:54:11.304636Z  INFO herdr::logging: checking for updates event="update.check.start" subsystem="update" outcome="started"
2026-08-02T03:16:10.839942Z  INFO herdr::logging: workspace focused event="workspace.focus" subsystem="workspace" outcome="ok" workspace_id="wD"
2026-08-02T03:16:10.839991Z  INFO herdr::logging: tab focused event="tab.focus" subsystem="tab" outcome="ok" workspace_id="wD" tab_id="wD:t1"
2026-08-02T03:16:15.842651Z  INFO herdr::logging: session saved event="persist.save" subsystem="persist" outcome="ok" path=/home/btw/.config/herdr/session.json workspaces=3
2026-08-02T03:16:40.240560Z  INFO herdr::logging: workspace focused event="workspace.focus" subsystem="workspace" outcome="ok" workspace_id="wB"
2026-08-02T03:16:40.240608Z  INFO herdr::logging: tab focused event="tab.focus" subsystem="tab" outcome="ok" workspace_id="wB" tab_id="wB:t1"
2026-08-02T03:16:45.243237Z  INFO herdr::logging: session saved event="persist.save" subsystem="persist" outcome="ok" path=/home/btw/.config/herdr/session.json workspaces=3
2026-08-02T03:18:02.677901Z  INFO herdr::logging: tab focused event="tab.focus" subsystem="tab" outcome="ok" workspace_id="wB" tab_id="wB:t1"
2026-08-02T03:18:03.694741Z  INFO herdr::logging: tab focused event="tab.focus" subsystem="tab" outcome="ok" workspace_id="wB" tab_id="wB:t2"
2026-08-02T03:18:08.697932Z  INFO herdr::logging: session saved event="persist.save" subsystem="persist" outcome="ok" path=/home/btw/.config/herdr/session.json workspaces=3
2026-08-02T03:18:14.035654Z  INFO herdr::logging: tab focused event="tab.focus" subsystem="tab" outcome="ok" workspace_id="wB" tab_id="wB:t1"
2026-08-02T03:18:19.038811Z  INFO herdr::logging: session saved event="persist.save" subsystem="persist" outcome="ok" path=/home/btw/.config/herdr/session.json workspaces=3
2026-08-02T03:18:19.714861Z  INFO herdr::logging: tab focused event="tab.focus" subsystem="tab" outcome="ok" workspace_id="wB" tab_id="wB:t2"
2026-08-02T03:18:20.999838Z  INFO herdr::logging: tab focused event="tab.focus" subsystem="tab" outcome="ok" workspace_id="wB" tab_id="wB:t1"
2026-08-02T03:18:26.001658Z  INFO herdr::logging: session saved event="persist.save" subsystem="persist" outcome="ok" path=/home/btw/.config/herdr/session.json workspaces=3
2026-08-02T03:24:11.305847Z  INFO herdr::logging: checking for updates event="update.check.start" subsystem="update" outcome="started"
2026-08-02T03:54:11.306447Z  INFO herdr::logging: checking for updates event="update.check.start" subsystem="update" outcome="started"
2026-08-02T04:24:11.307483Z  INFO herdr::logging: checking for updates event="update.check.start" subsystem="update" outcome="started"
2026-08-02T04:32:34.701394Z  INFO herdr::server::headless: client disconnected client_id=2
2026-08-02T04:32:35.956816Z  INFO herdr::server::headless: client connected client_id=4 cols=173 rows=42 cell_width_px=11 cell_height_px=25 render_encoding=SemanticFrame
2026-08-02T04:32:37.459729Z  INFO herdr::server::headless: client resize client_id=4 cols=172 rows=41 cell_width_px=11 cell_height_px=25
2026-08-02T04:33:35.732769Z  INFO herdr::server::headless: client resize client_id=4 cols=85 rows=41 cell_width_px=11 cell_height_px=25
2026-08-02T04:33:37.636248Z  INFO herdr::server::headless: client resize client_id=4 cols=172 rows=41 cell_width_px=11 cell_height_px=25
2026-08-02T04:34:42.821920Z  INFO herdr::server::headless: client resize client_id=4 cols=85 rows=41 cell_width_px=11 cell_height_px=25
2026-08-02T04:34:44.725610Z  INFO herdr::server::headless: client resize client_id=4 cols=172 rows=41 cell_width_px=11 cell_height_px=25
2026-08-02T04:37:37.911030Z  INFO herdr::server::headless: client resize client_id=4 cols=85 rows=41 cell_width_px=11 cell_height_px=25
2026-08-02T04:37:48.121016Z  INFO herdr::server::headless: client resize client_id=4 cols=172 rows=41 cell_width_px=11 cell_height_px=25
2026-08-02T04:54:11.308844Z  INFO herdr::logging: checking for updates event="update.check.start" subsystem="update" outcome="started"
2026-08-02T04:59:35.584833Z  INFO herdr::server::headless: client resize client_id=4 cols=85 rows=41 cell_width_px=11 cell_height_px=25
2026-08-02T04:59:38.584851Z  INFO herdr::server::headless: client disconnected client_id=4
2026-08-02T05:00:48.909933Z  INFO herdr::server::headless: client connected client_id=6 cols=173 rows=42 cell_width_px=11 cell_height_px=25 render_encoding=SemanticFrame
2026-08-02T05:01:25.773264Z  INFO herdr::server::headless: client disconnected client_id=6
2026-08-02T05:02:57.179465Z  INFO herdr::server::headless: client connected client_id=8 cols=173 rows=42 cell_width_px=11 cell_height_px=25 render_encoding=SemanticFrame
2026-08-02T05:10:00.449664Z  INFO herdr::server::headless: client disconnected client_id=8
2026-08-02T13:06:20.671472Z  INFO herdr::api::server: api server listening path=/home/btw/.config/herdr/herdr.sock
2026-08-02T13:06:20.681246Z  INFO herdr::logging: spawning pane terminal event="pane.spawn.start" subsystem="pane" outcome="started" pane_id=1 rows=24 cols=80 scrollback_limit_bytes=10000000
2026-08-02T13:06:20.689589Z  INFO herdr::logging: pane child spawned event="pane.spawned" subsystem="pane" outcome="ok" pane_id=1 pid=9379
2026-08-02T13:06:20.693716Z  INFO herdr::logging: spawning pane terminal event="pane.spawn.start" subsystem="pane" outcome="started" pane_id=2 rows=24 cols=80 scrollback_limit_bytes=10000000
2026-08-02T13:06:20.694415Z  INFO herdr::logging: pane child spawned event="pane.spawned" subsystem="pane" outcome="ok" pane_id=2 pid=9382
2026-08-02T13:06:20.699028Z  INFO herdr::logging: spawning pane terminal event="pane.spawn.start" subsystem="pane" outcome="started" pane_id=3 rows=24 cols=80 scrollback_limit_bytes=10000000
2026-08-02T13:06:20.699750Z  INFO herdr::logging: pane child spawned event="pane.spawned" subsystem="pane" outcome="ok" pane_id=3 pid=9385
2026-08-02T13:06:20.699976Z  INFO herdr::logging: spawning pane terminal event="pane.spawn.start" subsystem="pane" outcome="started" pane_id=4 rows=24 cols=80 scrollback_limit_bytes=10000000
2026-08-02T13:06:20.700764Z  INFO herdr::logging: pane child spawned event="pane.spawned" subsystem="pane" outcome="ok" pane_id=4 pid=9388
2026-08-02T13:06:20.700935Z  INFO herdr::logging: spawning pane terminal event="pane.spawn.start" subsystem="pane" outcome="started" pane_id=5 rows=24 cols=80 scrollback_limit_bytes=10000000
2026-08-02T13:06:20.701584Z  INFO herdr::logging: pane child spawned event="pane.spawned" subsystem="pane" outcome="ok" pane_id=5 pid=9391
2026-08-02T13:06:20.705456Z  INFO herdr::logging: spawning pane terminal event="pane.spawn.start" subsystem="pane" outcome="started" pane_id=6 rows=24 cols=80 scrollback_limit_bytes=10000000
2026-08-02T13:06:20.706259Z  INFO herdr::logging: pane child spawned event="pane.spawned" subsystem="pane" outcome="ok" pane_id=6 pid=9394
2026-08-02T13:06:20.706465Z  INFO herdr::logging: spawning pane terminal event="pane.spawn.start" subsystem="pane" outcome="started" pane_id=7 rows=24 cols=80 scrollback_limit_bytes=10000000
2026-08-02T13:06:20.707251Z  INFO herdr::logging: pane child spawned event="pane.spawned" subsystem="pane" outcome="ok" pane_id=7 pid=9397
2026-08-02T13:06:20.707415Z  INFO herdr::logging: spawning pane terminal event="pane.spawn.start" subsystem="pane" outcome="started" pane_id=8 rows=24 cols=80 scrollback_limit_bytes=10000000
2026-08-02T13:06:20.708146Z  INFO herdr::logging: pane child spawned event="pane.spawned" subsystem="pane" outcome="ok" pane_id=8 pid=9400
2026-08-02T13:06:20.711948Z  INFO herdr::logging: session restore evaluated event="persist.restore" subsystem="persist" outcome="ok" workspaces=3
2026-08-02T13:06:20.711968Z  INFO herdr::app: using pane scrollback configuration pane_scrollback_limit_bytes=10000000
2026-08-02T13:06:20.831612Z  INFO herdr::logging: checking for updates event="update.check.start" subsystem="update" outcome="started"
2026-08-02T13:06:20.835832Z  INFO herdr::server::headless: restored session already has workspaces; ignoring startup cwd cwd=/home/btw
2026-08-02T13:06:20.836904Z  INFO herdr::server::headless: client protocol socket listening path=/home/btw/.config/herdr/herdr-client.sock
2026-08-02T13:06:20.836932Z  INFO herdr::server::headless: herdr server started api_socket=/home/btw/.config/herdr/herdr.sock client_socket=/home/btw/.config/herdr/herdr-client.sock
2026-08-02T13:06:20.843106Z  INFO herdr::logging: herdr starting event="app.startup" subsystem="server" outcome="started" pid=9365
2026-08-02T13:06:21.085517Z  INFO herdr::server::headless: client connected client_id=2 cols=173 rows=42 cell_width_px=11 cell_height_px=25 render_encoding=SemanticFrame
2026-08-02T13:36:20.831911Z  INFO herdr::logging: checking for updates event="update.check.start" subsystem="update" outcome="started"
2026-08-02T14:06:20.832911Z  INFO herdr::logging: checking for updates event="update.check.start" subsystem="update" outcome="started"
2026-08-02T14:07:47.003895Z  INFO herdr::logging: tab focused event="tab.focus" subsystem="tab" outcome="ok" workspace_id="wB" tab_id="wB:t2"
2026-08-02T14:07:52.008431Z  INFO herdr::logging: session saved event="persist.save" subsystem="persist" outcome="ok" path=/home/btw/.config/herdr/session.json workspaces=3
2026-08-02T14:09:58.201151Z  INFO herdr::logging: tab focused event="tab.focus" subsystem="tab" outcome="ok" workspace_id="wB" tab_id="wB:t1"
2026-08-02T14:10:03.202975Z  INFO herdr::logging: session saved event="persist.save" subsystem="persist" outcome="ok" path=/home/btw/.config/herdr/session.json workspaces=3
2026-08-02T14:10:17.695544Z  INFO herdr::server::headless: client resize client_id=2 cols=172 rows=41 cell_width_px=11 cell_height_px=25
2026-08-02T14:26:14.788141Z  INFO herdr::server::headless: client resize client_id=2 cols=173 rows=42 cell_width_px=11 cell_height_px=25
2026-08-02T14:28:25.006058Z  INFO herdr::logging: spawning pane terminal event="pane.spawn.start" subsystem="pane" outcome="started" pane_id=9 rows=41 cols=145 scrollback_limit_bytes=10000000
2026-08-02T14:28:25.007458Z  INFO herdr::logging: pane child spawned event="pane.spawned" subsystem="pane" outcome="ok" pane_id=9 pid=49933
2026-08-02T14:28:25.007657Z  INFO herdr::logging: tab focused event="tab.focus" subsystem="tab" outcome="ok" workspace_id="wB" tab_id="wB:t1"
2026-08-02T14:28:27.910456Z  INFO herdr::logging: api request received event="api.request.start" subsystem="api" outcome="started" request_id="cli:workspace:focus" method="workspace.focus" changes_ui=true
2026-08-02T14:28:27.910511Z  INFO herdr::logging: workspace focused event="workspace.focus" subsystem="workspace" outcome="ok" workspace_id="wB"
2026-08-02T14:28:27.910534Z  INFO herdr::logging: tab focused event="tab.focus" subsystem="tab" outcome="ok" workspace_id="wB" tab_id="wB:t1"
2026-08-02T14:28:27.910561Z  INFO herdr::logging: api request completed event="api.request.complete" subsystem="api" outcome="ok" request_id="cli:workspace:focus" method="workspace.focus"
2026-08-02T14:28:32.912222Z  INFO herdr::logging: session saved event="persist.save" subsystem="persist" outcome="ok" path=/home/btw/.config/herdr/session.json workspaces=3
2026-08-02T14:28:46.488911Z  INFO herdr::logging: tab focused event="tab.focus" subsystem="tab" outcome="ok" workspace_id="wB" tab_id="wB:t1"
2026-08-02T14:28:51.492440Z  INFO herdr::logging: session saved event="persist.save" subsystem="persist" outcome="ok" path=/home/btw/.config/herdr/session.json workspaces=3
2026-08-02T14:29:01.310770Z  INFO herdr::logging: tab focused event="tab.focus" subsystem="tab" outcome="ok" workspace_id="wB" tab_id="wB:t1"
2026-08-02T14:29:03.001382Z  INFO herdr::logging: pane child exited event="pane.exit" subsystem="pane" outcome="completed" pane_id=9 status="ExitStatus { code: 1, signal: None }"
2026-08-02T14:29:03.006844Z  INFO herdr::pane: pane session terminated pane=9 pid=49933 signal=Hangup
2026-08-02T14:29:03.007252Z  WARN herdr::app::actions: PaneDied for unknown pane pane=9
2026-08-02T14:29:08.007930Z  INFO herdr::logging: session saved event="persist.save" subsystem="persist" outcome="ok" path=/home/btw/.config/herdr/session.json workspaces=3
2026-08-02T14:36:20.834360Z  INFO herdr::logging: checking for updates event="update.check.start" subsystem="update" outcome="started"
2026-08-02T15:06:20.835763Z  INFO herdr::logging: checking for updates event="update.check.start" subsystem="update" outcome="started"
2026-08-02T15:36:20.837045Z  INFO herdr::logging: checking for updates event="update.check.start" subsystem="update" outcome="started"
2026-08-02T15:54:15.713595Z  INFO herdr::server::headless: client resize client_id=2 cols=173 rows=41 cell_width_px=11 cell_height_px=25
2026-08-02T15:54:17.315502Z  INFO herdr::server::headless: client resize client_id=2 cols=85 rows=41 cell_width_px=11 cell_height_px=25
2026-08-02T15:54:51.153863Z  INFO herdr::server::headless: client resize client_id=2 cols=172 rows=41 cell_width_px=11 cell_height_px=25
2026-08-02T15:54:52.255559Z  INFO herdr::server::headless: client resize client_id=2 cols=173 rows=42 cell_width_px=11 cell_height_px=25
2026-08-02T15:56:30.197743Z  INFO herdr::logging: spawning pane terminal event="pane.spawn.start" subsystem="pane" outcome="started" pane_id=10 rows=41 cols=145 scrollback_limit_bytes=10000000
2026-08-02T15:56:30.199130Z  INFO herdr::logging: pane child spawned event="pane.spawned" subsystem="pane" outcome="ok" pane_id=10 pid=75986
2026-08-02T15:56:30.199326Z  INFO herdr::logging: tab focused event="tab.focus" subsystem="tab" outcome="ok" workspace_id="wB" tab_id="wB:t1"
2026-08-02T15:56:35.202373Z  INFO herdr::logging: session saved event="persist.save" subsystem="persist" outcome="ok" path=/home/btw/.config/herdr/session.json workspaces=3
2026-08-02T16:06:20.838647Z  INFO herdr::logging: checking for updates event="update.check.start" subsystem="update" outcome="started"
2026-08-02T16:08:55.174496Z  INFO herdr::logging: pane child exited event="pane.exit" subsystem="pane" outcome="completed" pane_id=10 status="ExitStatus { code: 1, signal: None }"
2026-08-02T16:08:55.179856Z  INFO herdr::pane: pane session terminated pane=10 pid=75986 signal=Hangup
2026-08-02T16:08:55.180247Z  WARN herdr::app::actions: PaneDied for unknown pane pane=10
2026-08-02T16:09:00.181942Z  INFO herdr::logging: session saved event="persist.save" subsystem="persist" outcome="ok" path=/home/btw/.config/herdr/session.json workspaces=3
2026-08-02T16:36:20.840648Z  INFO herdr::logging: checking for updates event="update.check.start" subsystem="update" outcome="started"
2026-08-02T17:06:20.842096Z  INFO herdr::logging: checking for updates event="update.check.start" subsystem="update" outcome="started"
2026-08-02T17:20:25.761825Z  INFO herdr::server::headless: client disconnected client_id=2
2026-08-02T17:36:20.842857Z  INFO herdr::logging: checking for updates event="update.check.start" subsystem="update" outcome="started"
2026-08-02T18:06:20.844183Z  INFO herdr::logging: checking for updates event="update.check.start" subsystem="update" outcome="started"
2026-08-02T18:36:20.844680Z  INFO herdr::logging: checking for updates event="update.check.start" subsystem="update" outcome="started"
2026-08-02T18:57:05.723861Z  INFO herdr::server::headless: client connected client_id=4 cols=173 rows=42 cell_width_px=11 cell_height_px=25 render_encoding=SemanticFrame
2026-08-02T19:06:20.846461Z  INFO herdr::logging: checking for updates event="update.check.start" subsystem="update" outcome="started"
2026-08-02T19:20:43.900885Z  INFO herdr::logging: spawning pane terminal event="pane.spawn.start" subsystem="pane" outcome="started" pane_id=11 rows=41 cols=145 scrollback_limit_bytes=10000000
2026-08-02T19:20:43.902251Z  INFO herdr::logging: pane child spawned event="pane.spawned" subsystem="pane" outcome="ok" pane_id=11 pid=142820
2026-08-02T19:20:43.902467Z  INFO herdr::logging: tab focused event="tab.focus" subsystem="tab" outcome="ok" workspace_id="wB" tab_id="wB:t1"
2026-08-02T19:20:48.905764Z  INFO herdr::logging: session saved event="persist.save" subsystem="persist" outcome="ok" path=/home/btw/.config/herdr/session.json workspaces=3
2026-08-02T19:20:53.172912Z  INFO herdr::logging: tab focused event="tab.focus" subsystem="tab" outcome="ok" workspace_id="wB" tab_id="wB:t1"
2026-08-02T19:20:58.176807Z  INFO herdr::logging: session saved event="persist.save" subsystem="persist" outcome="ok" path=/home/btw/.config/herdr/session.json workspaces=3
2026-08-02T19:20:59.354986Z  INFO herdr::logging: tab focused event="tab.focus" subsystem="tab" outcome="ok" workspace_id="wB" tab_id="wB:t1"
2026-08-02T19:21:04.357754Z  INFO herdr::logging: session saved event="persist.save" subsystem="persist" outcome="ok" path=/home/btw/.config/herdr/session.json workspaces=3
2026-08-02T19:21:08.598035Z  INFO herdr::app::actions: copied selection to clipboard
2026-08-02T19:21:10.168835Z  INFO herdr::logging: tab focused event="tab.focus" subsystem="tab" outcome="ok" workspace_id="wB" tab_id="wB:t1"
2026-08-02T19:21:15.172246Z  INFO herdr::logging: session saved event="persist.save" subsystem="persist" outcome="ok" path=/home/btw/.config/herdr/session.json workspaces=3
2026-08-02T19:21:40.691398Z  INFO herdr::logging: tab focused event="tab.focus" subsystem="tab" outcome="ok" workspace_id="wB" tab_id="wB:t1"
2026-08-02T19:21:43.174420Z  INFO herdr::logging: tab focused event="tab.focus" subsystem="tab" outcome="ok" workspace_id="wB" tab_id="wB:t1"
2026-08-02T19:21:48.177119Z  INFO herdr::logging: session saved event="persist.save" subsystem="persist" outcome="ok" path=/home/btw/.config/herdr/session.json workspaces=3
2026-08-02T19:21:54.538323Z  INFO herdr::logging: tab focused event="tab.focus" subsystem="tab" outcome="ok" workspace_id="wB" tab_id="wB:t1"
2026-08-02T19:21:56.107701Z  INFO herdr::logging: pane child exited event="pane.exit" subsystem="pane" outcome="completed" pane_id=11 status="ExitStatus { code: 0, signal: None }"
2026-08-02T19:21:56.108054Z  INFO herdr::pane: pane session terminated pane=11 pid=142820 signal=Hangup
2026-08-02T19:22:01.109962Z  INFO herdr::logging: session saved event="persist.save" subsystem="persist" outcome="ok" path=/home/btw/.config/herdr/session.json workspaces=3
2026-08-02T19:30:23.696854Z  INFO herdr::logging: spawning pane terminal event="pane.spawn.start" subsystem="pane" outcome="started" pane_id=12 rows=41 cols=145 scrollback_limit_bytes=10000000
2026-08-02T19:30:23.698462Z  INFO herdr::logging: pane child spawned event="pane.spawned" subsystem="pane" outcome="ok" pane_id=12 pid=146864
2026-08-02T19:30:23.698728Z  INFO herdr::logging: tab focused event="tab.focus" subsystem="tab" outcome="ok" workspace_id="wB" tab_id="wB:t1"
2026-08-02T19:30:28.700911Z  INFO herdr::logging: session saved event="persist.save" subsystem="persist" outcome="ok" path=/home/btw/.config/herdr/session.json workspaces=3
2026-08-02T19:30:32.467898Z  INFO herdr::app::actions: copied selection to clipboard
2026-08-02T19:30:34.013562Z  INFO herdr::logging: pane child exited event="pane.exit" subsystem="pane" outcome="completed" pane_id=12 status="ExitStatus { code: 1, signal: None }"
2026-08-02T19:30:34.019614Z  INFO herdr::pane: pane session terminated pane=12 pid=146864 signal=Hangup
2026-08-02T19:30:34.020092Z  WARN herdr::app::actions: PaneDied for unknown pane pane=12
2026-08-02T19:30:39.021372Z  INFO herdr::logging: session saved event="persist.save" subsystem="persist" outcome="ok" path=/home/btw/.config/herdr/session.json workspaces=3
2026-08-02T19:35:55.759305Z  INFO herdr::logging: spawning pane terminal event="pane.spawn.start" subsystem="pane" outcome="started" pane_id=13 rows=41 cols=145 scrollback_limit_bytes=10000000
2026-08-02T19:35:55.760795Z  INFO herdr::logging: pane child spawned event="pane.spawned" subsystem="pane" outcome="ok" pane_id=13 pid=149153
2026-08-02T19:35:55.761004Z  INFO herdr::logging: tab focused event="tab.focus" subsystem="tab" outcome="ok" workspace_id="wB" tab_id="wB:t1"
2026-08-02T19:36:00.763459Z  INFO herdr::logging: session saved event="persist.save" subsystem="persist" outcome="ok" path=/home/btw/.config/herdr/session.json workspaces=3
2026-08-02T19:36:02.659348Z  INFO herdr::app::actions: copied selection to clipboard
2026-08-02T19:36:04.140315Z  INFO herdr::logging: tab focused event="tab.focus" subsystem="tab" outcome="ok" workspace_id="wB" tab_id="wB:t1"
2026-08-02T19:36:09.143829Z  INFO herdr::logging: session saved event="persist.save" subsystem="persist" outcome="ok" path=/home/btw/.config/herdr/session.json workspaces=3
2026-08-02T19:36:20.848433Z  INFO herdr::logging: checking for updates event="update.check.start" subsystem="update" outcome="started"
2026-08-02T19:36:22.292218Z  INFO herdr::logging: tab focused event="tab.focus" subsystem="tab" outcome="ok" workspace_id="wB" tab_id="wB:t1"
2026-08-02T19:36:23.303107Z  INFO herdr::app::actions: copied selection to clipboard
2026-08-02T19:36:25.284220Z  INFO herdr::logging: tab focused event="tab.focus" subsystem="tab" outcome="ok" workspace_id="wB" tab_id="wB:t1"
2026-08-02T19:36:30.287365Z  INFO herdr::logging: session saved event="persist.save" subsystem="persist" outcome="ok" path=/home/btw/.config/herdr/session.json workspaces=3
2026-08-02T19:36:34.126046Z  INFO herdr::logging: tab focused event="tab.focus" subsystem="tab" outcome="ok" workspace_id="wB" tab_id="wB:t1"
2026-08-02T19:36:35.007150Z  INFO herdr::app::actions: copied selection to clipboard
2026-08-02T19:36:36.158054Z  INFO herdr::logging: tab focused event="tab.focus" subsystem="tab" outcome="ok" workspace_id="wB" tab_id="wB:t1"
2026-08-02T19:36:41.161865Z  INFO herdr::logging: session saved event="persist.save" subsystem="persist" outcome="ok" path=/home/btw/.config/herdr/session.json workspaces=3
2026-08-02T19:36:49.072047Z  INFO herdr::logging: tab focused event="tab.focus" subsystem="tab" outcome="ok" workspace_id="wB" tab_id="wB:t1"
2026-08-02T19:36:49.883906Z  INFO herdr::logging: pane child exited event="pane.exit" subsystem="pane" outcome="completed" pane_id=13 status="ExitStatus { code: 1, signal: None }"
2026-08-02T19:36:49.889514Z  INFO herdr::pane: pane session terminated pane=13 pid=149153 signal=Hangup
2026-08-02T19:36:49.889944Z  WARN herdr::app::actions: PaneDied for unknown pane pane=13
2026-08-02T19:36:54.891554Z  INFO herdr::logging: session saved event="persist.save" subsystem="persist" outcome="ok" path=/home/btw/.config/herdr/session.json workspaces=3
2026-08-02T20:06:20.849733Z  INFO herdr::logging: checking for updates event="update.check.start" subsystem="update" outcome="started"
2026-08-02T20:17:29.530577Z  INFO herdr::app::actions: copied selection to clipboard
2026-08-02T20:28:12.718634Z  INFO herdr::logging: spawning pane terminal event="pane.spawn.start" subsystem="pane" outcome="started" pane_id=14 rows=41 cols=145 scrollback_limit_bytes=10000000
2026-08-02T20:28:12.720083Z  INFO herdr::logging: pane child spawned event="pane.spawned" subsystem="pane" outcome="ok" pane_id=14 pid=168799
2026-08-02T20:28:12.720276Z  INFO herdr::logging: tab focused event="tab.focus" subsystem="tab" outcome="ok" workspace_id="wB" tab_id="wB:t1"
2026-08-02T20:28:17.724180Z  INFO herdr::logging: session saved event="persist.save" subsystem="persist" outcome="ok" path=/home/btw/.config/herdr/session.json workspaces=3
2026-08-02T20:28:54.517245Z  INFO herdr::logging: pane child exited event="pane.exit" subsystem="pane" outcome="completed" pane_id=14 status="ExitStatus { code: 0, signal: None }"
2026-08-02T20:28:54.517584Z  INFO herdr::pane: pane session terminated pane=14 pid=168799 signal=Hangup
2026-08-02T20:28:59.519615Z  INFO herdr::logging: session saved event="persist.save" subsystem="persist" outcome="ok" path=/home/btw/.config/herdr/session.json workspaces=3
2026-08-02T20:36:20.850629Z  INFO herdr::logging: checking for updates event="update.check.start" subsystem="update" outcome="started"
2026-08-02T21:06:20.851738Z  INFO herdr::logging: checking for updates event="update.check.start" subsystem="update" outcome="started"
2026-08-02T21:36:20.853009Z  INFO herdr::logging: checking for updates event="update.check.start" subsystem="update" outcome="started"
2026-08-02T22:06:20.854471Z  INFO herdr::logging: checking for updates event="update.check.start" subsystem="update" outcome="started"
2026-08-02T22:13:52.749868Z  INFO herdr::logging: spawning pane terminal event="pane.spawn.start" subsystem="pane" outcome="started" pane_id=15 rows=41 cols=145 scrollback_limit_bytes=10000000
2026-08-02T22:13:52.751315Z  INFO herdr::logging: pane child spawned event="pane.spawned" subsystem="pane" outcome="ok" pane_id=15 pid=217365
2026-08-02T22:13:52.751563Z  INFO herdr::logging: tab focused event="tab.focus" subsystem="tab" outcome="ok" workspace_id="wB" tab_id="wB:t1"
2026-08-02T22:13:57.754144Z  INFO herdr::logging: session saved event="persist.save" subsystem="persist" outcome="ok" path=/home/btw/.config/herdr/session.json workspaces=3
2026-08-02T22:14:13.375053Z  INFO herdr::app::actions: copied selection to clipboard
2026-08-02T22:14:16.285815Z  INFO herdr::logging: tab focused event="tab.focus" subsystem="tab" outcome="ok" workspace_id="wB" tab_id="wB:t1"
2026-08-02T22:14:21.289616Z  INFO herdr::logging: session saved event="persist.save" subsystem="persist" outcome="ok" path=/home/btw/.config/herdr/session.json workspaces=3
2026-08-02T22:14:45.723515Z  INFO herdr::logging: tab focused event="tab.focus" subsystem="tab" outcome="ok" workspace_id="wB" tab_id="wB:t1"
2026-08-02T22:14:50.726199Z  INFO herdr::logging: session saved event="persist.save" subsystem="persist" outcome="ok" path=/home/btw/.config/herdr/session.json workspaces=3
2026-08-02T22:14:50.825556Z  INFO herdr::logging: tab focused event="tab.focus" subsystem="tab" outcome="ok" workspace_id="wB" tab_id="wB:t1"
2026-08-02T22:14:55.828386Z  INFO herdr::logging: session saved event="persist.save" subsystem="persist" outcome="ok" path=/home/btw/.config/herdr/session.json workspaces=3
2026-08-02T22:15:04.807270Z  INFO herdr::logging: tab focused event="tab.focus" subsystem="tab" outcome="ok" workspace_id="wB" tab_id="wB:t1"
2026-08-02T22:15:06.171229Z  INFO herdr::logging: pane child exited event="pane.exit" subsystem="pane" outcome="completed" pane_id=15 status="ExitStatus { code: 1, signal: None }"
2026-08-02T22:15:06.177136Z  INFO herdr::pane: pane session terminated pane=15 pid=217365 signal=Hangup
2026-08-02T22:15:06.177590Z  WARN herdr::app::actions: PaneDied for unknown pane pane=15
2026-08-02T22:15:11.178458Z  INFO herdr::logging: session saved event="persist.save" subsystem="persist" outcome="ok" path=/home/btw/.config/herdr/session.json workspaces=3
2026-08-02T22:15:49.372155Z  INFO herdr::logging: spawning pane terminal event="pane.spawn.start" subsystem="pane" outcome="started" pane_id=16 rows=41 cols=145 scrollback_limit_bytes=10000000
2026-08-02T22:15:49.373534Z  INFO herdr::logging: pane child spawned event="pane.spawned" subsystem="pane" outcome="ok" pane_id=16 pid=218452
2026-08-02T22:15:49.373738Z  INFO herdr::logging: tab focused event="tab.focus" subsystem="tab" outcome="ok" workspace_id="wB" tab_id="wB:t1"
2026-08-02T22:15:54.376731Z  INFO herdr::logging: session saved event="persist.save" subsystem="persist" outcome="ok" path=/home/btw/.config/herdr/session.json workspaces=3
2026-08-02T22:16:35.814344Z  INFO herdr::logging: pane child exited event="pane.exit" subsystem="pane" outcome="completed" pane_id=16 status="ExitStatus { code: 1, signal: None }"
2026-08-02T22:16:35.820459Z  INFO herdr::pane: pane session terminated pane=16 pid=218452 signal=Hangup
2026-08-02T22:16:35.820929Z  WARN herdr::app::actions: PaneDied for unknown pane pane=16
2026-08-02T22:16:40.822183Z  INFO herdr::logging: session saved event="persist.save" subsystem="persist" outcome="ok" path=/home/btw/.config/herdr/session.json workspaces=3
2026-08-02T22:20:57.380936Z  INFO herdr::server::headless: client resize client_id=4 cols=173 rows=41 cell_width_px=11 cell_height_px=25
2026-08-02T22:20:57.981425Z  INFO herdr::server::headless: client resize client_id=4 cols=173 rows=42 cell_width_px=11 cell_height_px=25
2026-08-02T22:20:58.381785Z  INFO herdr::server::headless: client resize client_id=4 cols=173 rows=41 cell_width_px=11 cell_height_px=25
2026-08-02T22:20:59.282495Z  INFO herdr::server::headless: client resize client_id=4 cols=173 rows=42 cell_width_px=11 cell_height_px=25
2026-08-02T22:20:59.682835Z  INFO herdr::server::headless: client resize client_id=4 cols=173 rows=41 cell_width_px=11 cell_height_px=25
2026-08-02T22:21:14.095135Z  INFO herdr::server::headless: client resize client_id=4 cols=85 rows=41 cell_width_px=11 cell_height_px=25
2026-08-02T22:21:16.297060Z  INFO herdr::server::headless: client resize client_id=4 cols=173 rows=41 cell_width_px=11 cell_height_px=25
2026-08-02T22:29:06.615270Z  INFO herdr::server::headless: client resize client_id=4 cols=173 rows=40 cell_width_px=11 cell_height_px=25
2026-08-02T22:29:13.020929Z  INFO herdr::server::headless: client resize client_id=4 cols=173 rows=41 cell_width_px=11 cell_height_px=25
2026-08-02T22:30:31.589290Z  INFO herdr::server::headless: client resize client_id=4 cols=173 rows=40 cell_width_px=11 cell_height_px=25
2026-08-02T22:30:36.492754Z  INFO herdr::server::headless: client resize client_id=4 cols=173 rows=41 cell_width_px=11 cell_height_px=25
2026-08-02T22:32:37.096304Z  INFO herdr::server::headless: client resize client_id=4 cols=173 rows=40 cell_width_px=11 cell_height_px=25
2026-08-02T22:32:38.898176Z  INFO herdr::server::headless: client resize client_id=4 cols=173 rows=41 cell_width_px=11 cell_height_px=25
2026-08-02T22:33:46.054567Z  INFO herdr::server::headless: client resize client_id=4 cols=173 rows=40 cell_width_px=11 cell_height_px=25
2026-08-02T22:34:24.887744Z  INFO herdr::server::headless: client resize client_id=4 cols=173 rows=41 cell_width_px=11 cell_height_px=25
2026-08-02T22:36:20.856196Z  INFO herdr::logging: checking for updates event="update.check.start" subsystem="update" outcome="started"
2026-08-02T22:36:59.420382Z  INFO herdr::server::headless: client resize client_id=4 cols=173 rows=40 cell_width_px=11 cell_height_px=25
2026-08-02T22:37:04.124681Z  INFO herdr::server::headless: client resize client_id=4 cols=173 rows=41 cell_width_px=11 cell_height_px=25
2026-08-02T22:46:14.375243Z  INFO herdr::server::headless: client disconnected client_id=4
2026-08-02T22:46:15.129167Z  INFO herdr::server::headless: client connected client_id=6 cols=173 rows=42 cell_width_px=11 cell_height_px=25 render_encoding=SemanticFrame
2026-08-02T22:46:22.788934Z  INFO herdr::server::headless: client disconnected client_id=6
2026-08-02T22:46:23.543702Z  INFO herdr::server::headless: client connected client_id=8 cols=173 rows=42 cell_width_px=11 cell_height_px=25 render_encoding=SemanticFrame
2026-08-02T22:46:50.536799Z  INFO herdr::server::headless: client disconnected client_id=8
2026-08-02T22:46:51.039995Z  INFO herdr::server::headless: client connected client_id=10 cols=173 rows=42 cell_width_px=11 cell_height_px=25 render_encoding=SemanticFrame
2026-08-02T22:48:24.680275Z  INFO herdr::logging: spawning pane terminal event="pane.spawn.start" subsystem="pane" outcome="started" pane_id=17 rows=41 cols=145 scrollback_limit_bytes=10000000
2026-08-02T22:48:24.681547Z  INFO herdr::logging: pane child spawned event="pane.spawned" subsystem="pane" outcome="ok" pane_id=17 pid=248582
2026-08-02T22:48:24.681786Z  INFO herdr::logging: tab focused event="tab.focus" subsystem="tab" outcome="ok" workspace_id="wB" tab_id="wB:tE"
2026-08-02T22:48:27.053695Z  INFO herdr::logging: pane child exited event="pane.exit" subsystem="pane" outcome="completed" pane_id=17 status="ExitStatus { code: 1, signal: None }"
2026-08-02T22:48:27.058303Z  INFO herdr::pane: pane session terminated pane=17 pid=248582 signal=Hangup
2026-08-02T22:48:27.058705Z  WARN herdr::app::actions: PaneDied for unknown pane pane=17
2026-08-02T22:48:28.393243Z  INFO herdr::logging: tab focused event="tab.focus" subsystem="tab" outcome="ok" workspace_id="wB" tab_id="wB:t1"
2026-08-02T22:48:33.394434Z  INFO herdr::logging: session saved event="persist.save" subsystem="persist" outcome="ok" path=/home/btw/.config/herdr/session.json workspaces=3
2026-08-02T22:48:38.580883Z  INFO herdr::logging: tab focused event="tab.focus" subsystem="tab" outcome="ok" workspace_id="wB" tab_id="wB:t1"
2026-08-02T22:48:43.581969Z  INFO herdr::logging: session saved event="persist.save" subsystem="persist" outcome="ok" path=/home/btw/.config/herdr/session.json workspaces=3
2026-08-02T23:06:20.856872Z  INFO herdr::logging: checking for updates event="update.check.start" subsystem="update" outcome="started"
2026-08-02T23:36:20.857512Z  INFO herdr::logging: checking for updates event="update.check.start" subsystem="update" outcome="started"
2026-08-03T00:06:20.858924Z  INFO herdr::logging: checking for updates event="update.check.start" subsystem="update" outcome="started"
2026-08-03T00:36:20.859638Z  INFO herdr::logging: checking for updates event="update.check.start" subsystem="update" outcome="started"
2026-08-03T01:06:20.860719Z  INFO herdr::logging: checking for updates event="update.check.start" subsystem="update" outcome="started"
2026-08-03T01:36:20.861597Z  INFO herdr::logging: checking for updates event="update.check.start" subsystem="update" outcome="started"
2026-08-03T02:06:20.863069Z  INFO herdr::logging: checking for updates event="update.check.start" subsystem="update" outcome="started"
2026-08-03T02:36:20.863858Z  INFO herdr::logging: checking for updates event="update.check.start" subsystem="update" outcome="started"
2026-08-03T03:06:20.865170Z  INFO herdr::logging: checking for updates event="update.check.start" subsystem="update" outcome="started"
2026-08-03T03:36:20.866462Z  INFO herdr::logging: checking for updates event="update.check.start" subsystem="update" outcome="started"
2026-08-03T04:06:20.867591Z  INFO herdr::logging: checking for updates event="update.check.start" subsystem="update" outcome="started"
2026-08-03T04:36:20.869203Z  INFO herdr::logging: checking for updates event="update.check.start" subsystem="update" outcome="started"
2026-08-03T04:54:06.040875Z  INFO herdr::server::headless: client disconnected client_id=10
2026-08-03T04:54:07.547750Z  INFO herdr::server::headless: client connected client_id=12 cols=173 rows=42 cell_width_px=11 cell_height_px=25 render_encoding=SemanticFrame
2026-08-03T05:06:20.870504Z  INFO herdr::logging: checking for updates event="update.check.start" subsystem="update" outcome="started"
2026-08-03T05:26:07.278048Z  INFO herdr::server::headless: client disconnected client_id=12
2026-08-03T14:58:36.148641Z  INFO herdr::api::server: api server listening path=/home/btw/.config/herdr/herdr.sock
2026-08-03T14:58:36.167254Z  INFO herdr::logging: spawning pane terminal event="pane.spawn.start" subsystem="pane" outcome="started" pane_id=1 rows=24 cols=80 scrollback_limit_bytes=10000000
2026-08-03T14:58:36.181611Z  INFO herdr::logging: pane child spawned event="pane.spawned" subsystem="pane" outcome="ok" pane_id=1 pid=9170
2026-08-03T14:58:36.188392Z  INFO herdr::logging: spawning pane terminal event="pane.spawn.start" subsystem="pane" outcome="started" pane_id=2 rows=24 cols=80 scrollback_limit_bytes=10000000
2026-08-03T14:58:36.189221Z  INFO herdr::logging: pane child spawned event="pane.spawned" subsystem="pane" outcome="ok" pane_id=2 pid=9175
2026-08-03T14:58:36.190655Z  INFO herdr::logging: spawning pane terminal event="pane.spawn.start" subsystem="pane" outcome="started" pane_id=3 rows=24 cols=80 scrollback_limit_bytes=10000000
2026-08-03T14:58:36.191322Z  INFO herdr::logging: pane child spawned event="pane.spawned" subsystem="pane" outcome="ok" pane_id=3 pid=9178
2026-08-03T14:58:36.191536Z  INFO herdr::logging: spawning pane terminal event="pane.spawn.start" subsystem="pane" outcome="started" pane_id=4 rows=24 cols=80 scrollback_limit_bytes=10000000
2026-08-03T14:58:36.192256Z  INFO herdr::logging: pane child spawned event="pane.spawned" subsystem="pane" outcome="ok" pane_id=4 pid=9181
2026-08-03T14:58:36.192446Z  INFO herdr::logging: spawning pane terminal event="pane.spawn.start" subsystem="pane" outcome="started" pane_id=5 rows=24 cols=80 scrollback_limit_bytes=10000000
2026-08-03T14:58:36.193160Z  INFO herdr::logging: pane child spawned event="pane.spawned" subsystem="pane" outcome="ok" pane_id=5 pid=9184
2026-08-03T14:58:36.202748Z  INFO herdr::logging: spawning pane terminal event="pane.spawn.start" subsystem="pane" outcome="started" pane_id=6 rows=24 cols=80 scrollback_limit_bytes=10000000
2026-08-03T14:58:36.203527Z  INFO herdr::logging: pane child spawned event="pane.spawned" subsystem="pane" outcome="ok" pane_id=6 pid=9193
2026-08-03T14:58:36.203755Z  INFO herdr::logging: spawning pane terminal event="pane.spawn.start" subsystem="pane" outcome="started" pane_id=7 rows=24 cols=80 scrollback_limit_bytes=10000000
2026-08-03T14:58:36.204622Z  INFO herdr::logging: pane child spawned event="pane.spawned" subsystem="pane" outcome="ok" pane_id=7 pid=9196
2026-08-03T14:58:36.204808Z  INFO herdr::logging: spawning pane terminal event="pane.spawn.start" subsystem="pane" outcome="started" pane_id=8 rows=24 cols=80 scrollback_limit_bytes=10000000
2026-08-03T14:58:36.205640Z  INFO herdr::logging: pane child spawned event="pane.spawned" subsystem="pane" outcome="ok" pane_id=8 pid=9199
2026-08-03T14:58:36.208254Z  INFO herdr::logging: session restore evaluated event="persist.restore" subsystem="persist" outcome="ok" workspaces=3
2026-08-03T14:58:36.208277Z  INFO herdr::app: using pane scrollback configuration pane_scrollback_limit_bytes=10000000
2026-08-03T14:58:36.330746Z  INFO herdr::logging: checking for updates event="update.check.start" subsystem="update" outcome="started"
2026-08-03T14:58:36.338583Z  INFO herdr::server::headless: restored session already has workspaces; ignoring startup cwd cwd=/home/btw
2026-08-03T14:58:36.339585Z  INFO herdr::server::headless: client protocol socket listening path=/home/btw/.config/herdr/herdr-client.sock
2026-08-03T14:58:36.339646Z  INFO herdr::server::headless: herdr server started api_socket=/home/btw/.config/herdr/herdr.sock client_socket=/home/btw/.config/herdr/herdr-client.sock
2026-08-03T14:58:36.348716Z  INFO herdr::logging: herdr starting event="app.startup" subsystem="server" outcome="started" pid=9156
2026-08-03T14:58:36.610302Z  INFO herdr::server::headless: client connected client_id=2 cols=173 rows=42 cell_width_px=11 cell_height_px=25 render_encoding=SemanticFrame
2026-08-03T15:01:33.804266Z  INFO herdr::app::actions: copied selection to clipboard
2026-08-03T15:02:14.816872Z  INFO herdr::app::actions: copied selection to clipboard
2026-08-03T15:04:08.686881Z  INFO herdr::app::actions: copied selection to clipboard
2026-08-03T15:19:17.906292Z  INFO herdr::server::headless: client resize client_id=2 cols=85 rows=41 cell_width_px=11 cell_height_px=25
2026-08-03T20:30:30.140337Z  INFO herdr::api::server: api server listening path=/home/btw/.config/herdr/herdr.sock
2026-08-03T20:30:30.148353Z  INFO herdr::logging: spawning pane terminal event="pane.spawn.start" subsystem="pane" outcome="started" pane_id=1 rows=24 cols=80 scrollback_limit_bytes=10000000
2026-08-03T20:30:30.154802Z  INFO herdr::logging: pane child spawned event="pane.spawned" subsystem="pane" outcome="ok" pane_id=1 pid=7967
2026-08-03T20:30:30.158166Z  INFO herdr::logging: spawning pane terminal event="pane.spawn.start" subsystem="pane" outcome="started" pane_id=2 rows=24 cols=80 scrollback_limit_bytes=10000000
2026-08-03T20:30:30.158860Z  INFO herdr::logging: pane child spawned event="pane.spawned" subsystem="pane" outcome="ok" pane_id=2 pid=7970
2026-08-03T20:30:30.159420Z  INFO herdr::logging: spawning pane terminal event="pane.spawn.start" subsystem="pane" outcome="started" pane_id=3 rows=24 cols=80 scrollback_limit_bytes=10000000
2026-08-03T20:30:30.160108Z  INFO herdr::logging: pane child spawned event="pane.spawned" subsystem="pane" outcome="ok" pane_id=3 pid=7973
2026-08-03T20:30:30.160330Z  INFO herdr::logging: spawning pane terminal event="pane.spawn.start" subsystem="pane" outcome="started" pane_id=4 rows=24 cols=80 scrollback_limit_bytes=10000000
2026-08-03T20:30:30.161014Z  INFO herdr::logging: pane child spawned event="pane.spawned" subsystem="pane" outcome="ok" pane_id=4 pid=7976
2026-08-03T20:30:30.161180Z  INFO herdr::logging: spawning pane terminal event="pane.spawn.start" subsystem="pane" outcome="started" pane_id=5 rows=24 cols=80 scrollback_limit_bytes=10000000
2026-08-03T20:30:30.161834Z  INFO herdr::logging: pane child spawned event="pane.spawned" subsystem="pane" outcome="ok" pane_id=5 pid=7979
2026-08-03T20:30:30.167533Z  INFO herdr::logging: spawning pane terminal event="pane.spawn.start" subsystem="pane" outcome="started" pane_id=6 rows=24 cols=80 scrollback_limit_bytes=10000000
2026-08-03T20:30:30.168309Z  INFO herdr::logging: pane child spawned event="pane.spawned" subsystem="pane" outcome="ok" pane_id=6 pid=7982
2026-08-03T20:30:30.168474Z  INFO herdr::logging: spawning pane terminal event="pane.spawn.start" subsystem="pane" outcome="started" pane_id=7 rows=24 cols=80 scrollback_limit_bytes=10000000
2026-08-03T20:30:30.169217Z  INFO herdr::logging: pane child spawned event="pane.spawned" subsystem="pane" outcome="ok" pane_id=7 pid=7985
2026-08-03T20:30:30.169395Z  INFO herdr::logging: spawning pane terminal event="pane.spawn.start" subsystem="pane" outcome="started" pane_id=8 rows=24 cols=80 scrollback_limit_bytes=10000000
2026-08-03T20:30:30.170108Z  INFO herdr::logging: pane child spawned event="pane.spawned" subsystem="pane" outcome="ok" pane_id=8 pid=7988
2026-08-03T20:30:30.173448Z  INFO herdr::logging: session restore evaluated event="persist.restore" subsystem="persist" outcome="ok" workspaces=3
2026-08-03T20:30:30.173468Z  INFO herdr::app: using pane scrollback configuration pane_scrollback_limit_bytes=10000000
2026-08-03T20:30:30.287830Z  INFO herdr::logging: checking for updates event="update.check.start" subsystem="update" outcome="started"
2026-08-03T20:30:30.293860Z  INFO herdr::server::headless: restored session already has workspaces; ignoring startup cwd cwd=/home/btw
2026-08-03T20:30:30.294989Z  INFO herdr::server::headless: client protocol socket listening path=/home/btw/.config/herdr/herdr-client.sock
2026-08-03T20:30:30.295013Z  INFO herdr::server::headless: herdr server started api_socket=/home/btw/.config/herdr/herdr.sock client_socket=/home/btw/.config/herdr/herdr-client.sock
2026-08-03T20:30:30.300498Z  INFO herdr::logging: herdr starting event="app.startup" subsystem="server" outcome="started" pid=7953
2026-08-03T20:30:30.559447Z  INFO herdr::server::headless: client connected client_id=2 cols=173 rows=42 cell_width_px=11 cell_height_px=25 render_encoding=SemanticFrame
2026-08-03T20:30:30.642899Z  INFO herdr::logging: update available event="update.available" subsystem="update" outcome="ok" version="0.8.0"
2026-08-03T20:30:30.642921Z  INFO herdr::update: new stable build available at https://github.com/herdrdev/herdr/releases/download/v0.8.0/herdr-linux-x86_64
2026-08-03T20:30:30.643478Z  INFO herdr::update: auto-update check: 0.8.0 available, waiting for explicit install
2026-08-03T20:30:46.758277Z  INFO herdr::server::headless: client disconnected client_id=2
2026-08-03T20:30:55.887077Z  INFO herdr::server::headless: server shutdown initiated
2026-08-03T20:30:55.937286Z  INFO herdr::server::headless: completing server shutdown
2026-08-03T20:30:55.939392Z  INFO herdr::logging: session saved event="persist.save" subsystem="persist" outcome="ok" path=/home/btw/.config/herdr/session.json workspaces=3
2026-08-03T20:30:55.939432Z  INFO herdr::server::headless: headless server exiting
2026-08-03T20:30:55.940554Z  INFO herdr::logging: pane child exited event="pane.exit" subsystem="pane" outcome="completed" pane_id=4 status="ExitStatus { code: 1, signal: None }"
2026-08-03T20:30:55.944627Z  INFO herdr::pane: pane session terminated pane=4 pid=7976 signal=Hangup
2026-08-03T20:30:55.945458Z  INFO herdr::logging: pane child exited event="pane.exit" subsystem="pane" outcome="completed" pane_id=6 status="ExitStatus { code: 1, signal: None }"
2026-08-03T20:30:55.949075Z  INFO herdr::pane: pane session terminated pane=6 pid=7982 signal=Hangup
2026-08-03T20:30:55.949932Z  INFO herdr::logging: pane child exited event="pane.exit" subsystem="pane" outcome="completed" pane_id=5 status="ExitStatus { code: 1, signal: None }"
2026-08-03T20:30:55.953470Z  INFO herdr::pane: pane session terminated pane=5 pid=7979 signal=Hangup
2026-08-03T20:30:55.954344Z  INFO herdr::logging: pane child exited event="pane.exit" subsystem="pane" outcome="completed" pane_id=2 status="ExitStatus { code: 1, signal: None }"
2026-08-03T20:30:55.957920Z  INFO herdr::pane: pane session terminated pane=2 pid=7970 signal=Hangup
2026-08-03T20:30:55.958789Z  INFO herdr::logging: pane child exited event="pane.exit" subsystem="pane" outcome="completed" pane_id=1 status="ExitStatus { code: 1, signal: None }"
2026-08-03T20:30:55.962272Z  INFO herdr::pane: pane session terminated pane=1 pid=7967 signal=Hangup
2026-08-03T20:30:55.963136Z  INFO herdr::logging: pane child exited event="pane.exit" subsystem="pane" outcome="completed" pane_id=7 status="ExitStatus { code: 1, signal: None }"
2026-08-03T20:30:55.966666Z  INFO herdr::pane: pane session terminated pane=7 pid=7985 signal=Hangup
2026-08-03T20:30:55.967495Z  INFO herdr::logging: pane child exited event="pane.exit" subsystem="pane" outcome="completed" pane_id=8 status="ExitStatus { code: 1, signal: None }"
2026-08-03T20:30:55.971016Z  INFO herdr::pane: pane session terminated pane=8 pid=7988 signal=Hangup
2026-08-03T20:30:55.971749Z  INFO herdr::logging: pane child exited event="pane.exit" subsystem="pane" outcome="completed" pane_id=3 status="ExitStatus { code: 1, signal: None }"
2026-08-03T20:30:55.975361Z  INFO herdr::pane: pane session terminated pane=3 pid=7973 signal=Hangup
2026-08-03T20:30:55.975934Z  INFO herdr::logging: herdr exiting event="app.shutdown" subsystem="server" outcome="completed" pid=7953
2026-08-03T20:30:58.189482Z  INFO herdr::api::server: api server listening path=/home/btw/.config/herdr/herdr.sock
2026-08-03T20:30:58.190391Z  INFO herdr::logging: spawning pane terminal event="pane.spawn.start" subsystem="pane" outcome="started" pane_id=1 rows=24 cols=80 scrollback_limit_bytes=10000000
2026-08-03T20:30:58.191112Z  INFO herdr::logging: pane child spawned event="pane.spawned" subsystem="pane" outcome="ok" pane_id=1 pid=9215
2026-08-03T20:30:58.191307Z  INFO herdr::logging: spawning pane terminal event="pane.spawn.start" subsystem="pane" outcome="started" pane_id=2 rows=24 cols=80 scrollback_limit_bytes=10000000
2026-08-03T20:30:58.191927Z  INFO herdr::logging: pane child spawned event="pane.spawned" subsystem="pane" outcome="ok" pane_id=2 pid=9218
2026-08-03T20:30:58.192171Z  INFO herdr::logging: spawning pane terminal event="pane.spawn.start" subsystem="pane" outcome="started" pane_id=3 rows=24 cols=80 scrollback_limit_bytes=10000000
2026-08-03T20:30:58.192815Z  INFO herdr::logging: pane child spawned event="pane.spawned" subsystem="pane" outcome="ok" pane_id=3 pid=9221
2026-08-03T20:30:58.193000Z  INFO herdr::logging: spawning pane terminal event="pane.spawn.start" subsystem="pane" outcome="started" pane_id=4 rows=24 cols=80 scrollback_limit_bytes=10000000
2026-08-03T20:30:58.193661Z  INFO herdr::logging: pane child spawned event="pane.spawned" subsystem="pane" outcome="ok" pane_id=4 pid=9224
2026-08-03T20:30:58.193820Z  INFO herdr::logging: spawning pane terminal event="pane.spawn.start" subsystem="pane" outcome="started" pane_id=5 rows=24 cols=80 scrollback_limit_bytes=10000000
2026-08-03T20:30:58.194512Z  INFO herdr::logging: pane child spawned event="pane.spawned" subsystem="pane" outcome="ok" pane_id=5 pid=9227
2026-08-03T20:30:58.194832Z  INFO herdr::logging: spawning pane terminal event="pane.spawn.start" subsystem="pane" outcome="started" pane_id=6 rows=24 cols=80 scrollback_limit_bytes=10000000
2026-08-03T20:30:58.195722Z  INFO herdr::logging: pane child spawned event="pane.spawned" subsystem="pane" outcome="ok" pane_id=6 pid=9230
2026-08-03T20:30:58.195968Z  INFO herdr::logging: spawning pane terminal event="pane.spawn.start" subsystem="pane" outcome="started" pane_id=7 rows=24 cols=80 scrollback_limit_bytes=10000000
2026-08-03T20:30:58.196904Z  INFO herdr::logging: pane child spawned event="pane.spawned" subsystem="pane" outcome="ok" pane_id=7 pid=9233
2026-08-03T20:30:58.197088Z  INFO herdr::logging: spawning pane terminal event="pane.spawn.start" subsystem="pane" outcome="started" pane_id=8 rows=24 cols=80 scrollback_limit_bytes=10000000
2026-08-03T20:30:58.198056Z  INFO herdr::logging: pane child spawned event="pane.spawned" subsystem="pane" outcome="ok" pane_id=8 pid=9236
2026-08-03T20:30:58.198338Z  INFO herdr::logging: session restore evaluated event="persist.restore" subsystem="persist" outcome="ok" workspaces=3
2026-08-03T20:30:58.198354Z  INFO herdr::app: using pane scrollback configuration pane_scrollback_limit_bytes=10000000
2026-08-03T20:30:58.286160Z  INFO herdr::logging: checking for updates event="update.check.start" subsystem="update" outcome="started"
2026-08-03T20:30:58.288934Z  INFO herdr::server::headless: restored session already has workspaces; ignoring startup cwd cwd=/home/btw
2026-08-03T20:30:58.289030Z  INFO herdr::server::headless: client protocol socket listening path=/home/btw/.config/herdr/herdr-client.sock
2026-08-03T20:30:58.289063Z  INFO herdr::server::headless: herdr server started api_socket=/home/btw/.config/herdr/herdr.sock client_socket=/home/btw/.config/herdr/herdr-client.sock
2026-08-03T20:30:58.289301Z  INFO herdr::logging: herdr starting event="app.startup" subsystem="server" outcome="started" pid=9198
2026-08-03T20:30:58.360409Z  INFO herdr::server::headless: client connected client_id=2 cols=173 rows=42 cell_width_px=11 cell_height_px=25 render_encoding=SemanticFrame
2026-08-03T20:32:57.134411Z  INFO herdr::server::headless: client resize client_id=2 cols=85 rows=41 cell_width_px=11 cell_height_px=25
2026-08-03T20:32:59.537677Z  INFO herdr::server::headless: client resize client_id=2 cols=173 rows=41 cell_width_px=11 cell_height_px=25
2026-08-03T20:37:53.608054Z  INFO herdr::server::headless: client resize client_id=2 cols=85 rows=41 cell_width_px=11 cell_height_px=25
2026-08-03T20:38:01.717622Z  INFO herdr::server::headless: client resize client_id=2 cols=85 rows=20 cell_width_px=11 cell_height_px=25
2026-08-03T20:38:04.022606Z  INFO herdr::server::headless: client resize client_id=2 cols=85 rows=41 cell_width_px=11 cell_height_px=25
2026-08-03T20:40:09.030741Z  INFO herdr::server::headless: client resize client_id=2 cols=173 rows=41 cell_width_px=11 cell_height_px=25
2026-08-03T21:00:58.287850Z  INFO herdr::logging: checking for updates event="update.check.start" subsystem="update" outcome="started"
2026-08-03T21:19:13.162578Z  INFO herdr::server::headless: client resize client_id=2 cols=85 rows=41 cell_width_px=11 cell_height_px=25
2026-08-03T21:19:15.466795Z  INFO herdr::server::headless: client resize client_id=2 cols=173 rows=41 cell_width_px=11 cell_height_px=25
2026-08-03T21:25:31.856524Z  INFO herdr::server::headless: client resize client_id=2 cols=85 rows=41 cell_width_px=11 cell_height_px=25
2026-08-03T21:25:39.066926Z  INFO herdr::server::headless: client resize client_id=2 cols=173 rows=41 cell_width_px=11 cell_height_px=25
2026-08-03T21:30:58.289373Z  INFO herdr::logging: checking for updates event="update.check.start" subsystem="update" outcome="started"
2026-08-03T21:31:07.916489Z  INFO herdr::server::headless: client resize client_id=2 cols=173 rows=40 cell_width_px=11 cell_height_px=25
2026-08-03T21:31:09.218238Z  INFO herdr::server::headless: client resize client_id=2 cols=173 rows=41 cell_width_px=11 cell_height_px=25
2026-08-03T21:42:06.064080Z  INFO herdr::server::headless: client resize client_id=2 cols=173 rows=42 cell_width_px=11 cell_height_px=25
2026-08-03T22:00:58.290714Z  INFO herdr::logging: checking for updates event="update.check.start" subsystem="update" outcome="started"
2026-08-03T22:13:03.344818Z  INFO herdr::app::actions: copied selection to clipboard
2026-08-03T22:15:44.435234Z  INFO herdr::app::actions: copied selection to clipboard
2026-08-03T22:30:58.290969Z  INFO herdr::logging: checking for updates event="update.check.start" subsystem="update" outcome="started"
2026-08-03T23:00:29.753077Z  INFO herdr::server::headless: client resize client_id=2 cols=144 rows=36 cell_width_px=22 cell_height_px=49
2026-08-03T23:00:43.966731Z  INFO herdr::server::headless: client resize client_id=2 cols=173 rows=42 cell_width_px=11 cell_height_px=25
2026-08-03T23:00:48.270321Z  INFO herdr::server::headless: client resize client_id=2 cols=216 rows=53 cell_width_px=11 cell_height_px=25
2026-08-03T23:00:58.291870Z  INFO herdr::logging: checking for updates event="update.check.start" subsystem="update" outcome="started"
2026-08-03T23:01:49.326907Z  INFO herdr::server::headless: client resize client_id=2 cols=173 rows=42 cell_width_px=11 cell_height_px=25
2026-08-03T23:04:21.862455Z  INFO herdr::server::headless: client resize client_id=2 cols=158 rows=40 cell_width_px=12 cell_height_px=26
2026-08-03T23:04:22.262822Z  INFO herdr::server::headless: client resize client_id=2 cols=146 rows=38 cell_width_px=13 cell_height_px=28
2026-08-03T23:04:22.763648Z  INFO herdr::server::headless: client resize client_id=2 cols=136 rows=35 cell_width_px=14 cell_height_px=30
2026-08-03T23:04:22.863453Z  INFO herdr::server::headless: client resize client_id=2 cols=136 rows=33 cell_width_px=14 cell_height_px=32
2026-08-03T23:04:25.265674Z  INFO herdr::server::headless: client resize client_id=2 cols=136 rows=35 cell_width_px=14 cell_height_px=30
2026-08-03T23:04:25.365729Z  INFO herdr::server::headless: client resize client_id=2 cols=146 rows=38 cell_width_px=13 cell_height_px=28
2026-08-03T23:04:25.565936Z  INFO herdr::server::headless: client resize client_id=2 cols=158 rows=40 cell_width_px=12 cell_height_px=26
2026-08-03T23:04:25.766123Z  INFO herdr::server::headless: client resize client_id=2 cols=173 rows=42 cell_width_px=11 cell_height_px=25
2026-08-03T23:04:26.266622Z  INFO herdr::server::headless: client resize client_id=2 cols=158 rows=40 cell_width_px=12 cell_height_px=26
2026-08-03T23:04:26.867168Z  INFO herdr::server::headless: client resize client_id=2 cols=146 rows=38 cell_width_px=13 cell_height_px=28
2026-08-03T23:04:34.775473Z  INFO herdr::server::headless: client resize client_id=2 cols=158 rows=40 cell_width_px=12 cell_height_px=26
2026-08-03T23:04:34.875561Z  INFO herdr::server::headless: client resize client_id=2 cols=173 rows=42 cell_width_px=11 cell_height_px=25
2026-08-03T23:04:35.576610Z  INFO herdr::server::headless: client resize client_id=2 cols=158 rows=40 cell_width_px=12 cell_height_px=26
2026-08-03T23:04:35.676960Z  INFO herdr::server::headless: client resize client_id=2 cols=146 rows=38 cell_width_px=13 cell_height_px=28
2026-08-03T23:04:35.776739Z  INFO herdr::server::headless: client resize client_id=2 cols=136 rows=35 cell_width_px=14 cell_height_px=30
2026-08-03T23:04:35.976948Z  INFO herdr::server::headless: client resize client_id=2 cols=136 rows=33 cell_width_px=14 cell_height_px=32
2026-08-03T23:04:36.977867Z  INFO herdr::server::headless: client resize client_id=2 cols=126 rows=32 cell_width_px=15 cell_height_px=33
2026-08-03T23:04:37.678451Z  INFO herdr::server::headless: client resize client_id=2 cols=136 rows=33 cell_width_px=14 cell_height_px=32
2026-08-03T23:04:37.878608Z  INFO herdr::server::headless: client resize client_id=2 cols=136 rows=35 cell_width_px=14 cell_height_px=30
2026-08-03T23:04:37.978704Z  INFO herdr::server::headless: client resize client_id=2 cols=146 rows=38 cell_width_px=13 cell_height_px=28
2026-08-03T23:04:38.178840Z  INFO herdr::server::headless: client resize client_id=2 cols=158 rows=40 cell_width_px=12 cell_height_px=26
2026-08-03T23:04:38.278973Z  INFO herdr::server::headless: client resize client_id=2 cols=173 rows=42 cell_width_px=11 cell_height_px=25
2026-08-03T23:04:39.379854Z  INFO herdr::server::headless: client resize client_id=2 cols=158 rows=40 cell_width_px=12 cell_height_px=26
2026-08-03T23:04:39.580313Z  INFO herdr::server::headless: client resize client_id=2 cols=146 rows=38 cell_width_px=13 cell_height_px=28
2026-08-03T23:05:31.574882Z  INFO herdr::app::actions: copied selection to clipboard
2026-08-03T23:14:06.454470Z  INFO herdr::server::headless: client detached client_id=2
2026-08-03T23:14:06.456230Z  INFO herdr::server::headless: client disconnected client_id=2
2026-08-03T23:14:06.974498Z  INFO herdr::server::headless: client connected client_id=4 cols=173 rows=42 cell_width_px=11 cell_height_px=25 render_encoding=SemanticFrame
2026-08-03T23:14:35.097719Z  INFO herdr::server::headless: client detached client_id=4
2026-08-03T23:14:35.098556Z  INFO herdr::server::headless: client disconnected client_id=4
2026-08-03T23:14:35.617718Z  INFO herdr::server::headless: client connected client_id=6 cols=146 rows=38 cell_width_px=13 cell_height_px=28 render_encoding=SemanticFrame
2026-08-03T23:14:54.429274Z  INFO herdr::server::headless: client detached client_id=6
2026-08-03T23:14:54.430124Z  INFO herdr::server::headless: client disconnected client_id=6
2026-08-03T23:14:54.949877Z  INFO herdr::server::headless: client connected client_id=8 cols=146 rows=38 cell_width_px=13 cell_height_px=28 render_encoding=SemanticFrame
2026-08-03T23:15:04.185014Z  INFO herdr::server::headless: client detached client_id=8
2026-08-03T23:15:04.185865Z  INFO herdr::server::headless: client disconnected client_id=8
2026-08-03T23:15:04.705086Z  INFO herdr::server::headless: client connected client_id=10 cols=146 rows=38 cell_width_px=13 cell_height_px=28 render_encoding=SemanticFrame
2026-08-03T23:15:10.729342Z  INFO herdr::pane: agent changed pane=1 previous_agent=None agent=Some(OpenCode) process=opencode pgid=Some(136758)
2026-08-03T23:15:13.830978Z  INFO herdr::logging: api request received event="api.request.start" subsystem="api" outcome="started" request_id="cli:workspace:focus" method="workspace.focus" changes_ui=true
2026-08-03T23:15:13.831048Z  INFO herdr::logging: workspace focused event="workspace.focus" subsystem="workspace" outcome="ok" workspace_id="wB"
2026-08-03T23:15:13.831084Z  INFO herdr::logging: tab focused event="tab.focus" subsystem="tab" outcome="ok" workspace_id="wB" tab_id="wB:t1"
2026-08-03T23:15:13.831329Z  INFO herdr::logging: api request completed event="api.request.complete" subsystem="api" outcome="ok" request_id="cli:workspace:focus" method="workspace.focus"
2026-08-03T23:15:15.849000Z  INFO herdr::pane: agent changed pane=1 previous_agent=Some(OpenCode) agent=None pgid=Some(9215)
2026-08-03T23:15:17.012747Z  INFO herdr::logging: tab focused event="tab.focus" subsystem="tab" outcome="ok" workspace_id="wB" tab_id="wB:t2"
2026-08-03T23:15:17.616651Z  INFO herdr::logging: tab focused event="tab.focus" subsystem="tab" outcome="ok" workspace_id="wB" tab_id="wB:t1"
2026-08-03T23:15:22.621084Z  INFO herdr::logging: session saved event="persist.save" subsystem="persist" outcome="ok" path=/home/btw/.config/herdr/session.json workspaces=3
2026-08-03T23:15:29.636029Z  INFO herdr::server::headless: client detached client_id=10
2026-08-03T23:15:29.636740Z  INFO herdr::server::headless: client disconnected client_id=10
2026-08-03T23:15:30.156132Z  INFO herdr::server::headless: client connected client_id=12 cols=146 rows=38 cell_width_px=13 cell_height_px=28 render_encoding=SemanticFrame
2026-08-03T23:15:33.103288Z  INFO herdr::server::headless: client detached client_id=12
2026-08-03T23:15:33.103999Z  INFO herdr::server::headless: client disconnected client_id=12
2026-08-03T23:15:33.623135Z  INFO herdr::server::headless: client connected client_id=14 cols=146 rows=38 cell_width_px=13 cell_height_px=28 render_encoding=SemanticFrame
2026-08-03T23:15:40.396725Z  INFO herdr::server::headless: client detached client_id=14
2026-08-03T23:15:40.397398Z  INFO herdr::server::headless: client disconnected client_id=14
2026-08-03T23:15:40.896662Z  INFO herdr::server::headless: client connected client_id=16 cols=146 rows=38 cell_width_px=13 cell_height_px=28 render_encoding=SemanticFrame
2026-08-03T23:15:54.793836Z  INFO herdr::server::headless: client detached client_id=16
2026-08-03T23:15:54.794493Z  INFO herdr::server::headless: client disconnected client_id=16
2026-08-03T23:16:14.648459Z  INFO herdr::server::headless: client connected client_id=18 cols=146 rows=38 cell_width_px=13 cell_height_px=28 render_encoding=SemanticFrame
2026-08-03T23:16:47.889445Z  INFO herdr::logging: workspace focused event="workspace.focus" subsystem="workspace" outcome="ok" workspace_id="wC"
2026-08-03T23:16:47.889488Z  INFO herdr::logging: tab focused event="tab.focus" subsystem="tab" outcome="ok" workspace_id="wC" tab_id="wC:t5"
2026-08-03T23:16:52.891503Z  INFO herdr::logging: session saved event="persist.save" subsystem="persist" outcome="ok" path=/home/btw/.config/herdr/session.json workspaces=3
2026-08-03T23:30:58.293208Z  INFO herdr::logging: checking for updates event="update.check.start" subsystem="update" outcome="started"
2026-08-03T23:42:09.514672Z  INFO herdr::logging: workspace focused event="workspace.focus" subsystem="workspace" outcome="ok" workspace_id="wB"
2026-08-03T23:42:09.514709Z  INFO herdr::logging: tab focused event="tab.focus" subsystem="tab" outcome="ok" workspace_id="wB" tab_id="wB:t1"
2026-08-03T23:42:14.517364Z  INFO herdr::logging: session saved event="persist.save" subsystem="persist" outcome="ok" path=/home/btw/.config/herdr/session.json workspaces=3
2026-08-04T00:00:58.295038Z  INFO herdr::logging: checking for updates event="update.check.start" subsystem="update" outcome="started"
2026-08-04T00:30:58.296921Z  INFO herdr::logging: checking for updates event="update.check.start" subsystem="update" outcome="started"
2026-08-04T01:00:58.298548Z  INFO herdr::logging: checking for updates event="update.check.start" subsystem="update" outcome="started"
2026-08-04T01:30:58.298850Z  INFO herdr::logging: checking for updates event="update.check.start" subsystem="update" outcome="started"
2026-08-04T02:00:58.300929Z  INFO herdr::logging: checking for updates event="update.check.start" subsystem="update" outcome="started"
2026-08-04T02:12:56.954218Z  INFO herdr::server::headless: client detached client_id=18
2026-08-04T02:12:56.955273Z  INFO herdr::server::headless: client disconnected client_id=18
2026-08-04T02:14:01.772744Z  INFO herdr::server::headless: client connected client_id=20 cols=146 rows=38 cell_width_px=13 cell_height_px=28 render_encoding=SemanticFrame
2026-08-04T02:14:02.864061Z  INFO herdr::server::headless: client detached client_id=20
2026-08-04T02:14:02.864765Z  INFO herdr::server::headless: client disconnected client_id=20
2026-08-04T02:15:48.101423Z  INFO herdr::server::headless: client connected client_id=22 cols=146 rows=38 cell_width_px=13 cell_height_px=28 render_encoding=SemanticFrame
2026-08-04T02:30:55.495778Z  INFO herdr::server::headless: client resize client_id=22 cols=146 rows=37 cell_width_px=13 cell_height_px=28
2026-08-04T02:30:58.302761Z  INFO herdr::logging: checking for updates event="update.check.start" subsystem="update" outcome="started"
2026-08-04T03:00:58.302870Z  INFO herdr::logging: checking for updates event="update.check.start" subsystem="update" outcome="started"
2026-08-04T03:18:47.567036Z  INFO herdr::server::headless: client resize client_id=22 cols=72 rows=37 cell_width_px=13 cell_height_px=28
2026-08-04T03:18:49.368492Z  INFO herdr::server::headless: client resize client_id=22 cols=146 rows=37 cell_width_px=13 cell_height_px=28
2026-08-04T03:22:46.568162Z  INFO herdr::server::headless: client resize client_id=22 cols=72 rows=37 cell_width_px=13 cell_height_px=28
2026-08-04T03:22:50.071077Z  INFO herdr::server::headless: client resize client_id=22 cols=146 rows=37 cell_width_px=13 cell_height_px=28
2026-08-04T03:23:27.801395Z  INFO herdr::server::headless: client resize client_id=22 cols=72 rows=37 cell_width_px=13 cell_height_px=28
2026-08-04T03:23:33.105653Z  INFO herdr::server::headless: client resize client_id=22 cols=146 rows=37 cell_width_px=13 cell_height_px=28
2026-08-04T03:30:58.304105Z  INFO herdr::logging: checking for updates event="update.check.start" subsystem="update" outcome="started"
2026-08-04T04:00:58.305332Z  INFO herdr::logging: checking for updates event="update.check.start" subsystem="update" outcome="started"
2026-08-04T04:30:58.306201Z  INFO herdr::logging: checking for updates event="update.check.start" subsystem="update" outcome="started"
2026-08-04T04:45:55.742283Z  INFO herdr::server::headless: client detached client_id=22
2026-08-04T04:45:55.743309Z  INFO herdr::server::headless: client disconnected client_id=22
2026-08-04T04:46:04.249897Z  INFO herdr::server::headless: server shutdown initiated
2026-08-04T04:46:04.300785Z  INFO herdr::server::headless: completing server shutdown
2026-08-04T04:46:04.301937Z  INFO herdr::logging: session saved event="persist.save" subsystem="persist" outcome="ok" path=/home/btw/.config/herdr/session.json workspaces=3
2026-08-04T04:46:04.301972Z  INFO herdr::server::headless: headless server exiting
2026-08-04T04:46:04.307820Z  INFO herdr::logging: pane child exited event="pane.exit" subsystem="pane" outcome="completed" pane_id=3 status="ExitStatus { code: 1, signal: None }"
2026-08-04T04:46:04.340019Z  INFO herdr::pane: pane session terminated pane=3 pid=9221 signal=Hangup
2026-08-04T04:46:04.392772Z  INFO herdr::logging: pane child exited event="pane.exit" subsystem="pane" outcome="completed" pane_id=7 status="ExitStatus { code: 1, signal: None }"
2026-08-04T04:46:04.425414Z  INFO herdr::logging: pane child exited event="pane.exit" subsystem="pane" outcome="completed" pane_id=6 status="ExitStatus { code: 1, signal: None }"
2026-08-04T04:46:04.520535Z  INFO herdr::logging: pane child exited event="pane.exit" subsystem="pane" outcome="completed" pane_id=5 status="ExitStatus { code: 1, signal: None }"
2026-08-04T04:46:04.582160Z  INFO herdr::logging: pane child exited event="pane.exit" subsystem="pane" outcome="completed" pane_id=2 status="ExitStatus { code: 1, signal: None }"
2026-08-04T04:46:04.594391Z  INFO herdr::pane: pane session terminated pane=2 pid=9218 signal=Hangup
2026-08-04T04:46:04.595399Z  INFO herdr::pane: pane session terminated pane=5 pid=9227 signal=Hangup
2026-08-04T04:46:04.619393Z  INFO herdr::logging: pane child exited event="pane.exit" subsystem="pane" outcome="completed" pane_id=4 status="ExitStatus { code: 1, signal: None }"
2026-08-04T04:46:04.622293Z  INFO herdr::pane: pane session terminated pane=4 pid=9224 signal=Hangup
2026-08-04T04:46:04.630958Z  INFO herdr::pane: pane session terminated pane=6 pid=9230 signal=Hangup
2026-08-04T04:46:04.680178Z  INFO herdr::logging: pane child exited event="pane.exit" subsystem="pane" outcome="completed" pane_id=8 status="ExitStatus { code: 1, signal: None }"
2026-08-04T04:46:04.699337Z  INFO herdr::pane: pane session terminated pane=8 pid=9236 signal=Hangup
2026-08-04T04:46:04.722156Z  INFO herdr::logging: pane child exited event="pane.exit" subsystem="pane" outcome="completed" pane_id=1 status="ExitStatus { code: 1, signal: None }"
2026-08-04T04:46:04.728280Z  INFO herdr::pane: pane session terminated pane=1 pid=9215 signal=Hangup
2026-08-04T04:46:04.729197Z  INFO herdr::pane: pane session terminated pane=7 pid=9233 signal=Hangup
2026-08-04T04:46:04.734096Z  INFO herdr::logging: herdr exiting event="app.shutdown" subsystem="server" outcome="completed" pid=9198
2026-08-04T15:18:22.192485Z  INFO herdr::api::server: api server listening path=/home/btw/.config/herdr/herdr.sock
2026-08-04T15:18:22.201385Z  INFO herdr::logging: spawning pane terminal event="pane.spawn.start" subsystem="pane" outcome="started" pane_id=1 rows=24 cols=80 scrollback_limit_bytes=10000000
2026-08-04T15:18:22.206909Z  INFO herdr::logging: pane child spawned event="pane.spawned" subsystem="pane" outcome="ok" pane_id=1 pid=8009
2026-08-04T15:18:22.209488Z  INFO herdr::logging: spawning pane terminal event="pane.spawn.start" subsystem="pane" outcome="started" pane_id=2 rows=24 cols=80 scrollback_limit_bytes=10000000
2026-08-04T15:18:22.210244Z  INFO herdr::logging: pane child spawned event="pane.spawned" subsystem="pane" outcome="ok" pane_id=2 pid=8012
2026-08-04T15:18:22.214944Z  INFO herdr::logging: spawning pane terminal event="pane.spawn.start" subsystem="pane" outcome="started" pane_id=3 rows=24 cols=80 scrollback_limit_bytes=10000000
2026-08-04T15:18:22.215687Z  INFO herdr::logging: pane child spawned event="pane.spawned" subsystem="pane" outcome="ok" pane_id=3 pid=8015
2026-08-04T15:18:22.215891Z  INFO herdr::logging: spawning pane terminal event="pane.spawn.start" subsystem="pane" outcome="started" pane_id=4 rows=24 cols=80 scrollback_limit_bytes=10000000
2026-08-04T15:18:22.216602Z  INFO herdr::logging: pane child spawned event="pane.spawned" subsystem="pane" outcome="ok" pane_id=4 pid=8018
2026-08-04T15:18:22.216770Z  INFO herdr::logging: spawning pane terminal event="pane.spawn.start" subsystem="pane" outcome="started" pane_id=5 rows=24 cols=80 scrollback_limit_bytes=10000000
2026-08-04T15:18:22.217417Z  INFO herdr::logging: pane child spawned event="pane.spawned" subsystem="pane" outcome="ok" pane_id=5 pid=8021
2026-08-04T15:18:22.224477Z  INFO herdr::logging: spawning pane terminal event="pane.spawn.start" subsystem="pane" outcome="started" pane_id=6 rows=24 cols=80 scrollback_limit_bytes=10000000
2026-08-04T15:18:22.225257Z  INFO herdr::logging: pane child spawned event="pane.spawned" subsystem="pane" outcome="ok" pane_id=6 pid=8024
2026-08-04T15:18:22.225430Z  INFO herdr::logging: spawning pane terminal event="pane.spawn.start" subsystem="pane" outcome="started" pane_id=7 rows=24 cols=80 scrollback_limit_bytes=10000000
2026-08-04T15:18:22.226171Z  INFO herdr::logging: pane child spawned event="pane.spawned" subsystem="pane" outcome="ok" pane_id=7 pid=8027
2026-08-04T15:18:22.226336Z  INFO herdr::logging: spawning pane terminal event="pane.spawn.start" subsystem="pane" outcome="started" pane_id=8 rows=24 cols=80 scrollback_limit_bytes=10000000
2026-08-04T15:18:22.227117Z  INFO herdr::logging: pane child spawned event="pane.spawned" subsystem="pane" outcome="ok" pane_id=8 pid=8030
2026-08-04T15:18:22.231585Z  INFO herdr::logging: session restore evaluated event="persist.restore" subsystem="persist" outcome="ok" workspaces=3
2026-08-04T15:18:22.232580Z  INFO herdr::app: using pane scrollback configuration pane_scrollback_limit_bytes=10000000
2026-08-04T15:18:22.354222Z  INFO herdr::logging: checking for updates event="update.check.start" subsystem="update" outcome="started"
2026-08-04T15:18:22.360544Z  INFO herdr::server::headless: restored session already has workspaces; ignoring startup cwd cwd=/home/btw
2026-08-04T15:18:22.361592Z  INFO herdr::server::headless: client protocol socket listening path=/home/btw/.config/herdr/herdr-client.sock
2026-08-04T15:18:22.361619Z  INFO herdr::server::headless: herdr server started api_socket=/home/btw/.config/herdr/herdr.sock client_socket=/home/btw/.config/herdr/herdr-client.sock
2026-08-04T15:18:22.367266Z  INFO herdr::logging: herdr starting event="app.startup" subsystem="server" outcome="started" pid=7995
2026-08-04T15:18:22.577568Z  INFO herdr::server::headless: client connected client_id=2 cols=146 rows=38 cell_width_px=13 cell_height_px=28 render_encoding=SemanticFrame
2026-08-04T15:48:22.355687Z  INFO herdr::logging: checking for updates event="update.check.start" subsystem="update" outcome="started"
2026-08-04T16:18:22.356554Z  INFO herdr::logging: checking for updates event="update.check.start" subsystem="update" outcome="started"
2026-08-04T16:27:07.553253Z  INFO herdr::server::headless: client detached client_id=2
2026-08-04T16:27:07.554184Z  INFO herdr::server::headless: client disconnected client_id=2
2026-08-04T16:27:08.324501Z  INFO herdr::server::headless: client connected client_id=4 cols=158 rows=40 cell_width_px=12 cell_height_px=26 render_encoding=SemanticFrame
2026-08-04T16:27:15.263471Z  INFO herdr::server::headless: client detached client_id=4
2026-08-04T16:27:15.264179Z  INFO herdr::server::headless: client disconnected client_id=4
2026-08-04T16:27:16.285371Z  INFO herdr::server::headless: client connected client_id=6 cols=173 rows=42 cell_width_px=11 cell_height_px=25 render_encoding=SemanticFrame
2026-08-04T16:27:56.024180Z  INFO herdr::app::actions: copied double-clicked token to clipboard
2026-08-04T16:28:43.678737Z  INFO herdr::app::actions: copied selection to clipboard
2026-08-04T16:28:53.420817Z  INFO herdr::app::actions: copied selection to clipboard
2026-08-04T16:28:59.872683Z  INFO herdr::app::actions: copied selection to clipboard
2026-08-04T16:29:13.164616Z  INFO herdr::app::actions: copied selection to clipboard
2026-08-04T16:48:22.356927Z  INFO herdr::logging: checking for updates event="update.check.start" subsystem="update" outcome="started"
2026-08-04T17:18:22.357993Z  INFO herdr::logging: checking for updates event="update.check.start" subsystem="update" outcome="started"
2026-08-04T17:48:22.363427Z  INFO herdr::logging: checking for updates event="update.check.start" subsystem="update" outcome="started"
2026-08-04T18:18:22.360165Z  INFO herdr::logging: checking for updates event="update.check.start" subsystem="update" outcome="started"
2026-08-04T18:48:22.361063Z  INFO herdr::logging: checking for updates event="update.check.start" subsystem="update" outcome="started"
2026-08-04T19:18:22.362618Z  INFO herdr::logging: checking for updates event="update.check.start" subsystem="update" outcome="started"
2026-08-04T19:48:22.366146Z  INFO herdr::logging: checking for updates event="update.check.start" subsystem="update" outcome="started"
2026-08-04T20:18:22.363966Z  INFO herdr::logging: checking for updates event="update.check.start" subsystem="update" outcome="started"
2026-08-04T20:48:22.365551Z  INFO herdr::logging: checking for updates event="update.check.start" subsystem="update" outcome="started"
2026-08-04T21:18:22.365985Z  INFO herdr::logging: checking for updates event="update.check.start" subsystem="update" outcome="started"
2026-08-04T21:48:22.366838Z  INFO herdr::logging: checking for updates event="update.check.start" subsystem="update" outcome="started"
2026-08-04T22:18:22.368806Z  INFO herdr::logging: checking for updates event="update.check.start" subsystem="update" outcome="started"
2026-08-04T22:48:22.369781Z  INFO herdr::logging: checking for updates event="update.check.start" subsystem="update" outcome="started"
2026-08-04T23:18:22.370579Z  INFO herdr::logging: checking for updates event="update.check.start" subsystem="update" outcome="started"
2026-08-04T23:48:22.371265Z  INFO herdr::logging: checking for updates event="update.check.start" subsystem="update" outcome="started"
2026-08-05T00:02:02.156576Z  INFO herdr::app::actions: copied double-clicked token to clipboard
2026-08-05T00:15:04.113501Z  INFO herdr::server::headless: client resize client_id=6 cols=231 rows=56 cell_width_px=11 cell_height_px=25
2026-08-05T00:15:16.926334Z  INFO herdr::server::headless: client resize client_id=6 cols=114 rows=28 cell_width_px=22 cell_height_px=49
2026-08-05T00:15:22.333688Z  INFO herdr::server::headless: client resize client_id=6 cols=138 rows=34 cell_width_px=22 cell_height_px=49
2026-08-05T00:15:46.259682Z  INFO herdr::server::headless: client resize client_id=6 cols=144 rows=36 cell_width_px=22 cell_height_px=49
2026-08-05T00:16:07.185683Z  INFO herdr::server::headless: client resize client_id=6 cols=173 rows=42 cell_width_px=11 cell_height_px=25
2026-08-05T00:17:11.585155Z  INFO herdr::logging: tab focused event="tab.focus" subsystem="tab" outcome="ok" workspace_id="wB" tab_id="wB:t2"
2026-08-05T00:17:16.600358Z  INFO herdr::logging: session saved event="persist.save" subsystem="persist" outcome="ok" path=/home/btw/.config/herdr/session.json workspaces=3
2026-08-05T00:18:22.372520Z  INFO herdr::logging: checking for updates event="update.check.start" subsystem="update" outcome="started"
2026-08-05T00:25:22.061391Z  INFO herdr::server::headless: client resize client_id=6 cols=144 rows=36 cell_width_px=22 cell_height_px=49
2026-08-05T00:25:35.887479Z  INFO herdr::logging: tab focused event="tab.focus" subsystem="tab" outcome="ok" workspace_id="wB" tab_id="wB:t1"
2026-08-05T00:25:40.889804Z  INFO herdr::logging: session saved event="persist.save" subsystem="persist" outcome="ok" path=/home/btw/.config/herdr/session.json workspaces=3
2026-08-05T00:28:28.494647Z  INFO herdr::server::headless: client resize client_id=6 cols=173 rows=42 cell_width_px=11 cell_height_px=25
2026-08-05T00:28:29.659318Z  INFO herdr::server::headless: client detached client_id=6
2026-08-05T00:28:29.665567Z  INFO herdr::server::headless: client disconnected client_id=6
2026-08-05T00:30:37.050325Z  INFO herdr::server::headless: client connected client_id=8 cols=173 rows=42 cell_width_px=11 cell_height_px=25 render_encoding=SemanticFrame
2026-08-05T00:30:41.359682Z  INFO herdr::server::headless: client resize client_id=8 cols=173 rows=41 cell_width_px=11 cell_height_px=25
2026-08-05T00:30:53.377392Z  INFO herdr::server::headless: client resize client_id=8 cols=173 rows=42 cell_width_px=11 cell_height_px=25
2026-08-05T00:30:59.889712Z  INFO herdr::server::headless: client resize client_id=8 cols=173 rows=41 cell_width_px=11 cell_height_px=25
2026-08-05T00:31:02.594721Z  INFO herdr::server::headless: client resize client_id=8 cols=173 rows=42 cell_width_px=11 cell_height_px=25
2026-08-05T00:31:11.509836Z  INFO herdr::server::headless: client resize client_id=8 cols=173 rows=41 cell_width_px=11 cell_height_px=25
2026-08-05T00:31:30.689393Z  INFO herdr::server::headless: client detached client_id=8
2026-08-05T00:31:30.690237Z  INFO herdr::server::headless: client disconnected client_id=8
2026-08-05T00:31:31.209688Z  INFO herdr::server::headless: client connected client_id=10 cols=146 rows=38 cell_width_px=13 cell_height_px=28 render_encoding=SemanticFrame
2026-08-05T00:31:42.900909Z  INFO herdr::server::headless: client detached client_id=10
2026-08-05T00:31:42.901618Z  INFO herdr::server::headless: client disconnected client_id=10
2026-08-05T00:31:43.673279Z  INFO herdr::server::headless: client connected client_id=12 cols=173 rows=42 cell_width_px=11 cell_height_px=25 render_encoding=SemanticFrame
2026-08-05T00:48:22.373538Z  INFO herdr::logging: checking for updates event="update.check.start" subsystem="update" outcome="started"
2026-08-05T01:18:22.374024Z  INFO herdr::logging: checking for updates event="update.check.start" subsystem="update" outcome="started"
2026-08-05T01:40:19.446245Z  INFO herdr::server::headless: client resize client_id=12 cols=144 rows=36 cell_width_px=22 cell_height_px=49
2026-08-05T01:40:23.156001Z  INFO herdr::server::headless: client connected client_id=14 cols=144 rows=36 cell_width_px=22 cell_height_px=49 render_encoding=SemanticFrame
2026-08-05T01:40:24.088615Z  INFO herdr::server::headless: client detached client_id=14
2026-08-05T01:40:24.088739Z  INFO herdr::server::headless: client disconnected client_id=14
2026-08-05T01:40:24.152634Z  INFO herdr::server::headless: client resize client_id=12 cols=144 rows=34 cell_width_px=22 cell_height_px=49
2026-08-05T01:40:25.169938Z  INFO herdr::server::headless: client detached client_id=12
2026-08-05T01:40:25.170632Z  INFO herdr::server::headless: client disconnected client_id=12
2026-08-05T01:40:25.942057Z  INFO herdr::server::headless: client connected client_id=16 cols=144 rows=36 cell_width_px=22 cell_height_px=49 render_encoding=SemanticFrame
2026-08-05T01:40:30.411157Z  INFO herdr::logging: tab focused event="tab.focus" subsystem="tab" outcome="ok" workspace_id="wB" tab_id="wB:t2"
2026-08-05T01:40:35.412455Z  INFO herdr::logging: session saved event="persist.save" subsystem="persist" outcome="ok" path=/home/btw/.config/herdr/session.json workspaces=3
2026-08-05T01:40:48.788911Z  INFO herdr::logging: tab focused event="tab.focus" subsystem="tab" outcome="ok" workspace_id="wB" tab_id="wB:t1"
2026-08-05T01:40:53.479273Z  INFO herdr::server::headless: client detached client_id=16
2026-08-05T01:40:53.480139Z  INFO herdr::server::headless: client disconnected client_id=16
2026-08-05T01:40:53.790677Z  INFO herdr::logging: session saved event="persist.save" subsystem="persist" outcome="ok" path=/home/btw/.config/herdr/session.json workspaces=3
2026-08-05T01:40:54.041730Z  INFO herdr::server::headless: client connected client_id=18 cols=166 rows=42 cell_width_px=19 cell_height_px=42 render_encoding=SemanticFrame
2026-08-05T01:40:57.775953Z  INFO herdr::logging: tab focused event="tab.focus" subsystem="tab" outcome="ok" workspace_id="wB" tab_id="wB:t2"
2026-08-05T01:41:02.778406Z  INFO herdr::logging: session saved event="persist.save" subsystem="persist" outcome="ok" path=/home/btw/.config/herdr/session.json workspaces=3
2026-08-05T01:41:08.606061Z  INFO herdr::logging: tab focused event="tab.focus" subsystem="tab" outcome="ok" workspace_id="wB" tab_id="wB:t1"
2026-08-05T01:41:11.931594Z  INFO herdr::server::headless: client detached client_id=18
2026-08-05T01:41:11.932643Z  INFO herdr::server::headless: client disconnected client_id=18
2026-08-05T01:41:12.452758Z  INFO herdr::server::headless: client connected client_id=20 cols=144 rows=36 cell_width_px=22 cell_height_px=49 render_encoding=SemanticFrame
2026-08-05T01:41:13.607658Z  INFO herdr::logging: session saved event="persist.save" subsystem="persist" outcome="ok" path=/home/btw/.config/herdr/session.json workspaces=3
2026-08-05T01:41:14.082732Z  INFO herdr::logging: tab focused event="tab.focus" subsystem="tab" outcome="ok" workspace_id="wB" tab_id="wB:t2"
2026-08-05T01:41:19.084586Z  INFO herdr::logging: session saved event="persist.save" subsystem="persist" outcome="ok" path=/home/btw/.config/herdr/session.json workspaces=3
2026-08-05T01:41:27.930619Z  INFO herdr::logging: tab focused event="tab.focus" subsystem="tab" outcome="ok" workspace_id="wB" tab_id="wB:t1"
2026-08-05T01:41:29.361716Z  INFO herdr::logging: tab focused event="tab.focus" subsystem="tab" outcome="ok" workspace_id="wB" tab_id="wB:t2"
2026-08-05T01:41:31.083936Z  INFO herdr::server::headless: client resize client_id=20 cols=132 rows=33 cell_width_px=24 cell_height_px=53
2026-08-05T01:41:31.184006Z  INFO herdr::server::headless: client resize client_id=20 cols=121 rows=31 cell_width_px=26 cell_height_px=57
2026-08-05T01:41:31.484566Z  INFO herdr::server::headless: client resize client_id=20 cols=117 rows=29 cell_width_px=27 cell_height_px=59
2026-08-05T01:41:34.364019Z  INFO herdr::logging: session saved event="persist.save" subsystem="persist" outcome="ok" path=/home/btw/.config/herdr/session.json workspaces=3
2026-08-05T01:41:42.498920Z  INFO herdr::server::headless: client detached client_id=20
2026-08-05T01:41:42.499692Z  INFO herdr::server::headless: client disconnected client_id=20
2026-08-05T01:41:43.018290Z  INFO herdr::server::headless: client connected client_id=22 cols=144 rows=36 cell_width_px=22 cell_height_px=49 render_encoding=SemanticFrame
2026-08-05T01:41:44.046465Z  INFO herdr::logging: tab focused event="tab.focus" subsystem="tab" outcome="ok" workspace_id="wB" tab_id="wB:t1"
2026-08-05T01:41:49.048275Z  INFO herdr::logging: session saved event="persist.save" subsystem="persist" outcome="ok" path=/home/btw/.config/herdr/session.json workspaces=3
2026-08-05T01:47:12.837309Z  INFO herdr::server::headless: client detached client_id=22
2026-08-05T01:47:12.838444Z  INFO herdr::server::headless: client disconnected client_id=22
2026-08-05T01:47:19.454654Z  INFO herdr::server::headless: server shutdown initiated
2026-08-05T01:47:19.473457Z  INFO herdr::logging: pane child exited event="pane.exit" subsystem="pane" outcome="completed" pane_id=1 status="ExitStatus { code: 1, signal: None }"
2026-08-05T01:47:19.504988Z  INFO herdr::server::headless: completing server shutdown
2026-08-05T01:47:19.511313Z  INFO herdr::logging: session saved event="persist.save" subsystem="persist" outcome="ok" path=/home/btw/.config/herdr/session.json workspaces=3
2026-08-05T01:47:19.512380Z  INFO herdr::server::headless: headless server exiting
2026-08-05T01:47:19.517055Z  INFO herdr::logging: pane child exited event="pane.exit" subsystem="pane" outcome="completed" pane_id=8 status="ExitStatus { code: 1, signal: None }"
2026-08-05T01:47:19.576842Z  INFO herdr::logging: pane child exited event="pane.exit" subsystem="pane" outcome="completed" pane_id=5 status="ExitStatus { code: 1, signal: None }"
2026-08-05T01:47:19.594551Z  INFO herdr::logging: pane child exited event="pane.exit" subsystem="pane" outcome="completed" pane_id=4 status="ExitStatus { code: 1, signal: None }"
2026-08-05T01:47:19.611604Z  INFO herdr::logging: pane child exited event="pane.exit" subsystem="pane" outcome="completed" pane_id=6 status="ExitStatus { code: 1, signal: None }"
2026-08-05T01:47:19.651880Z  INFO herdr::logging: pane child exited event="pane.exit" subsystem="pane" outcome="completed" pane_id=3 status="ExitStatus { code: 1, signal: None }"
2026-08-05T01:47:19.652325Z  INFO herdr::pane: pane session terminated pane=3 pid=8015 signal=Hangup
2026-08-05T01:47:19.709793Z  INFO herdr::pane: pane session terminated pane=4 pid=8018 signal=Hangup
2026-08-05T01:47:19.760814Z  INFO herdr::pane: pane session terminated pane=5 pid=8021 signal=Hangup
2026-08-05T01:47:19.782259Z  INFO herdr::pane: pane session terminated pane=1 pid=8009 signal=Hangup
2026-08-05T01:47:19.811502Z  INFO herdr::logging: pane child exited event="pane.exit" subsystem="pane" outcome="completed" pane_id=7 status="ExitStatus { code: 1, signal: None }"
2026-08-05T01:47:19.822296Z  INFO herdr::pane: pane session terminated pane=7 pid=8027 signal=Hangup
2026-08-05T01:47:20.133026Z  INFO herdr::logging: pane child exited event="pane.exit" subsystem="pane" outcome="completed" pane_id=2 status="ExitStatus { code: 1, signal: None }"
2026-08-05T01:47:20.143164Z  INFO herdr::pane: pane session terminated pane=2 pid=8012 signal=Terminate
2026-08-05T01:47:20.146244Z  INFO herdr::pane: pane session terminated pane=8 pid=8030 signal=Hangup
2026-08-05T01:47:20.159659Z  INFO herdr::pane: pane session terminated pane=6 pid=8024 signal=Hangup
2026-08-05T01:47:20.169380Z  INFO herdr::logging: herdr exiting event="app.shutdown" subsystem="server" outcome="completed" pid=7995
2026-08-05T01:48:41.162680Z  INFO herdr::api::server: api server listening path=/home/btw/.config/herdr/herdr.sock
2026-08-05T01:48:41.171468Z  INFO herdr::logging: spawning pane terminal event="pane.spawn.start" subsystem="pane" outcome="started" pane_id=1 rows=24 cols=80 scrollback_limit_bytes=10000000
2026-08-05T01:48:41.177059Z  INFO herdr::logging: pane child spawned event="pane.spawned" subsystem="pane" outcome="ok" pane_id=1 pid=10841
2026-08-05T01:48:41.179608Z  INFO herdr::logging: spawning pane terminal event="pane.spawn.start" subsystem="pane" outcome="started" pane_id=2 rows=24 cols=80 scrollback_limit_bytes=10000000
2026-08-05T01:48:41.180286Z  INFO herdr::logging: pane child spawned event="pane.spawned" subsystem="pane" outcome="ok" pane_id=2 pid=10844
2026-08-05T01:48:41.185005Z  INFO herdr::logging: spawning pane terminal event="pane.spawn.start" subsystem="pane" outcome="started" pane_id=3 rows=24 cols=80 scrollback_limit_bytes=10000000
2026-08-05T01:48:41.185745Z  INFO herdr::logging: pane child spawned event="pane.spawned" subsystem="pane" outcome="ok" pane_id=3 pid=10847
2026-08-05T01:48:41.185945Z  INFO herdr::logging: spawning pane terminal event="pane.spawn.start" subsystem="pane" outcome="started" pane_id=4 rows=24 cols=80 scrollback_limit_bytes=10000000
2026-08-05T01:48:41.186541Z  INFO herdr::logging: pane child spawned event="pane.spawned" subsystem="pane" outcome="ok" pane_id=4 pid=10850
2026-08-05T01:48:41.186686Z  INFO herdr::logging: spawning pane terminal event="pane.spawn.start" subsystem="pane" outcome="started" pane_id=5 rows=24 cols=80 scrollback_limit_bytes=10000000
2026-08-05T01:48:41.187317Z  INFO herdr::logging: pane child spawned event="pane.spawned" subsystem="pane" outcome="ok" pane_id=5 pid=10853
2026-08-05T01:48:41.194380Z  INFO herdr::logging: spawning pane terminal event="pane.spawn.start" subsystem="pane" outcome="started" pane_id=6 rows=24 cols=80 scrollback_limit_bytes=10000000
2026-08-05T01:48:41.195133Z  INFO herdr::logging: pane child spawned event="pane.spawned" subsystem="pane" outcome="ok" pane_id=6 pid=10856
2026-08-05T01:48:41.195318Z  INFO herdr::logging: spawning pane terminal event="pane.spawn.start" subsystem="pane" outcome="started" pane_id=7 rows=24 cols=80 scrollback_limit_bytes=10000000
2026-08-05T01:48:41.196039Z  INFO herdr::logging: pane child spawned event="pane.spawned" subsystem="pane" outcome="ok" pane_id=7 pid=10859
2026-08-05T01:48:41.196240Z  INFO herdr::logging: spawning pane terminal event="pane.spawn.start" subsystem="pane" outcome="started" pane_id=8 rows=24 cols=80 scrollback_limit_bytes=10000000
2026-08-05T01:48:41.197114Z  INFO herdr::logging: pane child spawned event="pane.spawned" subsystem="pane" outcome="ok" pane_id=8 pid=10862
2026-08-05T01:48:41.201203Z  INFO herdr::logging: session restore evaluated event="persist.restore" subsystem="persist" outcome="ok" workspaces=3
2026-08-05T01:48:41.202380Z  INFO herdr::app: using pane scrollback configuration pane_scrollback_limit_bytes=10000000
2026-08-05T01:48:41.321684Z  INFO herdr::logging: checking for updates event="update.check.start" subsystem="update" outcome="started"
2026-08-05T01:48:41.326560Z  INFO herdr::server::headless: restored session already has workspaces; ignoring startup cwd cwd=/home/btw
2026-08-05T01:48:41.326629Z  INFO herdr::server::headless: client protocol socket listening path=/home/btw/.config/herdr/herdr-client.sock
2026-08-05T01:48:41.326649Z  INFO herdr::server::headless: herdr server started api_socket=/home/btw/.config/herdr/herdr.sock client_socket=/home/btw/.config/herdr/herdr-client.sock
2026-08-05T01:48:41.332282Z  INFO herdr::logging: herdr starting event="app.startup" subsystem="server" outcome="started" pid=10827
2026-08-05T01:48:41.556653Z  INFO herdr::server::headless: client connected client_id=2 cols=144 rows=36 cell_width_px=22 cell_height_px=49 render_encoding=SemanticFrame
2026-08-05T02:18:41.323548Z  INFO herdr::logging: checking for updates event="update.check.start" subsystem="update" outcome="started"
2026-08-05T02:48:41.324659Z  INFO herdr::logging: checking for updates event="update.check.start" subsystem="update" outcome="started"
2026-08-05T03:18:41.325189Z  INFO herdr::logging: checking for updates event="update.check.start" subsystem="update" outcome="started"
2026-08-05T03:48:41.326413Z  INFO herdr::logging: checking for updates event="update.check.start" subsystem="update" outcome="started"
2026-08-05T04:18:41.327402Z  INFO herdr::logging: checking for updates event="update.check.start" subsystem="update" outcome="started"
2026-08-05T04:48:41.328773Z  INFO herdr::logging: checking for updates event="update.check.start" subsystem="update" outcome="started"
2026-08-05T14:39:54.459592Z  INFO herdr::api::server: api server listening path=/home/btw/.config/herdr/herdr.sock
2026-08-05T14:39:54.468312Z  INFO herdr::logging: spawning pane terminal event="pane.spawn.start" subsystem="pane" outcome="started" pane_id=1 rows=24 cols=80 scrollback_limit_bytes=10000000
2026-08-05T14:39:54.473863Z  INFO herdr::logging: pane child spawned event="pane.spawned" subsystem="pane" outcome="ok" pane_id=1 pid=7561
2026-08-05T14:39:54.476407Z  INFO herdr::logging: spawning pane terminal event="pane.spawn.start" subsystem="pane" outcome="started" pane_id=2 rows=24 cols=80 scrollback_limit_bytes=10000000
2026-08-05T14:39:54.477147Z  INFO herdr::logging: pane child spawned event="pane.spawned" subsystem="pane" outcome="ok" pane_id=2 pid=7564
2026-08-05T14:39:54.481933Z  INFO herdr::logging: spawning pane terminal event="pane.spawn.start" subsystem="pane" outcome="started" pane_id=3 rows=24 cols=80 scrollback_limit_bytes=10000000
2026-08-05T14:39:54.482655Z  INFO herdr::logging: pane child spawned event="pane.spawned" subsystem="pane" outcome="ok" pane_id=3 pid=7567
2026-08-05T14:39:54.482863Z  INFO herdr::logging: spawning pane terminal event="pane.spawn.start" subsystem="pane" outcome="started" pane_id=4 rows=24 cols=80 scrollback_limit_bytes=10000000
2026-08-05T14:39:54.483575Z  INFO herdr::logging: pane child spawned event="pane.spawned" subsystem="pane" outcome="ok" pane_id=4 pid=7570
2026-08-05T14:39:54.483736Z  INFO herdr::logging: spawning pane terminal event="pane.spawn.start" subsystem="pane" outcome="started" pane_id=5 rows=24 cols=80 scrollback_limit_bytes=10000000
2026-08-05T14:39:54.484393Z  INFO herdr::logging: pane child spawned event="pane.spawned" subsystem="pane" outcome="ok" pane_id=5 pid=7573
2026-08-05T14:39:54.491474Z  INFO herdr::logging: spawning pane terminal event="pane.spawn.start" subsystem="pane" outcome="started" pane_id=6 rows=24 cols=80 scrollback_limit_bytes=10000000
2026-08-05T14:39:54.492245Z  INFO herdr::logging: pane child spawned event="pane.spawned" subsystem="pane" outcome="ok" pane_id=6 pid=7576
2026-08-05T14:39:54.492418Z  INFO herdr::logging: spawning pane terminal event="pane.spawn.start" subsystem="pane" outcome="started" pane_id=7 rows=24 cols=80 scrollback_limit_bytes=10000000
2026-08-05T14:39:54.493139Z  INFO herdr::logging: pane child spawned event="pane.spawned" subsystem="pane" outcome="ok" pane_id=7 pid=7579
2026-08-05T14:39:54.493321Z  INFO herdr::logging: spawning pane terminal event="pane.spawn.start" subsystem="pane" outcome="started" pane_id=8 rows=24 cols=80 scrollback_limit_bytes=10000000
2026-08-05T14:39:54.494050Z  INFO herdr::logging: pane child spawned event="pane.spawned" subsystem="pane" outcome="ok" pane_id=8 pid=7582
2026-08-05T14:39:54.497859Z  INFO herdr::logging: session restore evaluated event="persist.restore" subsystem="persist" outcome="ok" workspaces=3
2026-08-05T14:39:54.498705Z  INFO herdr::app: using pane scrollback configuration pane_scrollback_limit_bytes=10000000
2026-08-05T14:39:54.621391Z  INFO herdr::logging: checking for updates event="update.check.start" subsystem="update" outcome="started"
2026-08-05T14:39:54.625745Z  INFO herdr::server::headless: restored session already has workspaces; ignoring startup cwd cwd=/home/btw
2026-08-05T14:39:54.625853Z  INFO herdr::server::headless: client protocol socket listening path=/home/btw/.config/herdr/herdr-client.sock
2026-08-05T14:39:54.625877Z  INFO herdr::server::headless: herdr server started api_socket=/home/btw/.config/herdr/herdr.sock client_socket=/home/btw/.config/herdr/herdr-client.sock
2026-08-05T14:39:54.630708Z  INFO herdr::logging: herdr starting event="app.startup" subsystem="server" outcome="started" pid=7547
2026-08-05T14:39:54.846926Z  INFO herdr::server::headless: client connected client_id=2 cols=144 rows=36 cell_width_px=22 cell_height_px=49 render_encoding=SemanticFrame
2026-08-05T14:40:28.124069Z  INFO herdr::server::headless: client resize client_id=2 cols=173 rows=42 cell_width_px=11 cell_height_px=25
2026-08-05T14:40:30.312825Z  INFO herdr::server::headless: client detached client_id=2
2026-08-05T14:40:30.313515Z  INFO herdr::server::headless: client disconnected client_id=2
2026-08-05T14:40:31.085726Z  INFO herdr::server::headless: client connected client_id=4 cols=173 rows=42 cell_width_px=11 cell_height_px=25 render_encoding=SemanticFrame
2026-08-05T14:40:45.049897Z  INFO herdr::logging: tab focused event="tab.focus" subsystem="tab" outcome="ok" workspace_id="wB" tab_id="wB:t2"
2026-08-05T14:40:49.569831Z  INFO herdr::logging: tab focused event="tab.focus" subsystem="tab" outcome="ok" workspace_id="wB" tab_id="wB:t1"
2026-08-05T14:40:54.573981Z  INFO herdr::logging: session saved event="persist.save" subsystem="persist" outcome="ok" path=/home/btw/.config/herdr/session.json workspaces=3
2026-08-05T15:09:54.622738Z  INFO herdr::logging: checking for updates event="update.check.start" subsystem="update" outcome="started"
2026-08-05T15:11:09.070540Z  INFO herdr::app::actions: copied selection to clipboard
2026-08-05T15:11:15.702394Z  INFO herdr::app::actions: copied selection to clipboard
2026-08-05T15:11:52.991820Z  INFO herdr::app::actions: copied selection to clipboard
2026-08-05T15:12:35.829496Z  INFO herdr::app::actions: copied selection to clipboard
2026-08-05T15:39:54.623568Z  INFO herdr::logging: checking for updates event="update.check.start" subsystem="update" outcome="started"
2026-08-05T16:09:54.624348Z  INFO herdr::logging: checking for updates event="update.check.start" subsystem="update" outcome="started"
2026-08-05T16:29:16.984649Z  INFO herdr::server::headless: client detached client_id=4
2026-08-05T16:29:16.990420Z  INFO herdr::server::headless: client disconnected client_id=4
2026-08-05T16:29:26.140792Z  INFO herdr::server::headless: server shutdown initiated
2026-08-05T16:29:26.191171Z  INFO herdr::server::headless: completing server shutdown
2026-08-05T16:29:26.275894Z  INFO herdr::logging: session saved event="persist.save" subsystem="persist" outcome="ok" path=/home/btw/.config/herdr/session.json workspaces=3
2026-08-05T16:29:26.279367Z  INFO herdr::server::headless: headless server exiting
2026-08-05T16:29:26.415114Z  INFO herdr::logging: pane child exited event="pane.exit" subsystem="pane" outcome="completed" pane_id=6 status="ExitStatus { code: 1, signal: None }"
2026-08-05T16:29:26.415114Z  INFO herdr::logging: pane child exited event="pane.exit" subsystem="pane" outcome="completed" pane_id=4 status="ExitStatus { code: 1, signal: None }"
2026-08-05T16:29:26.445248Z  INFO herdr::logging: pane child exited event="pane.exit" subsystem="pane" outcome="completed" pane_id=7 status="ExitStatus { code: 1, signal: None }"
2026-08-05T16:29:26.476292Z  INFO herdr::logging: pane child exited event="pane.exit" subsystem="pane" outcome="completed" pane_id=8 status="ExitStatus { code: 1, signal: None }"
2026-08-05T16:29:26.554972Z  INFO herdr::logging: pane child exited event="pane.exit" subsystem="pane" outcome="completed" pane_id=3 status="ExitStatus { code: 1, signal: None }"
2026-08-05T16:29:26.615274Z  INFO herdr::logging: pane child exited event="pane.exit" subsystem="pane" outcome="completed" pane_id=5 status="ExitStatus { code: 1, signal: None }"
2026-08-05T16:29:26.633219Z  INFO herdr::pane: pane session terminated pane=5 pid=7573 signal=Terminate
2026-08-05T16:29:26.644654Z  INFO herdr::pane: pane session terminated pane=7 pid=7579 signal=Hangup
2026-08-05T16:29:26.657681Z  INFO herdr::pane: pane session terminated pane=6 pid=7576 signal=Hangup
2026-08-05T16:29:26.765700Z  INFO herdr::logging: pane child exited event="pane.exit" subsystem="pane" outcome="completed" pane_id=1 status="ExitStatus { code: 1, signal: None }"
2026-08-05T16:29:26.775465Z  INFO herdr::pane: pane session terminated pane=1 pid=7561 signal=Hangup
2026-08-05T16:29:26.786407Z  INFO herdr::pane: pane session terminated pane=3 pid=7567 signal=Hangup
2026-08-05T16:29:27.010779Z  INFO herdr::logging: pane child exited event="pane.exit" subsystem="pane" outcome="completed" pane_id=2 status="ExitStatus { code: 1, signal: None }"
2026-08-05T16:29:27.024784Z  INFO herdr::pane: pane session terminated pane=2 pid=7564 signal=Hangup
2026-08-05T16:29:27.038968Z  INFO herdr::pane: pane session terminated pane=4 pid=7570 signal=Hangup
2026-08-05T16:29:27.039125Z  INFO herdr::pane: pane session terminated pane=8 pid=7582 signal=Hangup
2026-08-05T16:29:27.043386Z  INFO herdr::logging: herdr exiting event="app.shutdown" subsystem="server" outcome="completed" pid=7547
2026-08-05T19:40:01.239426Z  INFO herdr::api::server: api server listening path=/home/btw/.config/herdr/herdr.sock
2026-08-05T19:40:01.249656Z  INFO herdr::logging: spawning pane terminal event="pane.spawn.start" subsystem="pane" outcome="started" pane_id=1 rows=24 cols=80 scrollback_limit_bytes=10000000
2026-08-05T19:40:01.255277Z  INFO herdr::logging: pane child spawned event="pane.spawned" subsystem="pane" outcome="ok" pane_id=1 pid=6545
2026-08-05T19:40:01.257919Z  INFO herdr::logging: spawning pane terminal event="pane.spawn.start" subsystem="pane" outcome="started" pane_id=2 rows=24 cols=80 scrollback_limit_bytes=10000000
2026-08-05T19:40:01.258668Z  INFO herdr::logging: pane child spawned event="pane.spawned" subsystem="pane" outcome="ok" pane_id=2 pid=6548
2026-08-05T19:40:01.263076Z  INFO herdr::logging: spawning pane terminal event="pane.spawn.start" subsystem="pane" outcome="started" pane_id=3 rows=24 cols=80 scrollback_limit_bytes=10000000
2026-08-05T19:40:01.263758Z  INFO herdr::logging: pane child spawned event="pane.spawned" subsystem="pane" outcome="ok" pane_id=3 pid=6551
2026-08-05T19:40:01.263945Z  INFO herdr::logging: spawning pane terminal event="pane.spawn.start" subsystem="pane" outcome="started" pane_id=4 rows=24 cols=80 scrollback_limit_bytes=10000000
2026-08-05T19:40:01.264694Z  INFO herdr::logging: pane child spawned event="pane.spawned" subsystem="pane" outcome="ok" pane_id=4 pid=6554
2026-08-05T19:40:01.264841Z  INFO herdr::logging: spawning pane terminal event="pane.spawn.start" subsystem="pane" outcome="started" pane_id=5 rows=24 cols=80 scrollback_limit_bytes=10000000
2026-08-05T19:40:01.265545Z  INFO herdr::logging: pane child spawned event="pane.spawned" subsystem="pane" outcome="ok" pane_id=5 pid=6557
2026-08-05T19:40:01.272400Z  INFO herdr::logging: spawning pane terminal event="pane.spawn.start" subsystem="pane" outcome="started" pane_id=6 rows=24 cols=80 scrollback_limit_bytes=10000000
2026-08-05T19:40:01.273182Z  INFO herdr::logging: pane child spawned event="pane.spawned" subsystem="pane" outcome="ok" pane_id=6 pid=6560
2026-08-05T19:40:01.273389Z  INFO herdr::logging: spawning pane terminal event="pane.spawn.start" subsystem="pane" outcome="started" pane_id=7 rows=24 cols=80 scrollback_limit_bytes=10000000
2026-08-05T19:40:01.274186Z  INFO herdr::logging: pane child spawned event="pane.spawned" subsystem="pane" outcome="ok" pane_id=7 pid=6563
2026-08-05T19:40:01.274362Z  INFO herdr::logging: spawning pane terminal event="pane.spawn.start" subsystem="pane" outcome="started" pane_id=8 rows=24 cols=80 scrollback_limit_bytes=10000000
2026-08-05T19:40:01.275122Z  INFO herdr::logging: pane child spawned event="pane.spawned" subsystem="pane" outcome="ok" pane_id=8 pid=6566
2026-08-05T19:40:01.279577Z  INFO herdr::logging: session restore evaluated event="persist.restore" subsystem="persist" outcome="ok" workspaces=3
2026-08-05T19:40:01.280791Z  INFO herdr::app: using pane scrollback configuration pane_scrollback_limit_bytes=10000000
2026-08-05T19:40:01.401330Z  INFO herdr::logging: checking for updates event="update.check.start" subsystem="update" outcome="started"
2026-08-05T19:40:01.406255Z  INFO herdr::server::headless: restored session already has workspaces; ignoring startup cwd cwd=/home/btw
2026-08-05T19:40:01.406336Z  INFO herdr::server::headless: client protocol socket listening path=/home/btw/.config/herdr/herdr-client.sock
2026-08-05T19:40:01.406372Z  INFO herdr::server::headless: herdr server started api_socket=/home/btw/.config/herdr/herdr.sock client_socket=/home/btw/.config/herdr/herdr-client.sock
2026-08-05T19:40:01.413154Z  INFO herdr::logging: herdr starting event="app.startup" subsystem="server" outcome="started" pid=6531
2026-08-05T19:40:01.671996Z  INFO herdr::server::headless: client connected client_id=2 cols=173 rows=42 cell_width_px=11 cell_height_px=25 render_encoding=SemanticFrame
2026-08-05T20:10:01.403309Z  INFO herdr::logging: checking for updates event="update.check.start" subsystem="update" outcome="started"
2026-08-05T20:40:01.404601Z  INFO herdr::logging: checking for updates event="update.check.start" subsystem="update" outcome="started"
2026-08-05T21:10:01.405737Z  INFO herdr::logging: checking for updates event="update.check.start" subsystem="update" outcome="started"
2026-08-05T21:40:01.407731Z  INFO herdr::logging: checking for updates event="update.check.start" subsystem="update" outcome="started"
2026-08-05T22:10:01.408476Z  INFO herdr::logging: checking for updates event="update.check.start" subsystem="update" outcome="started"
2026-08-05T22:40:01.413369Z  INFO herdr::logging: checking for updates event="update.check.start" subsystem="update" outcome="started"
2026-08-05T23:10:01.410164Z  INFO herdr::logging: checking for updates event="update.check.start" subsystem="update" outcome="started"
2026-08-05T23:40:01.411333Z  INFO herdr::logging: checking for updates event="update.check.start" subsystem="update" outcome="started"
2026-08-06T00:10:01.412464Z  INFO herdr::logging: checking for updates event="update.check.start" subsystem="update" outcome="started"
2026-08-06T00:40:01.413071Z  INFO herdr::logging: checking for updates event="update.check.start" subsystem="update" outcome="started"
2026-08-06T01:10:01.414142Z  INFO herdr::logging: checking for updates event="update.check.start" subsystem="update" outcome="started"
2026-08-06T01:40:01.415469Z  INFO herdr::logging: checking for updates event="update.check.start" subsystem="update" outcome="started"
2026-08-06T02:10:01.415933Z  INFO herdr::logging: checking for updates event="update.check.start" subsystem="update" outcome="started"
2026-08-06T02:29:14.106261Z  INFO herdr::server::headless: client resize client_id=2 cols=173 rows=41 cell_width_px=11 cell_height_px=25
2026-08-06T02:40:01.417243Z  INFO herdr::logging: checking for updates event="update.check.start" subsystem="update" outcome="started"
2026-08-06T03:10:01.418250Z  INFO herdr::logging: checking for updates event="update.check.start" subsystem="update" outcome="started"
2026-08-06T03:39:41.205626Z  INFO herdr::server::headless: server shutdown initiated
2026-08-06T03:39:41.255741Z  INFO herdr::server::headless: completing server shutdown
2026-08-06T03:39:41.314006Z  INFO herdr::logging: pane child exited event="pane.exit" subsystem="pane" outcome="completed" pane_id=1 status="ExitStatus { code: 1, signal: None }"
2026-08-06T03:39:41.321883Z  INFO herdr::logging: session saved event="persist.save" subsystem="persist" outcome="ok" path=/home/btw/.config/herdr/session.json workspaces=3
2026-08-06T03:39:41.322046Z  INFO herdr::server::headless: headless server exiting
2026-08-06T03:39:41.486079Z  INFO herdr::logging: pane child exited event="pane.exit" subsystem="pane" outcome="completed" pane_id=5 status="ExitStatus { code: 1, signal: None }"
2026-08-06T03:39:41.611508Z  INFO herdr::logging: pane child exited event="pane.exit" subsystem="pane" outcome="completed" pane_id=7 status="ExitStatus { code: 1, signal: None }"
2026-08-06T03:39:41.713349Z  INFO herdr::logging: pane child exited event="pane.exit" subsystem="pane" outcome="completed" pane_id=8 status="ExitStatus { code: 1, signal: None }"
2026-08-06T03:39:41.806458Z  INFO herdr::logging: pane child exited event="pane.exit" subsystem="pane" outcome="completed" pane_id=4 status="ExitStatus { code: 1, signal: None }"
2026-08-06T03:39:41.823999Z  INFO herdr::logging: pane child exited event="pane.exit" subsystem="pane" outcome="completed" pane_id=2 status="ExitStatus { code: 1, signal: None }"
2026-08-06T03:39:41.854129Z  INFO herdr::logging: pane child exited event="pane.exit" subsystem="pane" outcome="completed" pane_id=3 status="ExitStatus { code: 1, signal: Some(\"Killed\") }"
2026-08-06T03:39:41.873551Z  INFO herdr::pane: pane session terminated pane=3 pid=6551 signal=Kill
2026-08-06T03:39:41.882005Z  INFO herdr::pane: pane session terminated pane=2 pid=6548 signal=Hangup
2026-08-06T03:39:41.887071Z  INFO herdr::pane: pane session terminated pane=4 pid=6554 signal=Hangup
2026-08-06T03:39:41.893481Z  INFO herdr::logging: pane child exited event="pane.exit" subsystem="pane" outcome="completed" pane_id=6 status="ExitStatus { code: 1, signal: None }"
2026-08-06T03:39:41.896494Z  INFO herdr::pane: pane session terminated pane=6 pid=6560 signal=Hangup
2026-08-06T03:39:41.901007Z  INFO herdr::pane: pane session terminated pane=8 pid=6566 signal=Hangup
2026-08-06T03:39:41.906400Z  INFO herdr::pane: pane session terminated pane=7 pid=6563 signal=Hangup
2026-08-06T03:39:41.912013Z  INFO herdr::pane: pane session terminated pane=5 pid=6557 signal=Hangup
2026-08-06T03:39:41.915249Z  INFO herdr::pane: pane session terminated pane=1 pid=6545 signal=Hangup
2026-08-06T03:39:41.919364Z  INFO herdr::logging: herdr exiting event="app.shutdown" subsystem="server" outcome="completed" pid=6531
2026-08-06T14:40:02.232232Z  INFO herdr::api::server: api server listening path=/home/btw/.config/herdr/herdr.sock
2026-08-06T14:40:02.246927Z  INFO herdr::logging: spawning pane terminal event="pane.spawn.start" subsystem="pane" outcome="started" pane_id=1 rows=24 cols=80 scrollback_limit_bytes=10000000
2026-08-06T14:40:02.252677Z  INFO herdr::logging: pane child spawned event="pane.spawned" subsystem="pane" outcome="ok" pane_id=1 pid=7966
2026-08-06T14:40:02.255288Z  INFO herdr::logging: spawning pane terminal event="pane.spawn.start" subsystem="pane" outcome="started" pane_id=2 rows=24 cols=80 scrollback_limit_bytes=10000000
2026-08-06T14:40:02.256172Z  INFO herdr::logging: pane child spawned event="pane.spawned" subsystem="pane" outcome="ok" pane_id=2 pid=7969
2026-08-06T14:40:02.266404Z  INFO herdr::logging: spawning pane terminal event="pane.spawn.start" subsystem="pane" outcome="started" pane_id=3 rows=24 cols=80 scrollback_limit_bytes=10000000
2026-08-06T14:40:02.267416Z  INFO herdr::logging: pane child spawned event="pane.spawned" subsystem="pane" outcome="ok" pane_id=3 pid=7972
2026-08-06T14:40:02.267679Z  INFO herdr::logging: spawning pane terminal event="pane.spawn.start" subsystem="pane" outcome="started" pane_id=4 rows=24 cols=80 scrollback_limit_bytes=10000000
2026-08-06T14:40:02.268386Z  INFO herdr::logging: pane child spawned event="pane.spawned" subsystem="pane" outcome="ok" pane_id=4 pid=7975
2026-08-06T14:40:02.268546Z  INFO herdr::logging: spawning pane terminal event="pane.spawn.start" subsystem="pane" outcome="started" pane_id=5 rows=24 cols=80 scrollback_limit_bytes=10000000
2026-08-06T14:40:02.269215Z  INFO herdr::logging: pane child spawned event="pane.spawned" subsystem="pane" outcome="ok" pane_id=5 pid=7978
2026-08-06T14:40:02.274117Z  INFO herdr::logging: spawning pane terminal event="pane.spawn.start" subsystem="pane" outcome="started" pane_id=6 rows=24 cols=80 scrollback_limit_bytes=10000000
2026-08-06T14:40:02.274896Z  INFO herdr::logging: pane child spawned event="pane.spawned" subsystem="pane" outcome="ok" pane_id=6 pid=7981
2026-08-06T14:40:02.275089Z  INFO herdr::logging: spawning pane terminal event="pane.spawn.start" subsystem="pane" outcome="started" pane_id=7 rows=24 cols=80 scrollback_limit_bytes=10000000
2026-08-06T14:40:02.275789Z  INFO herdr::logging: pane child spawned event="pane.spawned" subsystem="pane" outcome="ok" pane_id=7 pid=7984
2026-08-06T14:40:02.275946Z  INFO herdr::logging: spawning pane terminal event="pane.spawn.start" subsystem="pane" outcome="started" pane_id=8 rows=24 cols=80 scrollback_limit_bytes=10000000
2026-08-06T14:40:02.276708Z  INFO herdr::logging: pane child spawned event="pane.spawned" subsystem="pane" outcome="ok" pane_id=8 pid=7987
2026-08-06T14:40:02.286009Z  INFO herdr::logging: session restore evaluated event="persist.restore" subsystem="persist" outcome="ok" workspaces=3
2026-08-06T14:40:02.286763Z  INFO herdr::app: using pane scrollback configuration pane_scrollback_limit_bytes=10000000
2026-08-06T14:40:02.436350Z  INFO herdr::logging: checking for updates event="update.check.start" subsystem="update" outcome="started"
2026-08-06T14:40:02.441977Z  INFO herdr::server::headless: restored session already has workspaces; ignoring startup cwd cwd=/home/btw
2026-08-06T14:40:02.442094Z  INFO herdr::server::headless: client protocol socket listening path=/home/btw/.config/herdr/herdr-client.sock
2026-08-06T14:40:02.442126Z  INFO herdr::server::headless: herdr server started api_socket=/home/btw/.config/herdr/herdr.sock client_socket=/home/btw/.config/herdr/herdr-client.sock
2026-08-06T14:40:02.447683Z  INFO herdr::logging: herdr starting event="app.startup" subsystem="server" outcome="started" pid=7952
2026-08-06T14:40:02.712719Z  INFO herdr::server::headless: client connected client_id=2 cols=173 rows=42 cell_width_px=11 cell_height_px=25 render_encoding=SemanticFrame
2026-08-06T15:10:02.438569Z  INFO herdr::logging: checking for updates event="update.check.start" subsystem="update" outcome="started"
2026-08-06T15:40:02.439703Z  INFO herdr::logging: checking for updates event="update.check.start" subsystem="update" outcome="started"
2026-08-06T15:53:35.275310Z  INFO herdr::server::headless: client resize client_id=2 cols=173 rows=41 cell_width_px=11 cell_height_px=25
2026-08-06T15:54:51.950092Z  INFO herdr::server::headless: client detached client_id=2
2026-08-06T15:54:51.950823Z  INFO herdr::server::headless: client disconnected client_id=2
2026-08-06T15:54:53.725471Z  INFO herdr::server::headless: client connected client_id=4 cols=173 rows=42 cell_width_px=11 cell_height_px=25 render_encoding=SemanticFrame
2026-08-06T15:54:54.827315Z  INFO herdr::server::headless: client resize client_id=4 cols=173 rows=41 cell_width_px=11 cell_height_px=25
2026-08-06T16:10:02.441833Z  INFO herdr::logging: checking for updates event="update.check.start" subsystem="update" outcome="started"
2026-08-06T20:37:41.834844Z  INFO herdr::api::server: api server listening path=/home/btw/.config/herdr/herdr.sock
2026-08-06T20:37:41.845437Z  INFO herdr::logging: spawning pane terminal event="pane.spawn.start" subsystem="pane" outcome="started" pane_id=1 rows=24 cols=80 scrollback_limit_bytes=10000000
2026-08-06T20:37:41.851039Z  INFO herdr::logging: pane child spawned event="pane.spawned" subsystem="pane" outcome="ok" pane_id=1 pid=9963
2026-08-06T20:37:41.853592Z  INFO herdr::logging: spawning pane terminal event="pane.spawn.start" subsystem="pane" outcome="started" pane_id=2 rows=24 cols=80 scrollback_limit_bytes=10000000
2026-08-06T20:37:41.854343Z  INFO herdr::logging: pane child spawned event="pane.spawned" subsystem="pane" outcome="ok" pane_id=2 pid=9966
2026-08-06T20:37:41.858967Z  INFO herdr::logging: spawning pane terminal event="pane.spawn.start" subsystem="pane" outcome="started" pane_id=3 rows=24 cols=80 scrollback_limit_bytes=10000000
2026-08-06T20:37:41.859844Z  INFO herdr::logging: pane child spawned event="pane.spawned" subsystem="pane" outcome="ok" pane_id=3 pid=9969
2026-08-06T20:37:41.860106Z  INFO herdr::logging: spawning pane terminal event="pane.spawn.start" subsystem="pane" outcome="started" pane_id=4 rows=24 cols=80 scrollback_limit_bytes=10000000
2026-08-06T20:37:41.860819Z  INFO herdr::logging: pane child spawned event="pane.spawned" subsystem="pane" outcome="ok" pane_id=4 pid=9972
2026-08-06T20:37:41.860990Z  INFO herdr::logging: spawning pane terminal event="pane.spawn.start" subsystem="pane" outcome="started" pane_id=5 rows=24 cols=80 scrollback_limit_bytes=10000000
2026-08-06T20:37:41.861664Z  INFO herdr::logging: pane child spawned event="pane.spawned" subsystem="pane" outcome="ok" pane_id=5 pid=9975
2026-08-06T20:37:41.867784Z  INFO herdr::logging: spawning pane terminal event="pane.spawn.start" subsystem="pane" outcome="started" pane_id=6 rows=24 cols=80 scrollback_limit_bytes=10000000
2026-08-06T20:37:41.868581Z  INFO herdr::logging: pane child spawned event="pane.spawned" subsystem="pane" outcome="ok" pane_id=6 pid=9978
2026-08-06T20:37:41.868777Z  INFO herdr::logging: spawning pane terminal event="pane.spawn.start" subsystem="pane" outcome="started" pane_id=7 rows=24 cols=80 scrollback_limit_bytes=10000000
2026-08-06T20:37:41.869540Z  INFO herdr::logging: pane child spawned event="pane.spawned" subsystem="pane" outcome="ok" pane_id=7 pid=9981
2026-08-06T20:37:41.869714Z  INFO herdr::logging: spawning pane terminal event="pane.spawn.start" subsystem="pane" outcome="started" pane_id=8 rows=24 cols=80 scrollback_limit_bytes=10000000
2026-08-06T20:37:41.870600Z  INFO herdr::logging: pane child spawned event="pane.spawned" subsystem="pane" outcome="ok" pane_id=8 pid=9984
2026-08-06T20:37:41.876114Z  INFO herdr::logging: session restore evaluated event="persist.restore" subsystem="persist" outcome="ok" workspaces=3
2026-08-06T20:37:41.877337Z  INFO herdr::app: using pane scrollback configuration pane_scrollback_limit_bytes=10000000
2026-08-06T20:37:41.998177Z  INFO herdr::logging: checking for updates event="update.check.start" subsystem="update" outcome="started"
2026-08-06T20:37:42.004646Z  INFO herdr::server::headless: restored session already has workspaces; ignoring startup cwd cwd=/home/btw
2026-08-06T20:37:42.004763Z  INFO herdr::server::headless: client protocol socket listening path=/home/btw/.config/herdr/herdr-client.sock
2026-08-06T20:37:42.004795Z  INFO herdr::server::headless: herdr server started api_socket=/home/btw/.config/herdr/herdr.sock client_socket=/home/btw/.config/herdr/herdr-client.sock
2026-08-06T20:37:42.011619Z  INFO herdr::logging: herdr starting event="app.startup" subsystem="server" outcome="started" pid=9949
2026-08-06T20:37:42.272002Z  INFO herdr::server::headless: client connected client_id=2 cols=173 rows=42 cell_width_px=11 cell_height_px=25 render_encoding=SemanticFrame
2026-08-06T20:37:58.206287Z  INFO herdr::app::actions: copied selection to clipboard
2026-08-06T20:38:46.267031Z  INFO herdr::server::headless: client detached client_id=2
2026-08-06T20:38:46.267690Z  INFO herdr::server::headless: client disconnected client_id=2
2026-08-06T21:07:42.000409Z  INFO herdr::logging: checking for updates event="update.check.start" subsystem="update" outcome="started"
2026-08-06T21:37:42.002274Z  INFO herdr::logging: checking for updates event="update.check.start" subsystem="update" outcome="started"
2026-08-06T22:07:42.002578Z  INFO herdr::logging: checking for updates event="update.check.start" subsystem="update" outcome="started"
2026-08-06T22:37:42.004061Z  INFO herdr::logging: checking for updates event="update.check.start" subsystem="update" outcome="started"
2026-08-06T23:07:42.004504Z  INFO herdr::logging: checking for updates event="update.check.start" subsystem="update" outcome="started"
2026-08-06T23:25:12.589187Z  INFO herdr::server::headless: server shutdown initiated
2026-08-06T23:25:12.592911Z  INFO herdr::logging: pane child exited event="pane.exit" subsystem="pane" outcome="completed" pane_id=7 status="ExitStatus { code: 1, signal: None }"
2026-08-06T23:25:12.592950Z  INFO herdr::logging: pane child exited event="pane.exit" subsystem="pane" outcome="completed" pane_id=1 status="ExitStatus { code: 1, signal: None }"
2026-08-06T23:25:12.593225Z  INFO herdr::logging: pane child exited event="pane.exit" subsystem="pane" outcome="completed" pane_id=4 status="ExitStatus { code: 1, signal: None }"
2026-08-06T23:25:12.628179Z  INFO herdr::logging: pane child exited event="pane.exit" subsystem="pane" outcome="completed" pane_id=6 status="ExitStatus { code: 1, signal: None }"
2026-08-06T23:25:12.631716Z  INFO herdr::logging: pane child exited event="pane.exit" subsystem="pane" outcome="completed" pane_id=2 status="ExitStatus { code: 1, signal: None }"
2026-08-06T23:25:12.634003Z  INFO herdr::logging: pane child exited event="pane.exit" subsystem="pane" outcome="completed" pane_id=3 status="ExitStatus { code: 1, signal: None }"
2026-08-06T23:25:12.641546Z  INFO herdr::server::headless: completing server shutdown
2026-08-06T23:25:12.642780Z  INFO herdr::logging: session saved event="persist.save" subsystem="persist" outcome="ok" path=/home/btw/.config/herdr/session.json workspaces=3
2026-08-06T23:25:12.642808Z  INFO herdr::server::headless: headless server exiting
2026-08-06T23:25:12.643425Z  INFO herdr::pane: pane session terminated pane=7 pid=9981 signal=Hangup
2026-08-06T23:25:12.652726Z  INFO herdr::logging: pane child exited event="pane.exit" subsystem="pane" outcome="completed" pane_id=8 status="ExitStatus { code: 1, signal: None }"
2026-08-06T23:25:12.654739Z  INFO herdr::logging: pane child exited event="pane.exit" subsystem="pane" outcome="completed" pane_id=5 status="ExitStatus { code: 1, signal: None }"
2026-08-06T23:25:12.674636Z  INFO herdr::pane: pane session terminated pane=5 pid=9975 signal=Hangup
2026-08-06T23:25:12.674793Z  INFO herdr::pane: pane session terminated pane=3 pid=9969 signal=Hangup
2026-08-06T23:25:12.674911Z  INFO herdr::pane: pane session terminated pane=1 pid=9963 signal=Hangup
2026-08-06T23:25:12.675101Z  INFO herdr::pane: pane session terminated pane=2 pid=9966 signal=Hangup
2026-08-06T23:25:12.675230Z  INFO herdr::pane: pane session terminated pane=6 pid=9978 signal=Hangup
2026-08-06T23:25:12.675343Z  INFO herdr::pane: pane session terminated pane=8 pid=9984 signal=Hangup
2026-08-06T23:25:12.675431Z  INFO herdr::pane: pane session terminated pane=4 pid=9972 signal=Hangup
2026-08-06T23:25:12.677418Z  INFO herdr::logging: herdr exiting event="app.shutdown" subsystem="server" outcome="completed" pid=9949
2026-08-07T17:58:17.063307Z  INFO herdr::api::server: api server listening path=/home/btw/.config/herdr/herdr.sock
2026-08-07T17:58:17.072096Z  INFO herdr::logging: spawning pane terminal event="pane.spawn.start" subsystem="pane" outcome="started" pane_id=1 rows=24 cols=80 scrollback_limit_bytes=10000000
2026-08-07T17:58:17.077612Z  INFO herdr::logging: pane child spawned event="pane.spawned" subsystem="pane" outcome="ok" pane_id=1 pid=6865
2026-08-07T17:58:17.080170Z  INFO herdr::logging: spawning pane terminal event="pane.spawn.start" subsystem="pane" outcome="started" pane_id=2 rows=24 cols=80 scrollback_limit_bytes=10000000
2026-08-07T17:58:17.080938Z  INFO herdr::logging: pane child spawned event="pane.spawned" subsystem="pane" outcome="ok" pane_id=2 pid=6868
2026-08-07T17:58:17.085887Z  INFO herdr::logging: spawning pane terminal event="pane.spawn.start" subsystem="pane" outcome="started" pane_id=3 rows=24 cols=80 scrollback_limit_bytes=10000000
2026-08-07T17:58:17.086616Z  INFO herdr::logging: pane child spawned event="pane.spawned" subsystem="pane" outcome="ok" pane_id=3 pid=6871
2026-08-07T17:58:17.086795Z  INFO herdr::logging: spawning pane terminal event="pane.spawn.start" subsystem="pane" outcome="started" pane_id=4 rows=24 cols=80 scrollback_limit_bytes=10000000
2026-08-07T17:58:17.087459Z  INFO herdr::logging: pane child spawned event="pane.spawned" subsystem="pane" outcome="ok" pane_id=4 pid=6874
2026-08-07T17:58:17.087606Z  INFO herdr::logging: spawning pane terminal event="pane.spawn.start" subsystem="pane" outcome="started" pane_id=5 rows=24 cols=80 scrollback_limit_bytes=10000000
2026-08-07T17:58:17.088263Z  INFO herdr::logging: pane child spawned event="pane.spawned" subsystem="pane" outcome="ok" pane_id=5 pid=6877
2026-08-07T17:58:17.093894Z  INFO herdr::logging: spawning pane terminal event="pane.spawn.start" subsystem="pane" outcome="started" pane_id=6 rows=24 cols=80 scrollback_limit_bytes=10000000
2026-08-07T17:58:17.094655Z  INFO herdr::logging: pane child spawned event="pane.spawned" subsystem="pane" outcome="ok" pane_id=6 pid=6880
2026-08-07T17:58:17.094838Z  INFO herdr::logging: spawning pane terminal event="pane.spawn.start" subsystem="pane" outcome="started" pane_id=7 rows=24 cols=80 scrollback_limit_bytes=10000000
2026-08-07T17:58:17.095578Z  INFO herdr::logging: pane child spawned event="pane.spawned" subsystem="pane" outcome="ok" pane_id=7 pid=6883
2026-08-07T17:58:17.095744Z  INFO herdr::logging: spawning pane terminal event="pane.spawn.start" subsystem="pane" outcome="started" pane_id=8 rows=24 cols=80 scrollback_limit_bytes=10000000
2026-08-07T17:58:17.096458Z  INFO herdr::logging: pane child spawned event="pane.spawned" subsystem="pane" outcome="ok" pane_id=8 pid=6886
2026-08-07T17:58:17.101599Z  INFO herdr::logging: session restore evaluated event="persist.restore" subsystem="persist" outcome="ok" workspaces=3
2026-08-07T17:58:17.103062Z  INFO herdr::app: using pane scrollback configuration pane_scrollback_limit_bytes=10000000
2026-08-07T17:58:17.208606Z  INFO herdr::logging: checking for updates event="update.check.start" subsystem="update" outcome="started"
2026-08-07T17:58:17.213317Z  INFO herdr::server::headless: restored session already has workspaces; ignoring startup cwd cwd=/home/btw
2026-08-07T17:58:17.214829Z  INFO herdr::server::headless: client protocol socket listening path=/home/btw/.config/herdr/herdr-client.sock
2026-08-07T17:58:17.214854Z  INFO herdr::server::headless: herdr server started api_socket=/home/btw/.config/herdr/herdr.sock client_socket=/home/btw/.config/herdr/herdr-client.sock
2026-08-07T17:58:17.221776Z  INFO herdr::logging: herdr starting event="app.startup" subsystem="server" outcome="started" pid=6851
2026-08-07T17:58:17.459893Z  INFO herdr::server::headless: client connected client_id=2 cols=173 rows=42 cell_width_px=11 cell_height_px=25 render_encoding=SemanticFrame
2026-08-07T17:58:35.201277Z  INFO herdr::logging: workspace focused event="workspace.focus" subsystem="workspace" outcome="ok" workspace_id="wC"
2026-08-07T17:58:35.201316Z  INFO herdr::logging: tab focused event="tab.focus" subsystem="tab" outcome="ok" workspace_id="wC" tab_id="wC:t5"
2026-08-07T17:58:40.205313Z  INFO herdr::logging: session saved event="persist.save" subsystem="persist" outcome="ok" path=/home/btw/.config/herdr/session.json workspaces=3
2026-08-07T17:59:37.937461Z  INFO herdr::pane: agent changed pane=3 previous_agent=None agent=Some(OpenCode) process=opencode pgid=Some(8380)
2026-08-07T17:59:40.992402Z  INFO herdr::logging: api request received event="api.request.start" subsystem="api" outcome="started" request_id="cli:workspace:focus" method="workspace.focus" changes_ui=true
2026-08-07T17:59:40.992485Z  INFO herdr::logging: workspace focused event="workspace.focus" subsystem="workspace" outcome="ok" workspace_id="wB"
2026-08-07T17:59:40.992517Z  INFO herdr::logging: tab focused event="tab.focus" subsystem="tab" outcome="ok" workspace_id="wB" tab_id="wB:t1"
2026-08-07T17:59:40.992547Z  INFO herdr::logging: api request completed event="api.request.complete" subsystem="api" outcome="ok" request_id="cli:workspace:focus" method="workspace.focus"
2026-08-07T17:59:44.525243Z  INFO herdr::logging: workspace focused event="workspace.focus" subsystem="workspace" outcome="ok" workspace_id="wC"
2026-08-07T17:59:44.525298Z  INFO herdr::logging: tab focused event="tab.focus" subsystem="tab" outcome="ok" workspace_id="wC" tab_id="wC:t5"
2026-08-07T17:59:49.528292Z  INFO herdr::logging: session saved event="persist.save" subsystem="persist" outcome="ok" path=/home/btw/.config/herdr/session.json workspaces=3
2026-08-07T18:01:18.419858Z  INFO herdr::logging: tab focused event="tab.focus" subsystem="tab" outcome="ok" workspace_id="wC" tab_id="wC:t2"
2026-08-07T18:01:23.423192Z  INFO herdr::logging: session saved event="persist.save" subsystem="persist" outcome="ok" path=/home/btw/.config/herdr/session.json workspaces=3
2026-08-07T18:01:51.045793Z  INFO herdr::logging: tab focused event="tab.focus" subsystem="tab" outcome="ok" workspace_id="wC" tab_id="wC:t5"
2026-08-07T18:01:56.048706Z  INFO herdr::logging: session saved event="persist.save" subsystem="persist" outcome="ok" path=/home/btw/.config/herdr/session.json workspaces=3
2026-08-07T18:02:55.047557Z  INFO herdr::logging: tab focused event="tab.focus" subsystem="tab" outcome="ok" workspace_id="wC" tab_id="wC:t2"
2026-08-07T18:03:00.048868Z  INFO herdr::logging: session saved event="persist.save" subsystem="persist" outcome="ok" path=/home/btw/.config/herdr/session.json workspaces=3
2026-08-07T18:03:06.080954Z  INFO herdr::logging: tab focused event="tab.focus" subsystem="tab" outcome="ok" workspace_id="wC" tab_id="wC:t5"
2026-08-07T18:03:09.407698Z  INFO herdr::logging: tab focused event="tab.focus" subsystem="tab" outcome="ok" workspace_id="wC" tab_id="wC:t2"
2026-08-07T18:03:14.410223Z  INFO herdr::logging: session saved event="persist.save" subsystem="persist" outcome="ok" path=/home/btw/.config/herdr/session.json workspaces=3
2026-08-07T18:03:17.056570Z  INFO herdr::logging: tab focused event="tab.focus" subsystem="tab" outcome="ok" workspace_id="wC" tab_id="wC:t5"
2026-08-07T18:03:18.904848Z  INFO herdr::logging: tab focused event="tab.focus" subsystem="tab" outcome="ok" workspace_id="wC" tab_id="wC:t2"
2026-08-07T18:03:22.778443Z  INFO herdr::logging: tab focused event="tab.focus" subsystem="tab" outcome="ok" workspace_id="wC" tab_id="wC:t5"
2026-08-07T18:03:24.435609Z  INFO herdr::logging: tab focused event="tab.focus" subsystem="tab" outcome="ok" workspace_id="wC" tab_id="wC:t2"
2026-08-07T18:03:29.437903Z  INFO herdr::logging: session saved event="persist.save" subsystem="persist" outcome="ok" path=/home/btw/.config/herdr/session.json workspaces=3
2026-08-07T18:03:44.634249Z  INFO herdr::logging: tab focused event="tab.focus" subsystem="tab" outcome="ok" workspace_id="wC" tab_id="wC:t5"
2026-08-07T18:03:48.453408Z  INFO herdr::logging: tab focused event="tab.focus" subsystem="tab" outcome="ok" workspace_id="wC" tab_id="wC:t2"
2026-08-07T18:03:53.455615Z  INFO herdr::logging: session saved event="persist.save" subsystem="persist" outcome="ok" path=/home/btw/.config/herdr/session.json workspaces=3
2026-08-07T18:03:57.895080Z  INFO herdr::logging: tab focused event="tab.focus" subsystem="tab" outcome="ok" workspace_id="wC" tab_id="wC:t5"
2026-08-07T18:04:02.896238Z  INFO herdr::logging: session saved event="persist.save" subsystem="persist" outcome="ok" path=/home/btw/.config/herdr/session.json workspaces=3
2026-08-07T18:05:16.631503Z  INFO herdr::logging: tab focused event="tab.focus" subsystem="tab" outcome="ok" workspace_id="wC" tab_id="wC:t2"
2026-08-07T18:05:18.154489Z  INFO herdr::logging: tab focused event="tab.focus" subsystem="tab" outcome="ok" workspace_id="wC" tab_id="wC:t5"
2026-08-07T18:05:23.157031Z  INFO herdr::logging: session saved event="persist.save" subsystem="persist" outcome="ok" path=/home/btw/.config/herdr/session.json workspaces=3
2026-08-07T18:05:27.646012Z  INFO herdr::logging: tab focused event="tab.focus" subsystem="tab" outcome="ok" workspace_id="wC" tab_id="wC:t5"
2026-08-07T18:05:28.339877Z  INFO herdr::logging: tab focused event="tab.focus" subsystem="tab" outcome="ok" workspace_id="wC" tab_id="wC:t2"
2026-08-07T18:05:32.137415Z  INFO herdr::logging: tab focused event="tab.focus" subsystem="tab" outcome="ok" workspace_id="wC" tab_id="wC:t5"
2026-08-07T18:05:32.977089Z  INFO herdr::logging: tab focused event="tab.focus" subsystem="tab" outcome="ok" workspace_id="wC" tab_id="wC:t2"
2026-08-07T18:05:34.231165Z  INFO herdr::logging: tab focused event="tab.focus" subsystem="tab" outcome="ok" workspace_id="wC" tab_id="wC:t5"
2026-08-07T18:05:39.233818Z  INFO herdr::logging: session saved event="persist.save" subsystem="persist" outcome="ok" path=/home/btw/.config/herdr/session.json workspaces=3
2026-08-07T18:05:43.719881Z  INFO herdr::logging: tab focused event="tab.focus" subsystem="tab" outcome="ok" workspace_id="wC" tab_id="wC:t2"
2026-08-07T18:05:48.722459Z  INFO herdr::logging: session saved event="persist.save" subsystem="persist" outcome="ok" path=/home/btw/.config/herdr/session.json workspaces=3
2026-08-07T18:05:50.137887Z  INFO herdr::logging: tab focused event="tab.focus" subsystem="tab" outcome="ok" workspace_id="wC" tab_id="wC:t5"
2026-08-07T18:05:50.777215Z  INFO herdr::logging: tab focused event="tab.focus" subsystem="tab" outcome="ok" workspace_id="wC" tab_id="wC:t2"
2026-08-07T18:05:53.991166Z  INFO herdr::logging: tab focused event="tab.focus" subsystem="tab" outcome="ok" workspace_id="wC" tab_id="wC:t5"
2026-08-07T18:05:58.993918Z  INFO herdr::logging: session saved event="persist.save" subsystem="persist" outcome="ok" path=/home/btw/.config/herdr/session.json workspaces=3
2026-08-07T18:06:00.362711Z  INFO herdr::pane: agent changed pane=3 previous_agent=Some(OpenCode) agent=None pgid=Some(6871)
2026-08-07T18:06:42.799904Z  INFO herdr::logging: tab focused event="tab.focus" subsystem="tab" outcome="ok" workspace_id="wC" tab_id="wC:t2"
2026-08-07T18:06:43.975899Z  INFO herdr::logging: tab focused event="tab.focus" subsystem="tab" outcome="ok" workspace_id="wC" tab_id="wC:t5"
2026-08-07T18:06:48.978900Z  INFO herdr::logging: session saved event="persist.save" subsystem="persist" outcome="ok" path=/home/btw/.config/herdr/session.json workspaces=3
2026-08-07T18:09:46.265571Z  INFO herdr::logging: workspace focused event="workspace.focus" subsystem="workspace" outcome="ok" workspace_id="wB"
2026-08-07T18:09:46.265612Z  INFO herdr::logging: tab focused event="tab.focus" subsystem="tab" outcome="ok" workspace_id="wB" tab_id="wB:t1"
2026-08-07T18:09:48.282719Z  INFO herdr::logging: tab focused event="tab.focus" subsystem="tab" outcome="ok" workspace_id="wB" tab_id="wB:t2"
2026-08-07T18:09:53.283979Z  INFO herdr::logging: session saved event="persist.save" subsystem="persist" outcome="ok" path=/home/btw/.config/herdr/session.json workspaces=3
2026-08-07T18:10:15.978197Z  INFO herdr::logging: tab focused event="tab.focus" subsystem="tab" outcome="ok" workspace_id="wB" tab_id="wB:t1"
2026-08-07T18:10:16.627347Z  INFO herdr::logging: tab focused event="tab.focus" subsystem="tab" outcome="ok" workspace_id="wB" tab_id="wB:t2"
2026-08-07T18:10:21.060327Z  INFO herdr::logging: workspace focused event="workspace.focus" subsystem="workspace" outcome="ok" workspace_id="wC"
2026-08-07T18:10:21.060371Z  INFO herdr::logging: tab focused event="tab.focus" subsystem="tab" outcome="ok" workspace_id="wC" tab_id="wC:t5"
2026-08-07T18:10:26.062344Z  INFO herdr::logging: session saved event="persist.save" subsystem="persist" outcome="ok" path=/home/btw/.config/herdr/session.json workspaces=3
2026-08-07T18:11:00.375077Z  INFO herdr::logging: tab focused event="tab.focus" subsystem="tab" outcome="ok" workspace_id="wC" tab_id="wC:t2"
2026-08-07T18:11:05.377486Z  INFO herdr::logging: session saved event="persist.save" subsystem="persist" outcome="ok" path=/home/btw/.config/herdr/session.json workspaces=3
2026-08-07T18:12:10.801480Z  INFO herdr::logging: tab focused event="tab.focus" subsystem="tab" outcome="ok" workspace_id="wC" tab_id="wC:t5"
2026-08-07T18:12:14.052840Z  INFO herdr::pane: agent changed pane=3 previous_agent=None agent=Some(OpenCode) process=opencode pgid=Some(21572)
2026-08-07T18:12:15.803750Z  INFO herdr::logging: session saved event="persist.save" subsystem="persist" outcome="ok" path=/home/btw/.config/herdr/session.json workspaces=3
2026-08-07T18:12:16.438495Z  INFO herdr::logging: tab focused event="tab.focus" subsystem="tab" outcome="ok" workspace_id="wC" tab_id="wC:t2"
2026-08-07T18:12:20.560531Z  INFO herdr::logging: tab focused event="tab.focus" subsystem="tab" outcome="ok" workspace_id="wC" tab_id="wC:t5"
2026-08-07T18:12:25.562392Z  INFO herdr::logging: session saved event="persist.save" subsystem="persist" outcome="ok" path=/home/btw/.config/herdr/session.json workspaces=3
2026-08-07T18:16:49.941821Z  INFO herdr::server::headless: client resize client_id=2 cols=173 rows=41 cell_width_px=11 cell_height_px=25
2026-08-07T18:28:17.210424Z  INFO herdr::logging: checking for updates event="update.check.start" subsystem="update" outcome="started"
2026-08-07T18:29:19.381960Z  INFO herdr::pane: agent changed pane=3 previous_agent=Some(OpenCode) agent=None pgid=Some(6871)
2026-08-07T18:29:40.389844Z  INFO herdr::logging: tab focused event="tab.focus" subsystem="tab" outcome="ok" workspace_id="wC" tab_id="wC:t2"
2026-08-07T18:29:41.231705Z  INFO herdr::logging: tab focused event="tab.focus" subsystem="tab" outcome="ok" workspace_id="wC" tab_id="wC:t5"
2026-08-07T18:29:46.233067Z  INFO herdr::logging: session saved event="persist.save" subsystem="persist" outcome="ok" path=/home/btw/.config/herdr/session.json workspaces=3
2026-08-07T18:34:16.363056Z  INFO herdr::logging: tab focused event="tab.focus" subsystem="tab" outcome="ok" workspace_id="wC" tab_id="wC:t2"
2026-08-07T18:34:16.922956Z  INFO herdr::logging: tab focused event="tab.focus" subsystem="tab" outcome="ok" workspace_id="wC" tab_id="wC:t5"
2026-08-07T18:34:21.925476Z  INFO herdr::logging: session saved event="persist.save" subsystem="persist" outcome="ok" path=/home/btw/.config/herdr/session.json workspaces=3
2026-08-07T18:34:24.091043Z  INFO herdr::server::headless: client detached client_id=2
2026-08-07T18:34:24.091771Z  INFO herdr::server::headless: client disconnected client_id=2
2026-08-07T18:34:41.196444Z  INFO herdr::server::headless: client connected client_id=4 cols=173 rows=42 cell_width_px=11 cell_height_px=25 render_encoding=SemanticFrame
2026-08-07T18:34:41.805039Z  INFO herdr::server::headless: client detached client_id=4
2026-08-07T18:34:41.805671Z  INFO herdr::server::headless: client disconnected client_id=4
2026-08-07T18:34:48.847595Z  INFO herdr::server::headless: server shutdown initiated
2026-08-07T18:34:48.849522Z  INFO herdr::logging: pane child exited event="pane.exit" subsystem="pane" outcome="completed" pane_id=7 status="ExitStatus { code: 1, signal: None }"
2026-08-07T18:34:48.850184Z  INFO herdr::logging: pane child exited event="pane.exit" subsystem="pane" outcome="completed" pane_id=5 status="ExitStatus { code: 1, signal: None }"
2026-08-07T18:34:48.850194Z  INFO herdr::logging: pane child exited event="pane.exit" subsystem="pane" outcome="completed" pane_id=1 status="ExitStatus { code: 1, signal: None }"
2026-08-07T18:34:48.852503Z  INFO herdr::logging: pane child exited event="pane.exit" subsystem="pane" outcome="completed" pane_id=3 status="ExitStatus { code: 1, signal: None }"
2026-08-07T18:34:48.878165Z  INFO herdr::logging: pane child exited event="pane.exit" subsystem="pane" outcome="completed" pane_id=2 status="ExitStatus { code: 1, signal: None }"
2026-08-07T18:34:48.886624Z  INFO herdr::logging: pane child exited event="pane.exit" subsystem="pane" outcome="completed" pane_id=8 status="ExitStatus { code: 1, signal: None }"
2026-08-07T18:34:48.897748Z  INFO herdr::server::headless: completing server shutdown
2026-08-07T18:34:48.898026Z  INFO herdr::logging: session saved event="persist.save" subsystem="persist" outcome="ok" path=/home/btw/.config/herdr/session.json workspaces=3
2026-08-07T18:34:48.898041Z  INFO herdr::server::headless: headless server exiting
2026-08-07T18:34:48.904746Z  INFO herdr::logging: pane child exited event="pane.exit" subsystem="pane" outcome="completed" pane_id=6 status="ExitStatus { code: 1, signal: None }"
2026-08-07T18:34:48.914392Z  INFO herdr::logging: pane child exited event="pane.exit" subsystem="pane" outcome="completed" pane_id=4 status="ExitStatus { code: 1, signal: None }"
2026-08-07T18:34:48.924829Z  INFO herdr::pane: pane session terminated pane=4 pid=6874 signal=Hangup
2026-08-07T18:34:48.924995Z  INFO herdr::pane: pane session terminated pane=6 pid=6880 signal=Hangup
2026-08-07T18:34:48.925012Z  INFO herdr::pane: pane session terminated pane=5 pid=6877 signal=Hangup
2026-08-07T18:34:48.925032Z  INFO herdr::pane: pane session terminated pane=8 pid=6886 signal=Hangup
2026-08-07T18:34:48.925043Z  INFO herdr::pane: pane session terminated pane=3 pid=6871 signal=Hangup
2026-08-07T18:34:48.925056Z  INFO herdr::pane: pane session terminated pane=2 pid=6868 signal=Hangup
2026-08-07T18:34:48.925067Z  INFO herdr::pane: pane session terminated pane=1 pid=6865 signal=Hangup
2026-08-07T18:34:48.925080Z  INFO herdr::pane: pane session terminated pane=7 pid=6883 signal=Hangup
2026-08-07T18:34:48.926670Z  INFO herdr::logging: herdr exiting event="app.shutdown" subsystem="server" outcome="completed" pid=6851
2026-08-07T20:31:17.923830Z  INFO herdr::api::server: api server listening path=/home/btw/.config/herdr/herdr.sock
2026-08-07T20:31:17.932688Z  INFO herdr::logging: spawning pane terminal event="pane.spawn.start" subsystem="pane" outcome="started" pane_id=1 rows=24 cols=80 scrollback_limit_bytes=10000000
2026-08-07T20:31:17.938238Z  INFO herdr::logging: pane child spawned event="pane.spawned" subsystem="pane" outcome="ok" pane_id=1 pid=7315
2026-08-07T20:31:17.940797Z  INFO herdr::logging: spawning pane terminal event="pane.spawn.start" subsystem="pane" outcome="started" pane_id=2 rows=24 cols=80 scrollback_limit_bytes=10000000
2026-08-07T20:31:17.941544Z  INFO herdr::logging: pane child spawned event="pane.spawned" subsystem="pane" outcome="ok" pane_id=2 pid=7318
2026-08-07T20:31:17.946822Z  INFO herdr::logging: spawning pane terminal event="pane.spawn.start" subsystem="pane" outcome="started" pane_id=3 rows=24 cols=80 scrollback_limit_bytes=10000000
2026-08-07T20:31:17.947547Z  INFO herdr::logging: pane child spawned event="pane.spawned" subsystem="pane" outcome="ok" pane_id=3 pid=7321
2026-08-07T20:31:17.947749Z  INFO herdr::logging: spawning pane terminal event="pane.spawn.start" subsystem="pane" outcome="started" pane_id=4 rows=24 cols=80 scrollback_limit_bytes=10000000
2026-08-07T20:31:17.948499Z  INFO herdr::logging: pane child spawned event="pane.spawned" subsystem="pane" outcome="ok" pane_id=4 pid=7324
2026-08-07T20:31:17.948657Z  INFO herdr::logging: spawning pane terminal event="pane.spawn.start" subsystem="pane" outcome="started" pane_id=5 rows=24 cols=80 scrollback_limit_bytes=10000000
2026-08-07T20:31:17.949356Z  INFO herdr::logging: pane child spawned event="pane.spawned" subsystem="pane" outcome="ok" pane_id=5 pid=7327
2026-08-07T20:31:17.952732Z  INFO herdr::logging: spawning pane terminal event="pane.spawn.start" subsystem="pane" outcome="started" pane_id=6 rows=24 cols=80 scrollback_limit_bytes=10000000
2026-08-07T20:31:17.953570Z  INFO herdr::logging: pane child spawned event="pane.spawned" subsystem="pane" outcome="ok" pane_id=6 pid=7330
2026-08-07T20:31:17.953756Z  INFO herdr::logging: spawning pane terminal event="pane.spawn.start" subsystem="pane" outcome="started" pane_id=7 rows=24 cols=80 scrollback_limit_bytes=10000000
2026-08-07T20:31:17.954534Z  INFO herdr::logging: pane child spawned event="pane.spawned" subsystem="pane" outcome="ok" pane_id=7 pid=7333
2026-08-07T20:31:17.954694Z  INFO herdr::logging: spawning pane terminal event="pane.spawn.start" subsystem="pane" outcome="started" pane_id=8 rows=24 cols=80 scrollback_limit_bytes=10000000
2026-08-07T20:31:17.955458Z  INFO herdr::logging: pane child spawned event="pane.spawned" subsystem="pane" outcome="ok" pane_id=8 pid=7336
2026-08-07T20:31:17.961693Z  INFO herdr::logging: session restore evaluated event="persist.restore" subsystem="persist" outcome="ok" workspaces=3
2026-08-07T20:31:17.962752Z  INFO herdr::app: using pane scrollback configuration pane_scrollback_limit_bytes=10000000
2026-08-07T20:31:18.085895Z  INFO herdr::logging: checking for updates event="update.check.start" subsystem="update" outcome="started"
2026-08-07T20:31:18.090016Z  INFO herdr::server::headless: restored session already has workspaces; ignoring startup cwd cwd=/home/btw
2026-08-07T20:31:18.090094Z  INFO herdr::server::headless: client protocol socket listening path=/home/btw/.config/herdr/herdr-client.sock
2026-08-07T20:31:18.090129Z  INFO herdr::server::headless: herdr server started api_socket=/home/btw/.config/herdr/herdr.sock client_socket=/home/btw/.config/herdr/herdr-client.sock
2026-08-07T20:31:18.099564Z  INFO herdr::logging: herdr starting event="app.startup" subsystem="server" outcome="started" pid=7301
2026-08-07T20:31:18.319266Z  INFO herdr::server::headless: client connected client_id=2 cols=173 rows=42 cell_width_px=11 cell_height_px=25 render_encoding=SemanticFrame
2026-08-07T21:01:18.088095Z  INFO herdr::logging: checking for updates event="update.check.start" subsystem="update" outcome="started"
2026-08-07T21:21:22.438309Z  INFO herdr::logging: workspace focused event="workspace.focus" subsystem="workspace" outcome="ok" workspace_id="wB"
2026-08-07T21:21:22.438344Z  INFO herdr::logging: tab focused event="tab.focus" subsystem="tab" outcome="ok" workspace_id="wB" tab_id="wB:t1"
2026-08-07T21:21:27.442211Z  INFO herdr::logging: session saved event="persist.save" subsystem="persist" outcome="ok" path=/home/btw/.config/herdr/session.json workspaces=3
2026-08-07T21:23:10.092958Z  INFO herdr::app::actions: copied selection to clipboard
2026-08-07T21:31:18.088974Z  INFO herdr::logging: checking for updates event="update.check.start" subsystem="update" outcome="started"
2026-08-07T21:50:09.718720Z  INFO herdr::server::headless: client detached client_id=2
2026-08-07T21:50:09.721203Z  INFO herdr::server::headless: client disconnected client_id=2
2026-08-07T21:51:31.353353Z  INFO herdr::server::headless: client connected client_id=4 cols=173 rows=42 cell_width_px=11 cell_height_px=25 render_encoding=SemanticFrame
2026-08-07T22:01:18.089537Z  INFO herdr::logging: checking for updates event="update.check.start" subsystem="update" outcome="started"
2026-08-07T22:02:11.890905Z  INFO herdr::server::headless: client detached client_id=4
2026-08-07T22:02:11.891871Z  INFO herdr::server::headless: client disconnected client_id=4
2026-08-07T22:02:16.890328Z  INFO herdr::server::headless: server shutdown initiated
2026-08-07T22:02:16.911006Z  INFO herdr::logging: pane child exited event="pane.exit" subsystem="pane" outcome="completed" pane_id=3 status="ExitStatus { code: 1, signal: None }"
2026-08-07T22:02:16.911075Z  INFO herdr::logging: pane child exited event="pane.exit" subsystem="pane" outcome="completed" pane_id=6 status="ExitStatus { code: 1, signal: None }"
2026-08-07T22:02:16.911163Z  INFO herdr::logging: pane child exited event="pane.exit" subsystem="pane" outcome="completed" pane_id=4 status="ExitStatus { code: 1, signal: None }"
2026-08-07T22:02:16.911195Z  INFO herdr::logging: pane child exited event="pane.exit" subsystem="pane" outcome="completed" pane_id=5 status="ExitStatus { code: 1, signal: None }"
2026-08-07T22:02:16.915126Z  INFO herdr::logging: pane child exited event="pane.exit" subsystem="pane" outcome="completed" pane_id=8 status="ExitStatus { code: 1, signal: None }"
2026-08-07T22:02:16.920137Z  INFO herdr::logging: pane child exited event="pane.exit" subsystem="pane" outcome="completed" pane_id=7 status="ExitStatus { code: 1, signal: None }"
2026-08-07T22:02:16.945449Z  INFO herdr::logging: pane child exited event="pane.exit" subsystem="pane" outcome="completed" pane_id=2 status="ExitStatus { code: 1, signal: None }"
2026-08-07T22:02:16.945823Z  INFO herdr::logging: pane child exited event="pane.exit" subsystem="pane" outcome="completed" pane_id=1 status="ExitStatus { code: 1, signal: None }"
2026-08-07T22:02:16.967484Z  INFO herdr::server::headless: completing server shutdown
2026-08-07T22:02:16.973139Z  INFO herdr::logging: session saved event="persist.save" subsystem="persist" outcome="ok" path=/home/btw/.config/herdr/session.json workspaces=3
2026-08-07T22:02:16.973179Z  INFO herdr::server::headless: headless server exiting
2026-08-07T22:02:16.975404Z  INFO herdr::pane: pane session terminated pane=4 pid=7324 signal=Hangup
2026-08-07T22:02:16.977992Z  INFO herdr::pane: pane session terminated pane=5 pid=7327 signal=Hangup
2026-08-07T22:02:16.978183Z  INFO herdr::pane: pane session terminated pane=8 pid=7336 signal=Hangup
2026-08-07T22:02:16.978331Z  INFO herdr::pane: pane session terminated pane=7 pid=7333 signal=Hangup
2026-08-07T22:02:16.978486Z  INFO herdr::pane: pane session terminated pane=3 pid=7321 signal=Hangup
2026-08-07T22:02:16.978717Z  INFO herdr::pane: pane session terminated pane=1 pid=7315 signal=Hangup
2026-08-07T22:02:16.978950Z  INFO herdr::pane: pane session terminated pane=2 pid=7318 signal=Hangup
2026-08-07T22:02:16.979139Z  INFO herdr::pane: pane session terminated pane=6 pid=7330 signal=Hangup
2026-08-07T22:02:16.999217Z  INFO herdr::logging: herdr exiting event="app.shutdown" subsystem="server" outcome="completed" pid=7301
2026-08-08T00:15:02.064624Z  INFO herdr::api::server: api server listening path=/home/btw/.config/herdr/herdr.sock
2026-08-08T00:15:02.077981Z  INFO herdr::logging: spawning pane terminal event="pane.spawn.start" subsystem="pane" outcome="started" pane_id=1 rows=24 cols=80 scrollback_limit_bytes=10000000
2026-08-08T00:15:02.083771Z  INFO herdr::logging: pane child spawned event="pane.spawned" subsystem="pane" outcome="ok" pane_id=1 pid=7310
2026-08-08T00:15:02.086406Z  INFO herdr::logging: spawning pane terminal event="pane.spawn.start" subsystem="pane" outcome="started" pane_id=2 rows=24 cols=80 scrollback_limit_bytes=10000000
2026-08-08T00:15:02.087109Z  INFO herdr::logging: pane child spawned event="pane.spawned" subsystem="pane" outcome="ok" pane_id=2 pid=7315
2026-08-08T00:15:02.093270Z  INFO herdr::logging: spawning pane terminal event="pane.spawn.start" subsystem="pane" outcome="started" pane_id=3 rows=24 cols=80 scrollback_limit_bytes=10000000
2026-08-08T00:15:02.094037Z  INFO herdr::logging: pane child spawned event="pane.spawned" subsystem="pane" outcome="ok" pane_id=3 pid=7318
2026-08-08T00:15:02.094269Z  INFO herdr::logging: spawning pane terminal event="pane.spawn.start" subsystem="pane" outcome="started" pane_id=4 rows=24 cols=80 scrollback_limit_bytes=10000000
2026-08-08T00:15:02.094922Z  INFO herdr::logging: pane child spawned event="pane.spawned" subsystem="pane" outcome="ok" pane_id=4 pid=7321
2026-08-08T00:15:02.095110Z  INFO herdr::logging: spawning pane terminal event="pane.spawn.start" subsystem="pane" outcome="started" pane_id=5 rows=24 cols=80 scrollback_limit_bytes=10000000
2026-08-08T00:15:02.095761Z  INFO herdr::logging: pane child spawned event="pane.spawned" subsystem="pane" outcome="ok" pane_id=5 pid=7324
2026-08-08T00:15:02.100121Z  INFO herdr::logging: spawning pane terminal event="pane.spawn.start" subsystem="pane" outcome="started" pane_id=6 rows=24 cols=80 scrollback_limit_bytes=10000000
2026-08-08T00:15:02.100915Z  INFO herdr::logging: pane child spawned event="pane.spawned" subsystem="pane" outcome="ok" pane_id=6 pid=7327
2026-08-08T00:15:02.101127Z  INFO herdr::logging: spawning pane terminal event="pane.spawn.start" subsystem="pane" outcome="started" pane_id=7 rows=24 cols=80 scrollback_limit_bytes=10000000
2026-08-08T00:15:02.102023Z  INFO herdr::logging: pane child spawned event="pane.spawned" subsystem="pane" outcome="ok" pane_id=7 pid=7330
2026-08-08T00:15:02.102222Z  INFO herdr::logging: spawning pane terminal event="pane.spawn.start" subsystem="pane" outcome="started" pane_id=8 rows=24 cols=80 scrollback_limit_bytes=10000000
2026-08-08T00:15:02.102960Z  INFO herdr::logging: pane child spawned event="pane.spawned" subsystem="pane" outcome="ok" pane_id=8 pid=7333
2026-08-08T00:15:02.108178Z  INFO herdr::logging: session restore evaluated event="persist.restore" subsystem="persist" outcome="ok" workspaces=3
2026-08-08T00:15:02.109168Z  INFO herdr::app: using pane scrollback configuration pane_scrollback_limit_bytes=10000000
2026-08-08T00:15:02.234016Z  INFO herdr::logging: checking for updates event="update.check.start" subsystem="update" outcome="started"
2026-08-08T00:15:02.241284Z  INFO herdr::server::headless: restored session already has workspaces; ignoring startup cwd cwd=/home/btw
2026-08-08T00:15:02.241350Z  INFO herdr::server::headless: client protocol socket listening path=/home/btw/.config/herdr/herdr-client.sock
2026-08-08T00:15:02.241369Z  INFO herdr::server::headless: herdr server started api_socket=/home/btw/.config/herdr/herdr.sock client_socket=/home/btw/.config/herdr/herdr-client.sock
2026-08-08T00:15:02.248193Z  INFO herdr::logging: herdr starting event="app.startup" subsystem="server" outcome="started" pid=7289
2026-08-08T00:15:02.507417Z  INFO herdr::server::headless: client connected client_id=2 cols=173 rows=42 cell_width_px=11 cell_height_px=25 render_encoding=SemanticFrame
2026-08-08T00:45:02.235813Z  INFO herdr::logging: checking for updates event="update.check.start" subsystem="update" outcome="started"
2026-08-08T00:53:55.939256Z  INFO herdr::logging: tab focused event="tab.focus" subsystem="tab" outcome="ok" workspace_id="wB" tab_id="wB:t2"
2026-08-08T00:54:00.943302Z  INFO herdr::logging: session saved event="persist.save" subsystem="persist" outcome="ok" path=/home/btw/.config/herdr/session.json workspaces=3
2026-08-08T00:54:20.983636Z  INFO herdr::logging: tab focused event="tab.focus" subsystem="tab" outcome="ok" workspace_id="wB" tab_id="wB:t1"
2026-08-08T00:54:24.304655Z  INFO herdr::logging: workspace focused event="workspace.focus" subsystem="workspace" outcome="ok" workspace_id="wC"
2026-08-08T00:54:24.304694Z  INFO herdr::logging: tab focused event="tab.focus" subsystem="tab" outcome="ok" workspace_id="wC" tab_id="wC:t5"
2026-08-08T00:54:29.306783Z  INFO herdr::logging: session saved event="persist.save" subsystem="persist" outcome="ok" path=/home/btw/.config/herdr/session.json workspaces=3
2026-08-08T00:56:57.988732Z  INFO herdr::logging: spawning pane terminal event="pane.spawn.start" subsystem="pane" outcome="started" pane_id=9 rows=41 cols=145 scrollback_limit_bytes=10000000
2026-08-08T00:56:57.990190Z  INFO herdr::logging: pane child spawned event="pane.spawned" subsystem="pane" outcome="ok" pane_id=9 pid=36323
2026-08-08T00:56:57.990489Z  INFO herdr::logging: workspace created event="workspace.create" subsystem="workspace" outcome="ok" workspace_id="wE" pane_id=9
2026-08-08T00:56:57.990496Z  INFO herdr::logging: workspace focused event="workspace.focus" subsystem="workspace" outcome="ok" workspace_id="wE"
2026-08-08T00:56:57.990524Z  INFO herdr::logging: tab focused event="tab.focus" subsystem="tab" outcome="ok" workspace_id="wE" tab_id="wE:t1"
2026-08-08T00:57:01.015369Z  INFO herdr::logging: api request received event="api.request.start" subsystem="api" outcome="started" request_id="cli:workspace:focus" method="workspace.focus" changes_ui=true
2026-08-08T00:57:01.015417Z  INFO herdr::logging: workspace focused event="workspace.focus" subsystem="workspace" outcome="ok" workspace_id="wC"
2026-08-08T00:57:01.015440Z  INFO herdr::logging: tab focused event="tab.focus" subsystem="tab" outcome="ok" workspace_id="wC" tab_id="wC:t5"
2026-08-08T00:57:01.015465Z  INFO herdr::logging: api request completed event="api.request.complete" subsystem="api" outcome="ok" request_id="cli:workspace:focus" method="workspace.focus"
2026-08-08T00:57:06.017837Z  INFO herdr::logging: session saved event="persist.save" subsystem="persist" outcome="ok" path=/home/btw/.config/herdr/session.json workspaces=4
2026-08-08T00:57:08.901564Z  INFO herdr::logging: workspace focused event="workspace.focus" subsystem="workspace" outcome="ok" workspace_id="wE"
2026-08-08T00:57:08.901606Z  INFO herdr::logging: tab focused event="tab.focus" subsystem="tab" outcome="ok" workspace_id="wE" tab_id="wE:t1"
2026-08-08T00:57:13.904634Z  INFO herdr::logging: session saved event="persist.save" subsystem="persist" outcome="ok" path=/home/btw/.config/herdr/session.json workspaces=4
2026-08-08T00:57:17.157484Z  INFO herdr::logging: workspace renamed event="workspace.rename" subsystem="workspace" outcome="ok" workspace_id="wE"
2026-08-08T00:57:22.158951Z  INFO herdr::logging: session saved event="persist.save" subsystem="persist" outcome="ok" path=/home/btw/.config/herdr/session.json workspaces=4
2026-08-08T01:06:28.315029Z  INFO herdr::pane: agent changed pane=9 previous_agent=None agent=Some(Claude) process=claude pgid=Some(42068)
2026-08-08T01:07:24.068010Z  INFO herdr::pane: agent changed pane=9 previous_agent=Some(Claude) agent=None pgid=Some(36323)
2026-08-08T01:15:02.236579Z  INFO herdr::logging: checking for updates event="update.check.start" subsystem="update" outcome="started"
2026-08-08T01:23:40.088405Z  INFO herdr::pane: agent changed pane=9 previous_agent=None agent=Some(Cline) process=cline pgid=Some(54838)
2026-08-08T01:23:40.994294Z  INFO herdr::pane: agent changed pane=9 previous_agent=Some(Cline) agent=None pgid=Some(36323)
2026-08-08T01:23:50.028550Z  INFO herdr::pane: agent changed pane=9 previous_agent=None agent=Some(Cline) process=cline pgid=Some(55137)
2026-08-08T01:23:51.233904Z  INFO herdr::pane: agent changed pane=9 previous_agent=Some(Cline) agent=None pgid=Some(36323)
2026-08-08T01:23:54.745408Z  INFO herdr::pane: agent changed pane=9 previous_agent=None agent=Some(Cline) process=cline pgid=Some(55285)
2026-08-08T01:37:13.161156Z  INFO herdr::logging: spawning pane terminal event="pane.spawn.start" subsystem="pane" outcome="started" pane_id=10 rows=41 cols=145 scrollback_limit_bytes=10000000
2026-08-08T01:37:13.171088Z  INFO herdr::logging: pane child spawned event="pane.spawned" subsystem="pane" outcome="ok" pane_id=10 pid=62708
2026-08-08T01:37:13.174214Z  INFO herdr::logging: tab focused event="tab.focus" subsystem="tab" outcome="ok" workspace_id="wE" tab_id="wE:t2"
2026-08-08T01:37:18.198182Z  INFO herdr::logging: session saved event="persist.save" subsystem="persist" outcome="ok" path=/home/btw/.config/herdr/session.json workspaces=4
2026-08-08T01:37:18.905893Z  INFO herdr::logging: tab focused event="tab.focus" subsystem="tab" outcome="ok" workspace_id="wE" tab_id="wE:t1"
2026-08-08T01:37:23.907942Z  INFO herdr::logging: session saved event="persist.save" subsystem="persist" outcome="ok" path=/home/btw/.config/herdr/session.json workspaces=4
2026-08-08T01:39:31.145412Z  INFO herdr::logging: tab focused event="tab.focus" subsystem="tab" outcome="ok" workspace_id="wE" tab_id="wE:t2"
2026-08-08T01:39:33.500415Z  INFO herdr::logging: tab focused event="tab.focus" subsystem="tab" outcome="ok" workspace_id="wE" tab_id="wE:t1"
2026-08-08T01:39:36.146094Z  INFO herdr::pane: agent changed pane=9 previous_agent=Some(Cline) agent=None pgid=Some(36323)
2026-08-08T01:39:38.502499Z  INFO herdr::logging: session saved event="persist.save" subsystem="persist" outcome="ok" path=/home/btw/.config/herdr/session.json workspaces=4
2026-08-08T01:39:39.658441Z  INFO herdr::pane: agent changed pane=9 previous_agent=None agent=Some(Cline) process=cline pgid=Some(64632)
2026-08-08T01:40:57.235766Z  INFO herdr::pane: agent changed pane=9 previous_agent=Some(Cline) agent=None pgid=Some(36323)
2026-08-08T01:41:04.822563Z  INFO herdr::logging: workspace focused event="workspace.focus" subsystem="workspace" outcome="ok" workspace_id="wC"
2026-08-08T01:41:04.822606Z  INFO herdr::logging: tab focused event="tab.focus" subsystem="tab" outcome="ok" workspace_id="wC" tab_id="wC:t5"
2026-08-08T01:41:07.687906Z  INFO herdr::pane: agent changed pane=3 previous_agent=None agent=Some(Cline) process=cline pgid=Some(65495)
2026-08-08T01:41:09.825609Z  INFO herdr::logging: session saved event="persist.save" subsystem="persist" outcome="ok" path=/home/btw/.config/herdr/session.json workspaces=4
2026-08-08T01:42:29.813189Z  INFO herdr::pane: agent changed pane=3 previous_agent=Some(Cline) agent=None pgid=Some(7318)
2026-08-08T01:42:32.323508Z  INFO herdr::pane: agent changed pane=3 previous_agent=None agent=Some(Cline) process=cline pgid=Some(66464)
2026-08-08T01:42:38.654351Z  INFO herdr::pane: agent changed pane=3 previous_agent=Some(Cline) agent=None pgid=Some(7318)
2026-08-08T01:42:45.178438Z  INFO herdr::pane: agent changed pane=3 previous_agent=None agent=Some(Cline) process=cline pgid=Some(66750)
2026-08-08T01:42:55.431386Z  INFO herdr::pane: agent changed pane=3 previous_agent=Some(Cline) agent=None pgid=Some(7318)
2026-08-08T01:45:02.237553Z  INFO herdr::logging: checking for updates event="update.check.start" subsystem="update" outcome="started"
2026-08-08T01:48:08.058272Z  INFO herdr::pane: agent changed pane=3 previous_agent=None agent=Some(Cline) process=cline pgid=Some(73951)
2026-08-08T01:48:16.201119Z  INFO herdr::pane: agent changed pane=3 previous_agent=Some(Cline) agent=None pgid=Some(7318)
2026-08-08T01:48:18.709894Z  INFO herdr::pane: agent changed pane=3 previous_agent=None agent=Some(Cline) process=cline pgid=Some(74170)
2026-08-08T01:48:20.131050Z  INFO herdr::logging: tab focused event="tab.focus" subsystem="tab" outcome="ok" workspace_id="wC" tab_id="wC:t3"
2026-08-08T01:48:25.132765Z  INFO herdr::logging: session saved event="persist.save" subsystem="persist" outcome="ok" path=/home/btw/.config/herdr/session.json workspaces=4
2026-08-08T01:48:39.290315Z  INFO herdr::logging: tab focused event="tab.focus" subsystem="tab" outcome="ok" workspace_id="wC" tab_id="wC:t5"
2026-08-08T01:48:44.051339Z  INFO herdr::logging: tab focused event="tab.focus" subsystem="tab" outcome="ok" workspace_id="wC" tab_id="wC:t3"
2026-08-08T01:48:45.414114Z  INFO herdr::logging: tab focused event="tab.focus" subsystem="tab" outcome="ok" workspace_id="wC" tab_id="wC:t5"
2026-08-08T01:48:50.415680Z  INFO herdr::logging: session saved event="persist.save" subsystem="persist" outcome="ok" path=/home/btw/.config/herdr/session.json workspaces=4
2026-08-08T02:06:20.207276Z  INFO herdr::logging: tab focused event="tab.focus" subsystem="tab" outcome="ok" workspace_id="wC" tab_id="wC:t3"
2026-08-08T02:06:20.889599Z  INFO herdr::logging: tab focused event="tab.focus" subsystem="tab" outcome="ok" workspace_id="wC" tab_id="wC:t2"
2026-08-08T02:06:24.542436Z  INFO herdr::logging: tab focused event="tab.focus" subsystem="tab" outcome="ok" workspace_id="wC" tab_id="wC:t5"
2026-08-08T02:06:29.543793Z  INFO herdr::logging: session saved event="persist.save" subsystem="persist" outcome="ok" path=/home/btw/.config/herdr/session.json workspaces=4
2026-08-08T02:06:30.911266Z  INFO herdr::logging: tab focused event="tab.focus" subsystem="tab" outcome="ok" workspace_id="wC" tab_id="wC:t2"
2026-08-08T02:06:32.721431Z  INFO herdr::logging: tab focused event="tab.focus" subsystem="tab" outcome="ok" workspace_id="wC" tab_id="wC:t5"
2026-08-08T02:06:37.723374Z  INFO herdr::logging: session saved event="persist.save" subsystem="persist" outcome="ok" path=/home/btw/.config/herdr/session.json workspaces=4
2026-08-08T02:06:39.682339Z  INFO herdr::logging: tab focused event="tab.focus" subsystem="tab" outcome="ok" workspace_id="wC" tab_id="wC:t2"
2026-08-08T02:06:41.336446Z  INFO herdr::logging: tab focused event="tab.focus" subsystem="tab" outcome="ok" workspace_id="wC" tab_id="wC:t5"
2026-08-08T02:06:46.338755Z  INFO herdr::logging: session saved event="persist.save" subsystem="persist" outcome="ok" path=/home/btw/.config/herdr/session.json workspaces=4
2026-08-08T02:06:59.934529Z  INFO herdr::logging: tab focused event="tab.focus" subsystem="tab" outcome="ok" workspace_id="wC" tab_id="wC:t3"
2026-08-08T02:07:02.368219Z  INFO herdr::logging: tab focused event="tab.focus" subsystem="tab" outcome="ok" workspace_id="wC" tab_id="wC:t2"
2026-08-08T02:07:03.016191Z  INFO herdr::logging: tab focused event="tab.focus" subsystem="tab" outcome="ok" workspace_id="wC" tab_id="wC:t5"
2026-08-08T02:07:08.018722Z  INFO herdr::logging: session saved event="persist.save" subsystem="persist" outcome="ok" path=/home/btw/.config/herdr/session.json workspaces=4
2026-08-08T02:07:47.061804Z  INFO herdr::logging: tab focused event="tab.focus" subsystem="tab" outcome="ok" workspace_id="wC" tab_id="wC:t2"
2026-08-08T02:07:48.906179Z  INFO herdr::logging: tab focused event="tab.focus" subsystem="tab" outcome="ok" workspace_id="wC" tab_id="wC:t5"
2026-08-08T02:07:53.909299Z  INFO herdr::logging: session saved event="persist.save" subsystem="persist" outcome="ok" path=/home/btw/.config/herdr/session.json workspaces=4
2026-08-08T02:08:01.294775Z  INFO herdr::logging: tab focused event="tab.focus" subsystem="tab" outcome="ok" workspace_id="wC" tab_id="wC:t2"
2026-08-08T02:08:06.296907Z  INFO herdr::logging: session saved event="persist.save" subsystem="persist" outcome="ok" path=/home/btw/.config/herdr/session.json workspaces=4
2026-08-08T02:08:06.882803Z  INFO herdr::logging: tab focused event="tab.focus" subsystem="tab" outcome="ok" workspace_id="wC" tab_id="wC:t5"
2026-08-08T02:08:09.464761Z  INFO herdr::logging: tab focused event="tab.focus" subsystem="tab" outcome="ok" workspace_id="wC" tab_id="wC:t2"
2026-08-08T02:08:11.486926Z  INFO herdr::logging: tab focused event="tab.focus" subsystem="tab" outcome="ok" workspace_id="wC" tab_id="wC:t5"
2026-08-08T02:08:16.488854Z  INFO herdr::logging: session saved event="persist.save" subsystem="persist" outcome="ok" path=/home/btw/.config/herdr/session.json workspaces=4
2026-08-08T02:08:34.622470Z  INFO herdr::logging: tab focused event="tab.focus" subsystem="tab" outcome="ok" workspace_id="wC" tab_id="wC:t2"
2026-08-08T02:08:36.109498Z  INFO herdr::logging: tab focused event="tab.focus" subsystem="tab" outcome="ok" workspace_id="wC" tab_id="wC:t5"
2026-08-08T02:08:41.111710Z  INFO herdr::logging: session saved event="persist.save" subsystem="persist" outcome="ok" path=/home/btw/.config/herdr/session.json workspaces=4
2026-08-08T02:09:06.811859Z  INFO herdr::logging: tab focused event="tab.focus" subsystem="tab" outcome="ok" workspace_id="wC" tab_id="wC:t2"
2026-08-08T02:09:08.765314Z  INFO herdr::logging: tab focused event="tab.focus" subsystem="tab" outcome="ok" workspace_id="wC" tab_id="wC:t5"
2026-08-08T02:09:13.767001Z  INFO herdr::logging: session saved event="persist.save" subsystem="persist" outcome="ok" path=/home/btw/.config/herdr/session.json workspaces=4
2026-08-08T02:09:40.462039Z  INFO herdr::logging: tab focused event="tab.focus" subsystem="tab" outcome="ok" workspace_id="wC" tab_id="wC:t2"
2026-08-08T02:09:41.748023Z  INFO herdr::logging: tab focused event="tab.focus" subsystem="tab" outcome="ok" workspace_id="wC" tab_id="wC:t5"
2026-08-08T02:09:46.751924Z  INFO herdr::logging: session saved event="persist.save" subsystem="persist" outcome="ok" path=/home/btw/.config/herdr/session.json workspaces=4
2026-08-08T02:10:02.447990Z  INFO herdr::logging: tab focused event="tab.focus" subsystem="tab" outcome="ok" workspace_id="wC" tab_id="wC:t2"
2026-08-08T02:10:05.823867Z  INFO herdr::logging: tab focused event="tab.focus" subsystem="tab" outcome="ok" workspace_id="wC" tab_id="wC:t5"
2026-08-08T02:10:10.826441Z  INFO herdr::logging: session saved event="persist.save" subsystem="persist" outcome="ok" path=/home/btw/.config/herdr/session.json workspaces=4
2026-08-08T02:10:22.785094Z  INFO herdr::logging: tab focused event="tab.focus" subsystem="tab" outcome="ok" workspace_id="wC" tab_id="wC:t5"
2026-08-08T02:10:23.544783Z  INFO herdr::logging: tab focused event="tab.focus" subsystem="tab" outcome="ok" workspace_id="wC" tab_id="wC:t2"
2026-08-08T02:10:24.338772Z  INFO herdr::logging: tab focused event="tab.focus" subsystem="tab" outcome="ok" workspace_id="wC" tab_id="wC:t5"
2026-08-08T02:10:25.054116Z  INFO herdr::logging: tab focused event="tab.focus" subsystem="tab" outcome="ok" workspace_id="wC" tab_id="wC:t2"
2026-08-08T02:10:27.068027Z  INFO herdr::logging: tab focused event="tab.focus" subsystem="tab" outcome="ok" workspace_id="wC" tab_id="wC:t3"
2026-08-08T02:10:30.600702Z  INFO herdr::logging: tab focused event="tab.focus" subsystem="tab" outcome="ok" workspace_id="wC" tab_id="wC:t5"
2026-08-08T02:10:35.603346Z  INFO herdr::logging: session saved event="persist.save" subsystem="persist" outcome="ok" path=/home/btw/.config/herdr/session.json workspaces=4
2026-08-08T02:11:09.079667Z  INFO herdr::logging: tab focused event="tab.focus" subsystem="tab" outcome="ok" workspace_id="wC" tab_id="wC:t3"
2026-08-08T02:11:14.082681Z  INFO herdr::logging: session saved event="persist.save" subsystem="persist" outcome="ok" path=/home/btw/.config/herdr/session.json workspaces=4
2026-08-08T02:11:48.537246Z  INFO herdr::logging: tab focused event="tab.focus" subsystem="tab" outcome="ok" workspace_id="wC" tab_id="wC:t5"
2026-08-08T02:11:53.540112Z  INFO herdr::logging: session saved event="persist.save" subsystem="persist" outcome="ok" path=/home/btw/.config/herdr/session.json workspaces=4
2026-08-08T02:15:02.238822Z  INFO herdr::logging: checking for updates event="update.check.start" subsystem="update" outcome="started"
2026-08-08T02:33:53.048708Z  INFO herdr::pane: agent changed pane=3 previous_agent=Some(Cline) agent=None pgid=Some(7318)
2026-08-08T02:34:18.245289Z  INFO herdr::pane: agent changed pane=3 previous_agent=None agent=Some(Cline) process=cline pgid=Some(88789)
2026-08-08T02:41:43.289621Z  INFO herdr::logging: spawning pane terminal event="pane.spawn.start" subsystem="pane" outcome="started" pane_id=11 rows=41 cols=145 scrollback_limit_bytes=10000000
2026-08-08T02:41:43.294743Z  INFO herdr::logging: pane child spawned event="pane.spawned" subsystem="pane" outcome="ok" pane_id=11 pid=91181
2026-08-08T02:41:43.295023Z  INFO herdr::logging: tab focused event="tab.focus" subsystem="tab" outcome="ok" workspace_id="wC" tab_id="wC:t6"
2026-08-08T02:41:48.313843Z  INFO herdr::logging: session saved event="persist.save" subsystem="persist" outcome="ok" path=/home/btw/.config/herdr/session.json workspaces=4
2026-08-08T02:41:53.419844Z  INFO herdr::logging: pane child exited event="pane.exit" subsystem="pane" outcome="completed" pane_id=11 status="ExitStatus { code: 1, signal: None }"
2026-08-08T02:41:53.424130Z  INFO herdr::pane: pane session terminated pane=11 pid=91181 signal=Hangup
2026-08-08T02:41:53.424552Z  WARN herdr::app::actions: PaneDied for unknown pane pane=11
2026-08-08T02:41:58.426167Z  INFO herdr::logging: session saved event="persist.save" subsystem="persist" outcome="ok" path=/home/btw/.config/herdr/session.json workspaces=4
2026-08-08T02:41:59.152562Z  INFO herdr::logging: tab focused event="tab.focus" subsystem="tab" outcome="ok" workspace_id="wC" tab_id="wC:t5"
2026-08-08T02:42:04.155374Z  INFO herdr::logging: session saved event="persist.save" subsystem="persist" outcome="ok" path=/home/btw/.config/herdr/session.json workspaces=4
2026-08-08T02:45:02.239581Z  INFO herdr::logging: checking for updates event="update.check.start" subsystem="update" outcome="started"
2026-08-08T02:46:21.700443Z  INFO herdr::logging: tab focused event="tab.focus" subsystem="tab" outcome="ok" workspace_id="wC" tab_id="wC:t2"
2026-08-08T02:46:23.948376Z  INFO herdr::logging: tab focused event="tab.focus" subsystem="tab" outcome="ok" workspace_id="wC" tab_id="wC:t5"
2026-08-08T02:46:28.951251Z  INFO herdr::logging: session saved event="persist.save" subsystem="persist" outcome="ok" path=/home/btw/.config/herdr/session.json workspaces=4
2026-08-08T02:48:31.606370Z  INFO herdr::logging: tab focused event="tab.focus" subsystem="tab" outcome="ok" workspace_id="wC" tab_id="wC:t2"
2026-08-08T02:48:34.312795Z  INFO herdr::logging: tab focused event="tab.focus" subsystem="tab" outcome="ok" workspace_id="wC" tab_id="wC:t5"
2026-08-08T02:48:35.397266Z  INFO herdr::logging: tab focused event="tab.focus" subsystem="tab" outcome="ok" workspace_id="wC" tab_id="wC:t2"
2026-08-08T02:48:37.197539Z  INFO herdr::logging: tab focused event="tab.focus" subsystem="tab" outcome="ok" workspace_id="wC" tab_id="wC:t5"
2026-08-08T02:48:39.903738Z  INFO herdr::logging: tab focused event="tab.focus" subsystem="tab" outcome="ok" workspace_id="wC" tab_id="wC:t2"
2026-08-08T02:48:43.481669Z  INFO herdr::logging: tab focused event="tab.focus" subsystem="tab" outcome="ok" workspace_id="wC" tab_id="wC:t5"
2026-08-08T02:48:48.483949Z  INFO herdr::logging: session saved event="persist.save" subsystem="persist" outcome="ok" path=/home/btw/.config/herdr/session.json workspaces=4
2026-08-08T02:49:06.112521Z  INFO herdr::logging: tab focused event="tab.focus" subsystem="tab" outcome="ok" workspace_id="wC" tab_id="wC:t2"
2026-08-08T02:49:11.115078Z  INFO herdr::logging: session saved event="persist.save" subsystem="persist" outcome="ok" path=/home/btw/.config/herdr/session.json workspaces=4
2026-08-08T02:49:38.470386Z  INFO herdr::logging: tab focused event="tab.focus" subsystem="tab" outcome="ok" workspace_id="wC" tab_id="wC:t5"
2026-08-08T02:49:43.473430Z  INFO herdr::logging: session saved event="persist.save" subsystem="persist" outcome="ok" path=/home/btw/.config/herdr/session.json workspaces=4
2026-08-08T02:49:50.650273Z  INFO herdr::logging: tab focused event="tab.focus" subsystem="tab" outcome="ok" workspace_id="wC" tab_id="wC:t2"
2026-08-08T02:49:55.652611Z  INFO herdr::logging: session saved event="persist.save" subsystem="persist" outcome="ok" path=/home/btw/.config/herdr/session.json workspaces=4
2026-08-08T02:49:58.877902Z  INFO herdr::logging: tab focused event="tab.focus" subsystem="tab" outcome="ok" workspace_id="wC" tab_id="wC:t5"
2026-08-08T02:50:00.041720Z  INFO herdr::logging: tab focused event="tab.focus" subsystem="tab" outcome="ok" workspace_id="wC" tab_id="wC:t2"
2026-08-08T02:50:02.345057Z  INFO herdr::logging: tab focused event="tab.focus" subsystem="tab" outcome="ok" workspace_id="wC" tab_id="wC:t3"
2026-08-08T02:50:07.347287Z  INFO herdr::logging: session saved event="persist.save" subsystem="persist" outcome="ok" path=/home/btw/.config/herdr/session.json workspaces=4
2026-08-08T02:50:10.192980Z  INFO herdr::logging: tab focused event="tab.focus" subsystem="tab" outcome="ok" workspace_id="wC" tab_id="wC:t5"
2026-08-08T02:50:11.435858Z  INFO herdr::logging: tab focused event="tab.focus" subsystem="tab" outcome="ok" workspace_id="wC" tab_id="wC:t3"
2026-08-08T02:50:14.208737Z  INFO herdr::logging: tab focused event="tab.focus" subsystem="tab" outcome="ok" workspace_id="wC" tab_id="wC:t5"
2026-08-08T02:50:19.211506Z  INFO herdr::logging: session saved event="persist.save" subsystem="persist" outcome="ok" path=/home/btw/.config/herdr/session.json workspaces=4
2026-08-08T02:50:36.984849Z  INFO herdr::logging: tab focused event="tab.focus" subsystem="tab" outcome="ok" workspace_id="wC" tab_id="wC:t3"
2026-08-08T02:50:38.851643Z  INFO herdr::logging: tab focused event="tab.focus" subsystem="tab" outcome="ok" workspace_id="wC" tab_id="wC:t5"
2026-08-08T02:50:43.853464Z  INFO herdr::logging: session saved event="persist.save" subsystem="persist" outcome="ok" path=/home/btw/.config/herdr/session.json workspaces=4
2026-08-08T02:52:15.840499Z  INFO herdr::logging: tab focused event="tab.focus" subsystem="tab" outcome="ok" workspace_id="wC" tab_id="wC:t3"
2026-08-08T02:52:20.843727Z  INFO herdr::logging: session saved event="persist.save" subsystem="persist" outcome="ok" path=/home/btw/.config/herdr/session.json workspaces=4
2026-08-08T02:52:22.660489Z  INFO herdr::logging: tab focused event="tab.focus" subsystem="tab" outcome="ok" workspace_id="wC" tab_id="wC:t5"
2026-08-08T02:52:24.383960Z  INFO herdr::logging: tab focused event="tab.focus" subsystem="tab" outcome="ok" workspace_id="wC" tab_id="wC:t3"
2026-08-08T02:52:29.386640Z  INFO herdr::logging: session saved event="persist.save" subsystem="persist" outcome="ok" path=/home/btw/.config/herdr/session.json workspaces=4
2026-08-08T02:52:30.345888Z  INFO herdr::logging: tab focused event="tab.focus" subsystem="tab" outcome="ok" workspace_id="wC" tab_id="wC:t5"
2026-08-08T02:52:35.347955Z  INFO herdr::logging: session saved event="persist.save" subsystem="persist" outcome="ok" path=/home/btw/.config/herdr/session.json workspaces=4
2026-08-08T02:56:32.381586Z  INFO herdr::pane: agent changed pane=3 previous_agent=Some(Cline) agent=None pgid=Some(7318)
2026-08-08T02:56:38.626002Z  INFO herdr::logging: tab focused event="tab.focus" subsystem="tab" outcome="ok" workspace_id="wC" tab_id="wC:t5"
2026-08-08T02:56:43.626691Z  INFO herdr::logging: session saved event="persist.save" subsystem="persist" outcome="ok" path=/home/btw/.config/herdr/session.json workspaces=4
2026-08-08T02:57:07.291092Z  INFO herdr::logging: tab focused event="tab.focus" subsystem="tab" outcome="ok" workspace_id="wC" tab_id="wC:t3"
2026-08-08T02:57:12.292799Z  INFO herdr::logging: session saved event="persist.save" subsystem="persist" outcome="ok" path=/home/btw/.config/herdr/session.json workspaces=4
2026-08-08T02:58:00.502401Z  INFO herdr::logging: tab focused event="tab.focus" subsystem="tab" outcome="ok" workspace_id="wC" tab_id="wC:t5"
2026-08-08T02:58:02.660677Z  INFO herdr::pane: agent changed pane=3 previous_agent=None agent=Some(Cline) process=cline pgid=Some(99248)
2026-08-08T02:58:05.504355Z  INFO herdr::logging: session saved event="persist.save" subsystem="persist" outcome="ok" path=/home/btw/.config/herdr/session.json workspaces=4
2026-08-08T03:09:23.884981Z  INFO herdr::server::headless: client resize client_id=2 cols=173 rows=41 cell_width_px=11 cell_height_px=25
2026-08-08T03:15:02.241471Z  INFO herdr::logging: checking for updates event="update.check.start" subsystem="update" outcome="started"
2026-08-08T03:17:35.456162Z  INFO herdr::logging: tab focused event="tab.focus" subsystem="tab" outcome="ok" workspace_id="wC" tab_id="wC:t2"
2026-08-08T03:17:37.585659Z  INFO herdr::logging: tab focused event="tab.focus" subsystem="tab" outcome="ok" workspace_id="wC" tab_id="wC:t5"
2026-08-08T03:17:42.589261Z  INFO herdr::logging: session saved event="persist.save" subsystem="persist" outcome="ok" path=/home/btw/.config/herdr/session.json workspaces=4
2026-08-08T03:18:33.457062Z  INFO herdr::logging: tab focused event="tab.focus" subsystem="tab" outcome="ok" workspace_id="wC" tab_id="wC:t3"
2026-08-08T03:18:38.459820Z  INFO herdr::logging: session saved event="persist.save" subsystem="persist" outcome="ok" path=/home/btw/.config/herdr/session.json workspaces=4
2026-08-08T03:19:39.999262Z  INFO herdr::logging: tab focused event="tab.focus" subsystem="tab" outcome="ok" workspace_id="wC" tab_id="wC:t5"
2026-08-08T03:19:45.001202Z  INFO herdr::logging: session saved event="persist.save" subsystem="persist" outcome="ok" path=/home/btw/.config/herdr/session.json workspaces=4
2026-08-08T03:20:27.608314Z  INFO herdr::logging: tab focused event="tab.focus" subsystem="tab" outcome="ok" workspace_id="wC" tab_id="wC:t3"
2026-08-08T03:20:32.610413Z  INFO herdr::logging: session saved event="persist.save" subsystem="persist" outcome="ok" path=/home/btw/.config/herdr/session.json workspaces=4
2026-08-08T03:22:31.462208Z  INFO herdr::logging: tab focused event="tab.focus" subsystem="tab" outcome="ok" workspace_id="wC" tab_id="wC:t5"
2026-08-08T03:22:34.723401Z  INFO herdr::pane: agent changed pane=3 previous_agent=Some(Cline) agent=None pgid=Some(7318)
2026-08-08T03:22:36.465652Z  INFO herdr::logging: session saved event="persist.save" subsystem="persist" outcome="ok" path=/home/btw/.config/herdr/session.json workspaces=4
2026-08-08T03:22:39.244257Z  INFO herdr::pane: agent changed pane=3 previous_agent=None agent=Some(OpenCode) process=opencode pgid=Some(109360)
2026-08-08T03:26:12.754285Z  INFO herdr::pane: agent changed pane=3 previous_agent=Some(OpenCode) agent=None pgid=Some(7318)
2026-08-08T03:26:14.761884Z  INFO herdr::pane: agent changed pane=3 previous_agent=None agent=Some(OpenCode) process=opencode pgid=Some(114027)
2026-08-08T03:27:07.528684Z  INFO herdr::pane: agent changed pane=3 previous_agent=Some(OpenCode) agent=None pgid=Some(7318)
2026-08-08T03:27:27.091959Z  INFO herdr::pane: agent changed pane=3 previous_agent=None agent=Some(OpenCode) process=opencode pgid=Some(114571)
2026-08-08T03:27:27.695032Z  INFO herdr::pane: agent changed pane=3 previous_agent=Some(OpenCode) agent=None pgid=Some(7318)
2026-08-08T03:28:44.951944Z  INFO herdr::pane: agent changed pane=3 previous_agent=None agent=Some(OpenCode) process=opencode pgid=Some(115044)
2026-08-08T03:28:45.555369Z  INFO herdr::pane: agent changed pane=3 previous_agent=Some(OpenCode) agent=None pgid=Some(7318)
2026-08-08T03:28:50.572373Z  INFO herdr::pane: agent changed pane=3 previous_agent=None agent=Some(OpenCode) process=opencode pgid=Some(115171)
2026-08-08T03:29:05.042382Z  INFO herdr::pane: agent changed pane=3 previous_agent=Some(OpenCode) agent=None pgid=Some(7318)
2026-08-08T03:29:06.547898Z  INFO herdr::pane: agent changed pane=3 previous_agent=None agent=Some(OpenCode) process=opencode pgid=Some(115295)
2026-08-08T03:29:08.959129Z  INFO herdr::pane: agent changed pane=3 previous_agent=Some(OpenCode) agent=None pgid=Some(7318)
2026-08-08T03:29:09.962711Z  INFO herdr::pane: agent changed pane=3 previous_agent=None agent=Some(OpenCode) process=opencode pgid=Some(115401)
2026-08-08T03:29:11.168491Z  INFO herdr::pane: agent changed pane=3 previous_agent=Some(OpenCode) agent=None pgid=Some(7318)
2026-08-08T03:29:11.670145Z  INFO herdr::pane: agent changed pane=3 previous_agent=None agent=Some(OpenCode) process=opencode pgid=Some(115468)
2026-08-08T03:29:12.876267Z  INFO herdr::pane: agent changed pane=3 previous_agent=Some(OpenCode) agent=None pgid=Some(7318)
2026-08-08T03:29:15.887501Z  INFO herdr::pane: agent changed pane=3 previous_agent=None agent=Some(OpenCode) process=opencode pgid=Some(115575)
2026-08-08T03:30:40.626826Z  INFO herdr::pane: agent changed pane=3 previous_agent=Some(OpenCode) agent=None pgid=Some(7318)
2026-08-08T03:30:43.134989Z  INFO herdr::pane: agent changed pane=3 previous_agent=None agent=Some(OpenCode) process=opencode pgid=Some(116278)
2026-08-08T03:30:58.208817Z  INFO herdr::pane: agent changed pane=3 previous_agent=Some(OpenCode) agent=None pgid=Some(7318)
2026-08-08T03:31:05.234809Z  INFO herdr::pane: agent changed pane=3 previous_agent=None agent=Some(OpenCode) process=opencode pgid=Some(116521)
2026-08-08T03:31:07.946608Z  INFO herdr::pane: agent changed pane=3 previous_agent=Some(OpenCode) agent=None pgid=Some(7318)
2026-08-08T03:32:21.696170Z  INFO herdr::pane: agent changed pane=3 previous_agent=None agent=Some(OpenCode) process=opencode pgid=Some(117078)
2026-08-08T03:32:51.872132Z  INFO herdr::pane: agent changed pane=3 previous_agent=Some(OpenCode) agent=None pgid=Some(7318)
2026-08-08T03:32:59.396450Z  INFO herdr::pane: agent changed pane=3 previous_agent=None agent=Some(OpenCode) process=opencode pgid=Some(117629)
2026-08-08T03:33:48.602314Z  INFO herdr::pane: agent changed pane=3 previous_agent=Some(OpenCode) agent=None pgid=Some(7318)
2026-08-08T03:34:01.698956Z  INFO herdr::server::headless: client resize client_id=2 cols=85 rows=41 cell_width_px=11 cell_height_px=25
2026-08-08T03:34:04.200854Z  INFO herdr::server::headless: client resize client_id=2 cols=173 rows=41 cell_width_px=11 cell_height_px=25
2026-08-08T03:39:29.533097Z  INFO herdr::server::headless: client detached client_id=2
2026-08-08T03:39:29.568791Z  INFO herdr::server::headless: client disconnected client_id=2
2026-08-08T03:39:50.021305Z  INFO herdr::server::headless: server shutdown initiated
2026-08-08T03:39:50.071458Z  INFO herdr::server::headless: completing server shutdown
2026-08-08T03:39:50.071735Z  INFO herdr::logging: session saved event="persist.save" subsystem="persist" outcome="ok" path=/home/btw/.config/herdr/session.json workspaces=4
2026-08-08T03:39:50.071758Z  INFO herdr::server::headless: headless server exiting
2026-08-08T03:39:50.137108Z  INFO herdr::pane: pane session terminated pane=3 pid=7318 signal=Hangup
2026-08-08T03:39:50.138918Z  INFO herdr::logging: pane child exited event="pane.exit" subsystem="pane" outcome="completed" pane_id=3 status="ExitStatus { code: 1, signal: None }"
2026-08-08T03:39:50.280750Z  INFO herdr::logging: pane child exited event="pane.exit" subsystem="pane" outcome="completed" pane_id=9 status="ExitStatus { code: 1, signal: None }"
2026-08-08T03:39:50.486778Z  INFO herdr::logging: pane child exited event="pane.exit" subsystem="pane" outcome="completed" pane_id=8 status="ExitStatus { code: 1, signal: None }"
2026-08-08T03:39:50.498371Z  INFO herdr::logging: pane child exited event="pane.exit" subsystem="pane" outcome="completed" pane_id=4 status="ExitStatus { code: 1, signal: None }"
2026-08-08T03:39:50.500893Z  INFO herdr::pane: pane session terminated pane=8 pid=7333 signal=Terminate
2026-08-08T03:39:50.581081Z  INFO herdr::pane: pane session terminated pane=4 pid=7321 signal=Hangup
2026-08-08T03:39:50.685619Z  INFO herdr::logging: pane child exited event="pane.exit" subsystem="pane" outcome="completed" pane_id=7 status="ExitStatus { code: 1, signal: None }"
2026-08-08T03:39:51.108613Z  INFO herdr::logging: pane child exited event="pane.exit" subsystem="pane" outcome="completed" pane_id=10 status="ExitStatus { code: 1, signal: Some(\"Killed\") }"
2026-08-08T03:39:51.128022Z  INFO herdr::pane: pane session terminated pane=10 pid=62708 signal=Kill
2026-08-08T03:39:51.792688Z  INFO herdr::logging: pane child exited event="pane.exit" subsystem="pane" outcome="completed" pane_id=5 status="ExitStatus { code: 1, signal: Some(\"Killed\") }"
2026-08-08T03:39:51.812133Z  INFO herdr::pane: pane session terminated pane=5 pid=7324 signal=Kill
2026-08-08T03:39:52.350112Z  INFO herdr::logging: pane child exited event="pane.exit" subsystem="pane" outcome="completed" pane_id=1 status="ExitStatus { code: 1, signal: Some(\"Killed\") }"
2026-08-08T03:39:52.449890Z  INFO herdr::pane: pane session terminated pane=1 pid=7310 signal=Kill
2026-08-08T03:39:52.540341Z  INFO herdr::pane: pane session terminated pane=9 pid=36323 signal=Hangup
2026-08-08T03:39:53.067928Z  INFO herdr::logging: pane child exited event="pane.exit" subsystem="pane" outcome="completed" pane_id=2 status="ExitStatus { code: 1, signal: Some(\"Killed\") }"
2026-08-08T03:39:53.087530Z  INFO herdr::pane: pane session terminated pane=2 pid=7315 signal=Kill
2026-08-08T03:39:53.155098Z  INFO herdr::pane: pane session terminated pane=7 pid=7330 signal=Hangup
2026-08-08T03:39:53.687508Z  INFO herdr::logging: pane child exited event="pane.exit" subsystem="pane" outcome="completed" pane_id=6 status="ExitStatus { code: 1, signal: Some(\"Killed\") }"
2026-08-08T03:39:53.707040Z  INFO herdr::pane: pane session terminated pane=6 pid=7327 signal=Kill
2026-08-08T03:39:53.711851Z  INFO herdr::logging: herdr exiting event="app.shutdown" subsystem="server" outcome="completed" pid=7289
2026-08-08T15:30:31.566444Z  INFO herdr::api::server: api server listening path=/home/btw/.config/herdr/herdr.sock
2026-08-08T15:30:31.609190Z  INFO herdr::logging: spawning pane terminal event="pane.spawn.start" subsystem="pane" outcome="started" pane_id=1 rows=24 cols=80 scrollback_limit_bytes=10000000
2026-08-08T15:30:31.615190Z  INFO herdr::logging: pane child spawned event="pane.spawned" subsystem="pane" outcome="ok" pane_id=1 pid=8174
2026-08-08T15:30:31.617825Z  INFO herdr::logging: spawning pane terminal event="pane.spawn.start" subsystem="pane" outcome="started" pane_id=2 rows=24 cols=80 scrollback_limit_bytes=10000000
2026-08-08T15:30:31.618577Z  INFO herdr::logging: pane child spawned event="pane.spawned" subsystem="pane" outcome="ok" pane_id=2 pid=8177
2026-08-08T15:30:31.655545Z  INFO herdr::logging: spawning pane terminal event="pane.spawn.start" subsystem="pane" outcome="started" pane_id=3 rows=24 cols=80 scrollback_limit_bytes=10000000
2026-08-08T15:30:31.656475Z  INFO herdr::logging: pane child spawned event="pane.spawned" subsystem="pane" outcome="ok" pane_id=3 pid=8180
2026-08-08T15:30:31.656731Z  INFO herdr::logging: spawning pane terminal event="pane.spawn.start" subsystem="pane" outcome="started" pane_id=4 rows=24 cols=80 scrollback_limit_bytes=10000000
2026-08-08T15:30:31.657490Z  INFO herdr::logging: pane child spawned event="pane.spawned" subsystem="pane" outcome="ok" pane_id=4 pid=8183
2026-08-08T15:30:31.657651Z  INFO herdr::logging: spawning pane terminal event="pane.spawn.start" subsystem="pane" outcome="started" pane_id=5 rows=24 cols=80 scrollback_limit_bytes=10000000
2026-08-08T15:30:31.658360Z  INFO herdr::logging: pane child spawned event="pane.spawned" subsystem="pane" outcome="ok" pane_id=5 pid=8186
2026-08-08T15:30:31.661840Z  INFO herdr::logging: spawning pane terminal event="pane.spawn.start" subsystem="pane" outcome="started" pane_id=6 rows=24 cols=80 scrollback_limit_bytes=10000000
2026-08-08T15:30:31.662669Z  INFO herdr::logging: pane child spawned event="pane.spawned" subsystem="pane" outcome="ok" pane_id=6 pid=8189
2026-08-08T15:30:31.662853Z  INFO herdr::logging: spawning pane terminal event="pane.spawn.start" subsystem="pane" outcome="started" pane_id=7 rows=24 cols=80 scrollback_limit_bytes=10000000
2026-08-08T15:30:31.663612Z  INFO herdr::logging: pane child spawned event="pane.spawned" subsystem="pane" outcome="ok" pane_id=7 pid=8192
2026-08-08T15:30:31.663769Z  INFO herdr::logging: spawning pane terminal event="pane.spawn.start" subsystem="pane" outcome="started" pane_id=8 rows=24 cols=80 scrollback_limit_bytes=10000000
2026-08-08T15:30:31.664551Z  INFO herdr::logging: pane child spawned event="pane.spawned" subsystem="pane" outcome="ok" pane_id=8 pid=8195
2026-08-08T15:30:31.669343Z  INFO herdr::logging: spawning pane terminal event="pane.spawn.start" subsystem="pane" outcome="started" pane_id=9 rows=24 cols=80 scrollback_limit_bytes=10000000
2026-08-08T15:30:31.670115Z  INFO herdr::logging: pane child spawned event="pane.spawned" subsystem="pane" outcome="ok" pane_id=9 pid=8198
2026-08-08T15:30:31.670291Z  INFO herdr::logging: spawning pane terminal event="pane.spawn.start" subsystem="pane" outcome="started" pane_id=10 rows=24 cols=80 scrollback_limit_bytes=10000000
2026-08-08T15:30:31.671110Z  INFO herdr::logging: pane child spawned event="pane.spawned" subsystem="pane" outcome="ok" pane_id=10 pid=8201
2026-08-08T15:30:31.672262Z  INFO herdr::logging: session restore evaluated event="persist.restore" subsystem="persist" outcome="ok" workspaces=4
2026-08-08T15:30:31.672943Z  INFO herdr::app: using pane scrollback configuration pane_scrollback_limit_bytes=10000000
2026-08-08T15:30:31.944399Z  INFO herdr::logging: checking for updates event="update.check.start" subsystem="update" outcome="started"
2026-08-08T15:30:31.952132Z  INFO herdr::server::headless: restored session already has workspaces; ignoring startup cwd cwd=/home/btw
2026-08-08T15:30:31.952215Z  INFO herdr::server::headless: client protocol socket listening path=/home/btw/.config/herdr/herdr-client.sock
2026-08-08T15:30:31.952240Z  INFO herdr::server::headless: herdr server started api_socket=/home/btw/.config/herdr/herdr.sock client_socket=/home/btw/.config/herdr/herdr-client.sock
2026-08-08T15:30:31.957940Z  INFO herdr::logging: herdr starting event="app.startup" subsystem="server" outcome="started" pid=8160
2026-08-08T15:30:32.001982Z  INFO herdr::server::headless: client connected client_id=2 cols=173 rows=42 cell_width_px=11 cell_height_px=25 render_encoding=SemanticFrame
2026-08-08T15:30:37.389073Z  INFO herdr::logging: workspace focused event="workspace.focus" subsystem="workspace" outcome="ok" workspace_id="wB"
2026-08-08T15:30:37.389110Z  INFO herdr::logging: tab focused event="tab.focus" subsystem="tab" outcome="ok" workspace_id="wB" tab_id="wB:t1"
2026-08-08T15:30:42.394457Z  INFO herdr::logging: session saved event="persist.save" subsystem="persist" outcome="ok" path=/home/btw/.config/herdr/session.json workspaces=4
2026-08-08T15:31:32.641584Z  INFO herdr::logging: spawning pane terminal event="pane.spawn.start" subsystem="pane" outcome="started" pane_id=11 rows=41 cols=145 scrollback_limit_bytes=10000000
2026-08-08T15:31:32.642982Z  INFO herdr::logging: pane child spawned event="pane.spawned" subsystem="pane" outcome="ok" pane_id=11 pid=10306
2026-08-08T15:31:32.643321Z  INFO herdr::logging: tab focused event="tab.focus" subsystem="tab" outcome="ok" workspace_id="wB" tab_id="wB:tF"
2026-08-08T15:31:36.324801Z  INFO herdr::logging: api request received event="api.request.start" subsystem="api" outcome="started" request_id="cli:workspace:focus" method="workspace.focus" changes_ui=true
2026-08-08T15:31:36.324851Z  INFO herdr::logging: workspace focused event="workspace.focus" subsystem="workspace" outcome="ok" workspace_id="wC"
2026-08-08T15:31:36.324876Z  INFO herdr::logging: tab focused event="tab.focus" subsystem="tab" outcome="ok" workspace_id="wC" tab_id="wC:t5"
2026-08-08T15:31:36.324899Z  INFO herdr::logging: api request completed event="api.request.complete" subsystem="api" outcome="ok" request_id="cli:workspace:focus" method="workspace.focus"
2026-08-08T15:31:41.328342Z  INFO herdr::logging: session saved event="persist.save" subsystem="persist" outcome="ok" path=/home/btw/.config/herdr/session.json workspaces=4
2026-08-08T15:31:42.668484Z  INFO herdr::logging: workspace focused event="workspace.focus" subsystem="workspace" outcome="ok" workspace_id="wB"
2026-08-08T15:31:42.668521Z  INFO herdr::logging: tab focused event="tab.focus" subsystem="tab" outcome="ok" workspace_id="wB" tab_id="wB:tF"
2026-08-08T15:31:47.670366Z  INFO herdr::logging: session saved event="persist.save" subsystem="persist" outcome="ok" path=/home/btw/.config/herdr/session.json workspaces=4
2026-08-08T15:32:00.729305Z  INFO herdr::logging: tab focused event="tab.focus" subsystem="tab" outcome="ok" workspace_id="wB" tab_id="wB:t1"
2026-08-08T15:32:01.904295Z  INFO herdr::logging: tab focused event="tab.focus" subsystem="tab" outcome="ok" workspace_id="wB" tab_id="wB:t2"
2026-08-08T15:32:03.325126Z  INFO herdr::logging: tab focused event="tab.focus" subsystem="tab" outcome="ok" workspace_id="wB" tab_id="wB:tF"
2026-08-08T15:32:08.327110Z  INFO herdr::logging: session saved event="persist.save" subsystem="persist" outcome="ok" path=/home/btw/.config/herdr/session.json workspaces=4
2026-08-08T15:32:08.697241Z  INFO herdr::logging: tab focused event="tab.focus" subsystem="tab" outcome="ok" workspace_id="wB" tab_id="wB:t1"
2026-08-08T15:32:13.699871Z  INFO herdr::logging: session saved event="persist.save" subsystem="persist" outcome="ok" path=/home/btw/.config/herdr/session.json workspaces=4
2026-08-08T15:32:29.620058Z  INFO herdr::logging: tab focused event="tab.focus" subsystem="tab" outcome="ok" workspace_id="wB" tab_id="wB:tF"
2026-08-08T15:32:34.621413Z  INFO herdr::logging: session saved event="persist.save" subsystem="persist" outcome="ok" path=/home/btw/.config/herdr/session.json workspaces=4
2026-08-08T15:32:39.711996Z  INFO herdr::logging: tab focused event="tab.focus" subsystem="tab" outcome="ok" workspace_id="wB" tab_id="wB:t1"
2026-08-08T15:32:41.378997Z  INFO herdr::logging: tab focused event="tab.focus" subsystem="tab" outcome="ok" workspace_id="wB" tab_id="wB:tF"
2026-08-08T15:32:46.380334Z  INFO herdr::logging: session saved event="persist.save" subsystem="persist" outcome="ok" path=/home/btw/.config/herdr/session.json workspaces=4
2026-08-08T15:33:08.589756Z  INFO herdr::logging: tab focused event="tab.focus" subsystem="tab" outcome="ok" workspace_id="wB" tab_id="wB:t1"
2026-08-08T15:33:13.592452Z  INFO herdr::logging: session saved event="persist.save" subsystem="persist" outcome="ok" path=/home/btw/.config/herdr/session.json workspaces=4
2026-08-08T15:34:14.395110Z  INFO herdr::logging: tab focused event="tab.focus" subsystem="tab" outcome="ok" workspace_id="wB" tab_id="wB:tF"
2026-08-08T15:34:19.398329Z  INFO herdr::logging: session saved event="persist.save" subsystem="persist" outcome="ok" path=/home/btw/.config/herdr/session.json workspaces=4
2026-08-08T15:34:20.060085Z  INFO herdr::logging: tab focused event="tab.focus" subsystem="tab" outcome="ok" workspace_id="wB" tab_id="wB:t1"
2026-08-08T15:34:25.062272Z  INFO herdr::logging: session saved event="persist.save" subsystem="persist" outcome="ok" path=/home/btw/.config/herdr/session.json workspaces=4
2026-08-08T15:34:46.567934Z  INFO herdr::logging: tab focused event="tab.focus" subsystem="tab" outcome="ok" workspace_id="wB" tab_id="wB:tF"
2026-08-08T15:34:51.569995Z  INFO herdr::logging: session saved event="persist.save" subsystem="persist" outcome="ok" path=/home/btw/.config/herdr/session.json workspaces=4
2026-08-08T15:35:01.035801Z  INFO herdr::logging: tab focused event="tab.focus" subsystem="tab" outcome="ok" workspace_id="wB" tab_id="wB:t1"
2026-08-08T15:35:06.038595Z  INFO herdr::logging: session saved event="persist.save" subsystem="persist" outcome="ok" path=/home/btw/.config/herdr/session.json workspaces=4
2026-08-08T15:35:09.573486Z  INFO herdr::logging: tab focused event="tab.focus" subsystem="tab" outcome="ok" workspace_id="wB" tab_id="wB:tF"
2026-08-08T15:35:14.575858Z  INFO herdr::logging: session saved event="persist.save" subsystem="persist" outcome="ok" path=/home/btw/.config/herdr/session.json workspaces=4
2026-08-08T15:35:37.979443Z  INFO herdr::logging: tab focused event="tab.focus" subsystem="tab" outcome="ok" workspace_id="wB" tab_id="wB:t1"
2026-08-08T15:35:42.982038Z  INFO herdr::logging: session saved event="persist.save" subsystem="persist" outcome="ok" path=/home/btw/.config/herdr/session.json workspaces=4
2026-08-08T15:36:27.028682Z  INFO herdr::server::headless: client detached client_id=2
2026-08-08T15:36:27.029395Z  INFO herdr::server::headless: client disconnected client_id=2
2026-08-08T15:36:38.856128Z  INFO herdr::server::headless: client connected client_id=4 cols=173 rows=42 cell_width_px=11 cell_height_px=25 render_encoding=SemanticFrame
2026-08-08T15:43:05.972919Z  INFO herdr::logging: tab focused event="tab.focus" subsystem="tab" outcome="ok" workspace_id="wB" tab_id="wB:tF"
2026-08-08T15:43:10.975238Z  INFO herdr::logging: session saved event="persist.save" subsystem="persist" outcome="ok" path=/home/btw/.config/herdr/session.json workspaces=4
2026-08-08T15:43:13.282942Z  INFO herdr::logging: tab focused event="tab.focus" subsystem="tab" outcome="ok" workspace_id="wB" tab_id="wB:t1"
2026-08-08T15:43:18.284958Z  INFO herdr::logging: session saved event="persist.save" subsystem="persist" outcome="ok" path=/home/btw/.config/herdr/session.json workspaces=4
2026-08-08T15:45:42.247688Z  INFO herdr::logging: workspace focused event="workspace.focus" subsystem="workspace" outcome="ok" workspace_id="wD"
2026-08-08T15:45:42.247728Z  INFO herdr::logging: tab focused event="tab.focus" subsystem="tab" outcome="ok" workspace_id="wD" tab_id="wD:t1"
2026-08-08T15:45:47.250127Z  INFO herdr::logging: session saved event="persist.save" subsystem="persist" outcome="ok" path=/home/btw/.config/herdr/session.json workspaces=4
2026-08-08T15:45:51.447306Z  INFO herdr::logging: workspace focused event="workspace.focus" subsystem="workspace" outcome="ok" workspace_id="wC"
2026-08-08T15:45:51.447340Z  INFO herdr::logging: tab focused event="tab.focus" subsystem="tab" outcome="ok" workspace_id="wC" tab_id="wC:t5"
2026-08-08T15:45:56.450927Z  INFO herdr::logging: session saved event="persist.save" subsystem="persist" outcome="ok" path=/home/btw/.config/herdr/session.json workspaces=4
2026-08-08T16:00:31.948058Z  INFO herdr::logging: checking for updates event="update.check.start" subsystem="update" outcome="started"
2026-08-08T16:10:38.990618Z  INFO herdr::server::headless: client connected client_id=6 cols=173 rows=42 cell_width_px=11 cell_height_px=25 render_encoding=SemanticFrame
2026-08-08T16:10:39.479478Z  INFO herdr::server::headless: client detached client_id=6
2026-08-08T16:10:39.479677Z  INFO herdr::server::headless: client disconnected client_id=6
2026-08-08T16:10:39.546716Z  INFO herdr::server::headless: client resize client_id=4 cols=173 rows=41 cell_width_px=11 cell_height_px=25
2026-08-08T16:14:12.035497Z  INFO herdr::logging: workspace focused event="workspace.focus" subsystem="workspace" outcome="ok" workspace_id="wB"
2026-08-08T16:14:12.035534Z  INFO herdr::logging: tab focused event="tab.focus" subsystem="tab" outcome="ok" workspace_id="wB" tab_id="wB:t1"
2026-08-08T16:14:16.176125Z  INFO herdr::logging: tab focused event="tab.focus" subsystem="tab" outcome="ok" workspace_id="wB" tab_id="wB:tF"
2026-08-08T16:14:17.396074Z  INFO herdr::logging: tab focused event="tab.focus" subsystem="tab" outcome="ok" workspace_id="wB" tab_id="wB:t1"
2026-08-08T16:14:22.398253Z  INFO herdr::logging: session saved event="persist.save" subsystem="persist" outcome="ok" path=/home/btw/.config/herdr/session.json workspaces=4
2026-08-08T16:14:47.175872Z  INFO herdr::logging: tab focused event="tab.focus" subsystem="tab" outcome="ok" workspace_id="wB" tab_id="wB:tF"
2026-08-08T16:14:52.178119Z  INFO herdr::logging: session saved event="persist.save" subsystem="persist" outcome="ok" path=/home/btw/.config/herdr/session.json workspaces=4
2026-08-08T16:15:00.973592Z  INFO herdr::logging: tab focused event="tab.focus" subsystem="tab" outcome="ok" workspace_id="wB" tab_id="wB:t1"
2026-08-08T16:15:05.975828Z  INFO herdr::logging: session saved event="persist.save" subsystem="persist" outcome="ok" path=/home/btw/.config/herdr/session.json workspaces=4
